date,jd,geo_x_au,geo_y_au,geo_lon_deg,geo_distance_au
2020-01-01,2458849.5,-1.1536870338,-1.8549595290,238.1205659075,2.1845047496
2020-01-02,2458850.5,-1.1281070899,-1.8622249283,238.7931665206,2.1773121281
2020-01-03,2458851.5,-1.1024874598,-1.8691235226,239.4661130003,2.1700854651
2020-01-04,2458852.5,-1.0768339061,-1.8756554674,240.1394047597,2.1628253243
2020-01-05,2458853.5,-1.0511521789,-1.8818210165,240.8130411786,2.1555322720
2020-01-06,2458854.5,-1.0254480149,-1.8876205222,241.4870216032,2.1482068773
2020-01-07,2458855.5,-0.9997271347,-1.8930544345,242.1613453460,2.1408497115
2020-01-08,2458856.5,-0.9739952414,-1.8981233008,242.8360116854,2.1334613486
2020-01-09,2458857.5,-0.9482580189,-1.9028277657,243.5110198654,2.1260423646
2020-01-10,2458858.5,-0.9225211295,-1.9071685700,244.1863690954,2.1185933379
2020-01-11,2458859.5,-0.8967902128,-1.9111465505,244.8620585499,2.1111148486
2020-01-12,2458860.5,-0.8710708835,-1.9147626392,245.5380873678,2.1036074792
2020-01-13,2458861.5,-0.8453687294,-1.9180178631,246.2144546524,2.0960718136
2020-01-14,2458862.5,-0.8196893105,-1.9209133429,246.8911594705,2.0885084375
2020-01-15,2458863.5,-0.7940381562,-1.9234502930,247.5682008525,2.0809179384
2020-01-16,2458864.5,-0.7684207643,-1.9256300201,248.2455777912,2.0733009051
2020-01-17,2458865.5,-0.7428425992,-1.9274539230,248.9232892418,2.0656579276
2020-01-18,2458866.5,-0.7173090899,-1.9289234914,249.6013341210,2.0579895974
2020-01-19,2458867.5,-0.6918256286,-1.9300403054,250.2797113066,2.0502965070
2020-01-20,2458868.5,-0.6663975690,-1.9308060344,250.9584196365,2.0425792498
2020-01-21,2458869.5,-0.6410302246,-1.9312224361,251.6374579082,2.0348384202
2020-01-22,2458870.5,-0.6157288672,-1.9312913559,252.3168248782,2.0270746132
2020-01-23,2458871.5,-0.5904987253,-1.9310147256,252.9965192608,2.0192884245
2020-01-24,2458872.5,-0.5653449825,-1.9303945627,253.6765397275,2.0114804504
2020-01-25,2458873.5,-0.5402727761,-1.9294329692,254.3568849062,2.0036512874
2020-01-26,2458874.5,-0.5152871954,-1.9281321304,255.0375533800,1.9958015322
2020-01-27,2458875.5,-0.4903932804,-1.9264943141,255.7185436867,1.9879317818
2020-01-28,2458876.5,-0.4655960202,-1.9245218694,256.3998543169,1.9800426332
2020-01-29,2458877.5,-0.4409003517,-1.9222172253,257.0814837140,1.9721346832
2020-01-30,2458878.5,-0.4163111583,-1.9195828898,257.7634302723,1.9642085282
2020-01-31,2458879.5,-0.3918332682,-1.9166214488,258.4456923360,1.9562647644
2020-02-01,2458880.5,-0.3674714534,-1.9133355644,259.1282681982,1.9483039876
2020-02-02,2458881.5,-0.3432304283,-1.9097279742,259.8111560994,1.9403267928
2020-02-03,2458882.5,-0.3191148483,-1.9058014896,260.4943542261,1.9323337741
2020-02-04,2458883.5,-0.2951293087,-1.9015589947,261.1778607099,1.9243255252
2020-02-05,2458884.5,-0.2712783435,-1.8970034449,261.8616736253,1.9163026383
2020-02-06,2458885.5,-0.2475664240,-1.8921378659,262.5457909889,1.9082657047
2020-02-07,2458886.5,-0.2239979580,-1.8869653515,263.2302107573,1.9002153145
2020-02-08,2458887.5,-0.2005772885,-1.8814890633,263.9149308259,1.8921520562
2020-02-09,2458888.5,-0.1773086925,-1.8757122283,264.5999490271,1.8840765172
2020-02-10,2458889.5,-0.1541963801,-1.8696381383,265.2852631284,1.8759892828
2020-02-11,2458890.5,-0.1312444935,-1.8632701479,265.9708708309,1.8678909368
2020-02-12,2458891.5,-0.1084571061,-1.8566116732,266.6567697671,1.8597820612
2020-02-13,2458892.5,-0.0858382211,-1.8496661905,267.3429574993,1.8516632359
2020-02-14,2458893.5,-0.0633917713,-1.8424372346,268.0294315176,1.8435350386
2020-02-15,2458894.5,-0.0411216177,-1.8349283974,268.7161892375,1.8353980450
2020-02-16,2458895.5,-0.0190315486,-1.8271433265,269.4032279984,1.8272528283
2020-02-17,2458896.5,0.0028747207,-1.8190857235,270.0905450607,1.8190999592
2020-02-18,2458897.5,0.0245935492,-1.8107593424,270.7781376042,1.8109400060
2020-02-19,2458898.5,0.0461213706,-1.8021679883,271.4660027256,1.8027735339
2020-02-20,2458899.5,0.0674546941,-1.7933155158,272.1541374359,1.7946011058
2020-02-21,2458900.5,0.0885901053,-1.7842058274,272.8425386582,1.7864232813
2020-02-22,2458901.5,0.1095242663,-1.7748428717,273.5312032252,1.7782406170
2020-02-23,2458902.5,0.1302539170,-1.7652306422,274.2201278763,1.7700536664
2020-02-24,2458903.5,0.1507758750,-1.7553731757,274.9093092555,1.7618629797
2020-02-25,2458904.5,0.1710870365,-1.7452745503,275.5987439083,1.7536691038
2020-02-26,2458905.5,0.1911843769,-1.7349388844,276.2884282788,1.7454725820
2020-02-27,2458906.5,0.2110649507,-1.7243703346,276.9783587072,1.7372739539
2020-02-28,2458907.5,0.2307258926,-1.7135730943,277.6685314265,1.7290737556
2020-02-29,2458908.5,0.2501644175,-1.7025513925,278.3589425598,1.7208725192
2020-03-01,2458909.5,0.2693778210,-1.6913094913,279.0495881170,1.7126707730
2020-03-02,2458910.5,0.2883634794,-1.6798516854,279.7404639917,1.7044690412
2020-03-03,2458911.5,0.3071188508,-1.6681822995,280.4315659579,1.6962678439
2020-03-04,2458912.5,0.3256414742,-1.6563056875,281.1228896666,1.6880676970
2020-03-05,2458913.5,0.3439289708,-1.6442262304,281.8144306428,1.6798691119
2020-03-06,2458914.5,0.3619790435,-1.6319483352,282.5061842815,1.6716725958
2020-03-07,2458915.5,0.3797894773,-1.6194764326,283.1981458444,1.6634786512
2020-03-08,2458916.5,0.3973581394,-1.6068149762,283.8903104564,1.6552877761
2020-03-09,2458917.5,0.4146829795,-1.5939684405,284.5826731013,1.6471004637
2020-03-10,2458918.5,0.4317620295,-1.5809413195,285.2752286189,1.6389172025
2020-03-11,2458919.5,0.4485934036,-1.5677381249,285.9679717001,1.6307384759
2020-03-12,2458920.5,0.4651752985,-1.5543633851,286.6608968837,1.6225647626
2020-03-13,2458921.5,0.4815059935,-1.5408216430,287.3539985521,1.6143965361
2020-03-14,2458922.5,0.4975838497,-1.5271174548,288.0472709270,1.6062342645
2020-03-15,2458923.5,0.5134073109,-1.5132553887,288.7407080653,1.5980784112
2020-03-16,2458924.5,0.5289749027,-1.4992400229,289.4343038547,1.5899294338
2020-03-17,2458925.5,0.5442852328,-1.4850759446,290.1280520095,1.5817877847
2020-03-18,2458926.5,0.5593369907,-1.4707677481,290.8219460658,1.5736539108
2020-03-19,2458927.5,0.5741289473,-1.4563200336,291.5159793772,1.5655282535
2020-03-20,2458928.5,0.5886599550,-1.4417374057,292.2101451099,1.5574112486
2020-03-21,2458929.5,0.6029289473,-1.4270244718,292.9044362381,1.5493033260
2020-03-22,2458930.5,0.6169349383,-1.4121858409,293.5988455389,1.5412049101
2020-03-23,2458931.5,0.6306770230,-1.3972261218,294.2933655878,1.5331164194
2020-03-24,2458932.5,0.6441543762,-1.3821499223,294.9879887529,1.5250382663
2020-03-25,2458933.5,0.6573662527,-1.3669618473,295.6827071907,1.5169708575
2020-03-26,2458934.5,0.6703119866,-1.3516664975,296.3775128399,1.5089145935
2020-03-27,2458935.5,0.6829909913,-1.3362684682,297.0723974169,1.5008698689
2020-03-28,2458936.5,0.6954027585,-1.3207723479,297.7673524096,1.4928370719
2020-03-29,2458937.5,0.7075468582,-1.3051827170,298.4623690726,1.4848165849
2020-03-30,2458938.5,0.7194229381,-1.2895041464,299.1574384209,1.4768087836
2020-03-31,2458939.5,0.7310307231,-1.2737411962,299.8525512246,1.4688140378
2020-04-01,2458940.5,0.7423700147,-1.2578984146,300.5476980027,1.4608327106
2020-04-02,2458941.5,0.7534406907,-1.2419803365,301.2428690175,1.4528651591
2020-04-03,2458942.5,0.7642427044,-1.2259914821,301.9380542683,1.4449117335
2020-04-04,2458943.5,0.7747760841,-1.2099363561,302.6332434853,1.4369727780
2020-04-05,2458944.5,0.7850409327,-1.1938194462,303.3284261232,1.4290486299
2020-04-06,2458945.5,0.7950374268,-1.1776452219,304.0235913549,1.4211396202
2020-04-07,2458946.5,0.8047658164,-1.1614181334,304.7187280653,1.4132460732
2020-04-08,2458947.5,0.8142264237,-1.1451426104,305.4138248439,1.4053683067
2020-04-09,2458948.5,0.8234196433,-1.1288230613,306.1088699788,1.3975066315
2020-04-10,2458949.5,0.8323459409,-1.1124638716,306.8038514494,1.3896613522
2020-04-11,2458950.5,0.8410058525,-1.0960694029,307.4987569197,1.3818327664
2020-04-12,2458951.5,0.8493999844,-1.0796439923,308.1935737309,1.3740211650
2020-04-13,2458952.5,0.8575290118,-1.0631919507,308.8882888944,1.3662268322
2020-04-14,2458953.5,0.8653936784,-1.0467175621,309.5828890844,1.3584500455
2020-04-15,2458954.5,0.8729947956,-1.0302250828,310.2773606301,1.3506910755
2020-04-16,2458955.5,0.8803332419,-1.0137187398,310.9716895086,1.3429501862
2020-04-17,2458956.5,0.8874099616,-0.9972027305,311.6658613366,1.3352276345
2020-04-18,2458957.5,0.8942259649,-0.9806812213,312.3598613627,1.3275236708
2020-04-19,2458958.5,0.9007823262,-0.9641583468,313.0536744597,1.3198385385
2020-04-20,2458959.5,0.9070801841,-0.9476382087,313.7472851156,1.3121724742
2020-04-21,2458960.5,0.9131207400,-0.9311248754,314.4406774261,1.3045257078
2020-04-22,2458961.5,0.9189052577,-0.9146223807,315.1338350854,1.2968984624
2020-04-23,2458962.5,0.9244350621,-0.8981347229,315.8267413780,1.2892909541
2020-04-24,2458963.5,0.9297115391,-0.8816658642,316.5193791698,1.2817033924
2020-04-25,2458964.5,0.9347361340,-0.8652197298,317.2117308987,1.2741359799
2020-04-26,2458965.5,0.9395103512,-0.8488002071,317.9037785662,1.2665889127
2020-04-27,2458966.5,0.9440357530,-0.8324111449,318.5955037273,1.2590623797
2020-04-28,2458967.5,0.9483139591,-0.8160563527,319.2868874813,1.2515565636
2020-04-29,2458968.5,0.9523466453,-0.7997395996,319.9779104624,1.2440716400
2020-04-30,2458969.5,0.9561355429,-0.7834646143,320.6685528293,1.2366077780
2020-05-01,2458970.5,0.9596824380,-0.7672350837,321.3587942554,1.2291651402
2020-05-02,2458971.5,0.9629891701,-0.7510546526,322.0486139185,1.2217438822
2020-05-03,2458972.5,0.9660576319,-0.7349269228,322.7379904901,1.2143441534
2020-05-04,2458973.5,0.9688897677,-0.7188554526,323.4269021251,1.2069660967
2020-05-05,2458974.5,0.9714875732,-0.7028437561,324.1153264506,1.1996098482
2020-05-06,2458975.5,0.9738530938,-0.6868953028,324.8032405547,1.1922755378
2020-05-07,2458976.5,0.9759884248,-0.6710135164,325.4906209752,1.1849632890
2020-05-08,2458977.5,0.9778957093,-0.6552017750,326.1774436882,1.1776732190
2020-05-09,2458978.5,0.9795771381,-0.6394634100,326.8636840958,1.1704054386
2020-05-10,2458979.5,0.9810349488,-0.6238017057,327.5493170143,1.1631600526
2020-05-11,2458980.5,0.9822714244,-0.6082198988,328.2343166617,1.1559371595
2020-05-12,2458981.5,0.9832888927,-0.5927211778,328.9186566450,1.1487368518
2020-05-13,2458982.5,0.9840897256,-0.5773086827,329.6023099475,1.1415592159
2020-05-14,2458983.5,0.9846763375,-0.5619855042,330.2852489149,1.1344043326
2020-05-15,2458984.5,0.9850511855,-0.5467546836,330.9674452427,1.1272722764
2020-05-16,2458985.5,0.9852167672,-0.5316192119,331.6488699616,1.1201631165
2020-05-17,2458986.5,0.9851756211,-0.5165820298,332.3294934236,1.1130769161
2020-05-18,2458987.5,0.9849303244,-0.5016460271,333.0092852875,1.1060137330
2020-05-19,2458988.5,0.9844834932,-0.4868140422,333.6882145040,1.0989736196
2020-05-20,2458989.5,0.9838377811,-0.4720888619,334.3662493004,1.0919566228
2020-05-21,2458990.5,0.9829958780,-0.4574732207,335.0433571652,1.0849627843
2020-05-22,2458991.5,0.9819605099,-0.4429698009,335.7195048321,1.0779921407
2020-05-23,2458992.5,0.9807344375,-0.4285812318,336.3946582633,1.0710447235
2020-05-24,2458993.5,0.9793204553,-0.4143100896,337.0687826334,1.0641205593
2020-05-25,2458994.5,0.9777213911,-0.4001588971,337.7418423113,1.0572196700
2020-05-26,2458995.5,0.9759401047,-0.3861301233,338.4138008435,1.0503420729
2020-05-27,2458996.5,0.9739794870,-0.3722261831,339.0846209353,1.0434877806
2020-05-28,2458997.5,0.9718424595,-0.3584494370,339.7542644326,1.0366568014
2020-05-29,2458998.5,0.9695319730,-0.3448021908,340.4226923028,1.0298491396
2020-05-30,2458999.5,0.9670510069,-0.3312866956,341.0898646150,1.0230647951
2020-05-31,2459000.5,0.9644025684,-0.3179051472,341.7557405203,1.0163037642
2020-06-01,2459001.5,0.9615896912,-0.3046596859,342.4202782310,1.0095660393
2020-06-02,2459002.5,0.9586154354,-0.2915523967,343.0834349995,1.0028516092
2020-06-03,2459003.5,0.9554828856,-0.2785853083,343.7451670965,0.9961604593
2020-06-04,2459004.5,0.9521951509,-0.2657603938,344.4054297887,0.9894925721
2020-06-05,2459005.5,0.9487553636,-0.2530795698,345.0641773158,0.9828479266
2020-06-06,2459006.5,0.9451666783,-0.2405446966,345.7213628673,0.9762264993
2020-06-07,2459007.5,0.9414322714,-0.2281575777,346.3769385575,0.9696282641
2020-06-08,2459008.5,0.9375553398,-0.2159199601,347.0308554015,0.9630531922
2020-06-09,2459009.5,0.9335391001,-0.2038335336,347.6830632891,0.9565012530
2020-06-10,2459010.5,0.9293867880,-0.1918999313,348.3335109585,0.9499724136
2020-06-11,2459011.5,0.9251016573,-0.1801207287,348.9821459696,0.9434666395
2020-06-12,2459012.5,0.9206869788,-0.1684974442,349.6289146758,0.9369838948
2020-06-13,2459013.5,0.9161460401,-0.1570315387,350.2737621957,0.9305241422
2020-06-14,2459014.5,0.9114821437,-0.1457244156,350.9166323837,0.9240873434
2020-06-15,2459015.5,0.9066986074,-0.1345774206,351.5574677997,0.9176734596
2020-06-16,2459016.5,0.9017987623,-0.1235918416,352.1962096784,0.9112824511
2020-06-17,2459017.5,0.8967859527,-0.1127689087,352.8327978969,0.9049142786
2020-06-18,2459018.5,0.8916635351,-0.1021097943,353.4671709422,0.8985689024
2020-06-19,2459019.5,0.8864348770,-0.0916156126,354.0992658778,0.8922462836
2020-06-20,2459020.5,0.8811033566,-0.0812874199,354.7290183085,0.8859463838
2020-06-21,2459021.5,0.8756723616,-0.0711262142,355.3563623453,0.8796691657
2020-06-22,2459022.5,0.8701452883,-0.0611329358,355.9812305688,0.8734145933
2020-06-23,2459023.5,0.8645255411,-0.0513084666,356.6035539914,0.8671826327
2020-06-24,2459024.5,0.8588165315,-0.0416536302,357.2232620193,0.8609732515
2020-06-25,2459025.5,0.8530216772,-0.0321691924,357.8402824126,0.8547864201
2020-06-26,2459026.5,0.8471444012,-0.0228558604,358.4545412451,0.8486221117
2020-06-27,2459027.5,0.8411881313,-0.0137142835,359.0659628622,0.8424803026
2020-06-28,2459028.5,0.8351562989,-0.0047450526,359.6744698390,0.8363609727
2020-06-29,2459029.5,0.8290523384,0.0040512994,0.2799829358,0.8302641060
2020-06-30,2459030.5,0.8228796863,0.0126742979,0.8824210543,0.8241896908
2020-07-01,2459031.5,0.8166417803,0.0211235264,1.4817011911,0.8181377203
2020-07-02,2459032.5,0.8103420588,0.0293986265,2.0777383909,0.8121081933
2020-07-03,2459033.5,0.8039839595,0.0374992979,2.6704456992,0.8061011140
2020-07-04,2459034.5,0.7975709192,0.0454252983,3.2597341127,0.8001164931
2020-07-05,2459035.5,0.7911063725,0.0531764432,3.8455125298,0.7941543480
2020-07-06,2459036.5,0.7845937512,0.0607526062,4.4276876995,0.7882147035
2020-07-07,2459037.5,0.7780364834,0.0681537187,5.0061641697,0.7822975922
2020-07-08,2459038.5,0.7714379929,0.0753797697,5.5808442341,0.7764030549
2020-07-09,2459039.5,0.7648016981,0.0824308060,6.1516278786,0.7705311415
2020-07-10,2459040.5,0.7581310111,0.0893069318,6.7184127272,0.7646819115
2020-07-11,2459041.5,0.7514293372,0.0960083091,7.2810939862,0.7588554343
2020-07-12,2459042.5,0.7447000742,0.1025351568,7.8395643887,0.7530517903
2020-07-13,2459043.5,0.7379466107,0.1088877514,8.3937141376,0.7472710710
2020-07-14,2459044.5,0.7311723265,0.1150664263,8.9434308493,0.7415133803
2020-07-15,2459045.5,0.7243805908,0.1210715721,9.4885994957,0.7357788346
2020-07-16,2459046.5,0.7175747619,0.1269036360,10.0291023470,0.7300675638
2020-07-17,2459047.5,0.7107581860,0.1325631221,10.5648189137,0.7243797120
2020-07-18,2459048.5,0.7039341970,0.1380505908,11.0956258896,0.7187154382
2020-07-19,2459049.5,0.6971061148,0.1433666592,11.6213970939,0.7130749171
2020-07-20,2459050.5,0.6902772453,0.1485120004,12.1420034146,0.7074583398
2020-07-21,2459051.5,0.6834508791,0.1534873435,12.6573127529,0.7018659151
2020-07-22,2459052.5,0.6766302908,0.1582934735,13.1671899678,0.6962978694
2020-07-23,2459053.5,0.6698187381,0.1629312310,13.6714968223,0.6907544487
2020-07-24,2459054.5,0.6630194610,0.1674015121,14.1700919321,0.6852359187
2020-07-25,2459055.5,0.6562356813,0.1717052681,14.6628307150,0.6797425658
2020-07-26,2459056.5,0.6494706011,0.1758435052,15.1495653437,0.6742746986
2020-07-27,2459057.5,0.6427274026,0.1798172843,15.6301447012,0.6688326483
2020-07-28,2459058.5,0.6360092469,0.1836277210,16.1044143398,0.6634167701
2020-07-29,2459059.5,0.6293192733,0.1872759850,16.5722164436,0.6580274439
2020-07-30,2459060.5,0.6226605985,0.1907633000,17.0333897963,0.6526650757
2020-07-31,2459061.5,0.6160363156,0.1940909434,17.4877697535,0.6473300985
2020-08-01,2459062.5,0.6094494935,0.1972602461,17.9351882215,0.6420229736
2020-08-02,2459063.5,0.6029031759,0.2002725920,18.3754736427,0.6367441917
2020-08-03,2459064.5,0.5964003805,0.2031294179,18.8084509884,0.6314942737
2020-08-04,2459065.5,0.5899440981,0.2058322131,19.2339417606,0.6262737727
2020-08-05,2459066.5,0.5835372919,0.2083825189,19.6517640029,0.6210832746
2020-08-06,2459067.5,0.5771828966,0.2107819287,20.0617323225,0.6159233998
2020-08-07,2459068.5,0.5708838176,0.2130320871,20.4636579238,0.6107948041
2020-08-08,2459069.5,0.5646429299,0.2151346900,20.8573486552,0.6056981804
2020-08-09,2459070.5,0.5584630778,0.2170914838,21.2426090708,0.6006342599
2020-08-10,2459071.5,0.5523470735,0.2189042656,21.6192405074,0.5956038134
2020-08-11,2459072.5,0.5462976966,0.2205748820,21.9870411799,0.5906076530
2020-08-12,2459073.5,0.5403176931,0.2221052294,22.3458062956,0.5856466332
2020-08-13,2459074.5,0.5344097746,0.2234972532,22.6953281898,0.5807216524
2020-08-14,2459075.5,0.5285766176,0.2247529474,23.0353964844,0.5758336546
2020-08-15,2459076.5,0.5228208624,0.2258743543,23.3657982717,0.5709836307
2020-08-16,2459077.5,0.5171451127,0.2268635638,23.6863183254,0.5661726198
2020-08-17,2459078.5,0.5115519340,0.2277227131,23.9967393414,0.5614017110
2020-08-18,2459079.5,0.5060438538,0.2284539861,24.2968422101,0.5566720447
2020-08-19,2459080.5,0.5006233597,0.2290596130,24.5864063236,0.5519848139
2020-08-20,2459081.5,0.4952928995,0.2295418696,24.8652099197,0.5473412661
2020-08-21,2459082.5,0.4900548797,0.2299030768,25.1330304653,0.5427427042
2020-08-22,2459083.5,0.4849116651,0.2301456004,25.3896450826,0.5381904883
2020-08-23,2459084.5,0.4798655777,0.2302718499,25.6348310200,0.5336860368
2020-08-24,2459085.5,0.4749188960,0.2302842784,25.8683661716,0.5292308276
2020-08-25,2459086.5,0.4700738542,0.2301853817,26.0900296468,0.5248263997
2020-08-26,2459087.5,0.4653326415,0.2299776980,26.2996023934,0.5204743540
2020-08-27,2459088.5,0.4606974009,0.2296638070,26.4968678773,0.5161763546
2020-08-28,2459089.5,0.4561702289,0.2292463293,26.6816128209,0.5119341296
2020-08-29,2459090.5,0.4517531743,0.2287279257,26.8536280018,0.5077494720
2020-08-30,2459091.5,0.4474482376,0.2281112969,27.0127091162,0.5036242402
2020-08-31,2459092.5,0.4432573701,0.2273991820,27.1586577059,0.4995603591
2020-09-01,2459093.5,0.4391824735,0.2265943586,27.2912821528,0.4955598198
2020-09-02,2459094.5,0.4352253984,0.2256996417,27.4103987412,0.4916246801
2020-09-03,2459095.5,0.4313879442,0.2247178828,27.5158327874,0.4877570646
2020-09-04,2459096.5,0.4276718581,0.2236519696,27.6074198380,0.4839591642
2020-09-05,2459097.5,0.4240788340,0.2225048245,27.6850069350,0.4802332355
2020-09-06,2459098.5,0.4206105125,0.2212794047,27.7484539459,0.4765816003
2020-09-07,2459099.5,0.4172684794,0.2199787005,27.7976349570,0.4730066439
2020-09-08,2459100.5,0.4140542655,0.2186057350,27.8324397250,0.4695108144
2020-09-09,2459101.5,0.4109693457,0.2171635633,27.8527751828,0.4660966202
2020-09-10,2459102.5,0.4080151380,0.2156552711,27.8585669922,0.4627666282
2020-09-11,2459103.5,0.4051930033,0.2140839743,27.8497611371,0.4595234607
2020-09-12,2459104.5,0.4025042445,0.2124528181,27.8263255467,0.4563697930
2020-09-13,2459105.5,0.3999501056,0.2107649756,27.7882517392,0.4533083494
2020-09-14,2459106.5,0.3975317712,0.2090236473,27.7355564723,0.4503418995
2020-09-15,2459107.5,0.3952503661,0.2072320600,27.6682833872,0.4474732534
2020-09-16,2459108.5,0.3931069543,0.2053934659,27.5865046303,0.4447052573
2020-09-17,2459109.5,0.3911025382,0.2035111414,27.4903224353,0.4420407872
2020-09-18,2459110.5,0.3892380588,0.2015883863,27.3798706459,0.4394827439
2020-09-19,2459111.5,0.3875143940,0.1996285227,27.2553161604,0.4370340457
2020-09-20,2459112.5,0.3859323588,0.1976348937,27.1168602744,0.4346976219
2020-09-21,2459113.5,0.3844927046,0.1956108628,26.9647399015,0.4324764049
2020-09-22,2459114.5,0.3831961184,0.1935598127,26.7992286463,0.4303733226
2020-09-23,2459115.5,0.3820432222,0.1914851437,26.6206377080,0.4283912896
2020-09-24,2459116.5,0.3810345729,0.1893902733,26.4293165894,0.4265331989
2020-09-25,2459117.5,0.3801706615,0.1872786346,26.2256535893,0.4248019119
2020-09-26,2459118.5,0.3794519125,0.1851536752,26.0100760557,0.4232002496
2020-09-27,2459119.5,0.3788786836,0.1830188563,25.7830503791,0.4217309824
2020-09-28,2459120.5,0.3784512654,0.1808776513,25.5450817084,0.4203968202
2020-09-29,2459121.5,0.3781698805,0.1787335444,25.2967133722,0.4192004024
2020-09-30,2459122.5,0.3780346834,0.1765900300,25.0385259951,0.4181442872
2020-10-01,2459123.5,0.3780457603,0.1744506108,24.7711362980,0.4172309424
2020-10-02,2459124.5,0.3782031282,0.1723187970,24.4951955805,0.4164627343
2020-10-03,2459125.5,0.3785067349,0.1701981049,24.2113878844,0.4158419188
2020-10-04,2459126.5,0.3789564586,0.1680920555,23.9204278431,0.4153706314
2020-10-05,2459127.5,0.3795521076,0.1660041735,23.6230582296,0.4150508786
2020-10-06,2459128.5,0.3802934200,0.1639379858,23.3200472176,0.4148845287
2020-10-07,2459129.5,0.3811800633,0.1618970200,23.0121853763,0.4148733046
2020-10-08,2459130.5,0.3822116345,0.1598848038,22.7002824269,0.4150187761
2020-10-09,2459131.5,0.3833876594,0.1579048626,22.3851637906,0.4153223533
2020-10-10,2459132.5,0.3847075928,0.1559607192,22.0676669630,0.4157852816
2020-10-11,2459133.5,0.3861708184,0.1540558916,21.7486377541,0.4164086361
2020-10-12,2459134.5,0.3877766482,0.1521938922,21.4289264353,0.4171933185
2020-10-13,2459135.5,0.3895243228,0.1503782262,21.1093838359,0.4181400540
2020-10-14,2459136.5,0.3914130110,0.1486123901,20.7908574357,0.4192493894
2020-10-15,2459137.5,0.3934418101,0.1468998705,20.4741874949,0.4205216928
2020-10-16,2459138.5,0.3956097456,0.1452441426,20.1602032689,0.4219571535
2020-10-17,2459139.5,0.3979157714,0.1436486688,19.8497193463,0.4235557831
2020-10-18,2459140.5,0.4003587695,0.1421168972,19.5435321526,0.4253174183
2020-10-19,2459141.5,0.4029375504,0.1406522604,19.2424166533,0.4272417239
2020-10-20,2459142.5,0.4056508529,0.1392581736,18.9471232897,0.4293281967
2020-10-21,2459143.5,0.4084973445,0.1379380339,18.6583751741,0.4315761707
2020-10-22,2459144.5,0.4114756213,0.1366952180,18.3768655670,0.4339848226
2020-10-23,2459145.5,0.4145842085,0.1355330814,18.1032556539,0.4365531783
2020-10-24,2459146.5,0.4178215599,0.1344549565,17.8381726327,0.4392801196
2020-10-25,2459147.5,0.4211860591,0.1334641516,17.5822081194,0.4421643921
2020-10-26,2459148.5,0.4246760191,0.1325639489,17.3359168724,0.4452046128
2020-10-27,2459149.5,0.4282896826,0.1317576037,17.0998158338,0.4483992783
2020-10-28,2459150.5,0.4320252227,0.1310483421,16.8743834786,0.4517467734
2020-10-29,2459151.5,0.4358807432,0.1304393602,16.6600594609,0.4552453796
2020-10-30,2459152.5,0.4398542785,0.1299338227,16.4572445422,0.4588932840
2020-10-31,2459153.5,0.4439437946,0.1295348606,16.2663007837,0.4626885876
2020-11-01,2459154.5,0.4481471895,0.1292455709,16.0875519830,0.4666293146
2020-11-02,2459155.5,0.4524622932,0.1290690141,15.9212843330,0.4707134200
2020-11-03,2459156.5,0.4568868689,0.1290082136,15.7677472802,0.4749387988
2020-11-04,2459157.5,0.4614186130,0.1290661534,15.6271545586,0.4793032934
2020-11-05,2459158.5,0.4660551561,0.1292457776,15.4996853766,0.4838047019
2020-11-06,2459159.5,0.4707940633,0.1295499882,15.3854857315,0.4884407851
2020-11-07,2459160.5,0.4756328350,0.1299816441,15.2846698310,0.4932092737
2020-11-08,2459161.5,0.4805689077,0.1305435593,15.1973215983,0.4981078754
2020-11-09,2459162.5,0.4855996546,0.1312385020,15.1234962401,0.5031342807
2020-11-10,2459163.5,0.4907223864,0.1320691930,15.0632218599,0.5082861693
2020-11-11,2459164.5,0.4959343519,0.1330383038,15.0165010966,0.5135612150
2020-11-12,2459165.5,0.5012327392,0.1341484563,14.9833127735,0.5189570917
2020-11-13,2459166.5,0.5066146763,0.1354022202,14.9636135437,0.5244714770
2020-11-14,2459167.5,0.5120772319,0.1368021126,14.9573395178,0.5301020576
2020-11-15,2459168.5,0.5176174167,0.1383505964,14.9644078632,0.5358465324
2020-11-16,2459169.5,0.5232321840,0.1400500786,14.9847183664,0.5417026163
2020-11-17,2459170.5,0.5289184307,0.1419029094,15.0181549485,0.5476680433
2020-11-18,2459171.5,0.5346729986,0.1439113810,15.0645871291,0.5537405693
2020-11-19,2459172.5,0.5404926751,0.1460777260,15.1238714316,0.5599179749
2020-11-20,2459173.5,0.5463741947,0.1484041161,15.1958527274,0.5661980668
2020-11-21,2459174.5,0.5523142396,0.1508926615,15.2803655148,0.5725786804
2020-11-22,2459175.5,0.5583094412,0.1535454087,15.3772351314,0.5790576808
2020-11-23,2459176.5,0.5643563814,0.1563643403,15.4862788983,0.5856329648
2020-11-24,2459177.5,0.5704515932,0.1593513732,15.6073071967,0.5923024611
2020-11-25,2459178.5,0.5765915627,0.1625083577,15.7401244759,0.5990641320
2020-11-26,2459179.5,0.5827727297,0.1658370762,15.8845301949,0.6059159735
2020-11-27,2459180.5,0.5889914894,0.1693392423,16.0403196984,0.6128560159
2020-11-28,2459181.5,0.5952441937,0.1730164997,16.2072850286,0.6198823243
2020-11-29,2459182.5,0.6015271521,0.1768704211,16.3852156757,0.6269929986
2020-11-30,2459183.5,0.6078366339,0.1809025072,16.5738992689,0.6341861734
2020-12-01,2459184.5,0.6141688686,0.1851141856,16.7731222105,0.6414600181
2020-12-02,2459185.5,0.6205200481,0.1895068100,16.9826702560,0.6488127367
2020-12-03,2459186.5,0.6268863280,0.1940816592,17.2023290425,0.6562425673
2020-12-04,2459187.5,0.6332638288,0.1988399364,17.4318845687,0.6637477818
2020-12-05,2459188.5,0.6396486374,0.2037827678,17.6711236289,0.6713266854
2020-12-06,2459189.5,0.6460368092,0.2089112023,17.9198342037,0.6789776163
2020-12-07,2459190.5,0.6524243687,0.2142262104,18.1778058109,0.6866989447
2020-12-08,2459191.5,0.6588073120,0.2197286837,18.4448298184,0.6944890725
2020-12-09,2459192.5,0.6651816078,0.2254194338,18.7206997220,0.7023464326
2020-12-10,2459193.5,0.6715431992,0.2312991918,19.0052113905,0.7102694878
2020-12-11,2459194.5,0.6778880052,0.2373686076,19.2981632812,0.7182567309
2020-12-12,2459195.5,0.6842119227,0.2436282493,19.5993566269,0.7263066830
2020-12-13,2459196.5,0.6905108275,0.2500786025,19.9085955975,0.7344178934
2020-12-14,2459197.5,0.6967805766,0.2567200698,20.2256874382,0.7425889388
2020-12-15,2459198.5,0.7030170098,0.2635529703,20.5504425856,0.7508184220
2020-12-16,2459199.5,0.7092159511,0.2705775391,20.8826747646,0.7591049718
2020-12-17,2459200.5,0.7153732105,0.2777939266,21.2222010664,0.7674472418
2020-12-18,2459201.5,0.7214845859,0.2852021985,21.5688420109,0.7758439098
2020-12-19,2459202.5,0.7275458649,0.2928023353,21.9224215938,0.7842936769
2020-12-20,2459203.5,0.7335528263,0.3005942317,22.2827673200,0.7927952671
2020-12-21,2459204.5,0.7395012420,0.3085776965,22.6497102254,0.8013474261
2020-12-22,2459205.5,0.7453868786,0.3167524524,23.0230848867,0.8099489210
2020-12-23,2459206.5,0.7512054997,0.3251181356,23.4027294226,0.8185985391
2020-12-24,2459207.5,0.7569528669,0.3336742959,23.7884854849,0.8272950879
2020-12-25,2459208.5,0.7626247425,0.3424203961,24.1801982430,0.8360373937
2020-12-26,2459209.5,0.7682168903,0.3513558125,24.5777163603,0.8448243015
2020-12-27,2459210.5,0.7737250784,0.3604798343,24.9808919650,0.8536546739
2020-12-28,2459211.5,0.7791450802,0.3697916638,25.3895806156,0.8625273909
2020-12-29,2459212.5,0.7844726767,0.3792904165,25.8036412613,0.8714413492
2020-12-30,2459213.5,0.7897036580,0.3889751211,26.2229361984,0.8803954613
2020-12-31,2459214.5,0.7948338256,0.3988447196,26.6473310231,0.8893886553
2021-01-01,2459215.5,0.7998589934,0.4088980672,27.0766945814,0.8984198741
2021-01-02,2459216.5,0.8047749902,0.4191339329,27.5108989165,0.9074880752
2021-01-03,2459217.5,0.8095776614,0.4295509997,27.9498192137,0.9165922297
2021-01-04,2459218.5,0.8142628705,0.4401478644,28.3933337438,0.9257313225
2021-01-05,2459219.5,0.8188265010,0.4509230383,28.8413238052,0.9349043510
2021-01-06,2459220.5,0.8232644583,0.4618749475,29.2936736642,0.9441103253
2021-01-07,2459221.5,0.8275726714,0.4730019332,29.7502704960,0.9533482676
2021-01-08,2459222.5,0.8317470949,0.4843022523,30.2110043233,0.9626172116
2021-01-09,2459223.5,0.8357837101,0.4957740775,30.6757679556,0.9719162023
2021-01-10,2459224.5,0.8396785277,0.5074154982,31.1444569287,0.9812442955
2021-01-11,2459225.5,0.8434275886,0.5192245209,31.6169694432,0.9906005575
2021-01-12,2459226.5,0.8470269662,0.5311990695,32.0932063041,0.9999840647
2021-01-13,2459227.5,0.8504727681,0.5433369866,32.5730708603,1.0093939034
2021-01-14,2459228.5,0.8537611375,0.5556360334,33.0564689447,1.0188291693
2021-01-15,2459229.5,0.8568882550,0.5680938910,33.5433088149,1.0282889673
2021-01-16,2459230.5,0.8598503404,0.5807081606,34.0335010946,1.0377724111
2021-01-17,2459231.5,0.8626436543,0.5934763647,34.5269587158,1.0472786231
2021-01-18,2459232.5,0.8652644994,0.6063959479,35.0235968616,1.0568067341
2021-01-19,2459233.5,0.8677092228,0.6194642773,35.5233329103,1.0663558829
2021-01-20,2459234.5,0.8699742167,0.6326786438,36.0260863798,1.0759252160
2021-01-21,2459235.5,0.8720559208,0.6460362629,36.5317788741,1.0855138879
2021-01-22,2459236.5,0.8739508233,0.6595342757,37.0403340293,1.0951210602
2021-01-23,2459237.5,0.8756554628,0.6731697497,37.5516774622,1.1047459019
2021-01-24,2459238.5,0.8771664293,0.6869396798,38.0657367189,1.1143875889
2021-01-25,2459239.5,0.8784803663,0.7008409898,38.5824412246,1.1240453039
2021-01-26,2459240.5,0.8795939717,0.7148705329,39.1017222355,1.1337182363
2021-01-27,2459241.5,0.8805039997,0.7290250930,39.6235127901,1.1434055822
2021-01-28,2459242.5,0.8812072617,0.7433013861,40.1477476635,1.1531065438
2021-01-29,2459243.5,0.8817006282,0.7576960610,40.6743633210,1.1628203294
2021-01-30,2459244.5,0.8819810297,0.7722057009,41.2032978744,1.1725461537
2021-01-31,2459245.5,0.8820454582,0.7868268244,41.7344910381,1.1822832370
2021-02-01,2459246.5,0.8818909687,0.8015558868,42.2678840874,1.1920308057
2021-02-02,2459247.5,0.8815146799,0.8163892814,42.8034198167,1.2017880916
2021-02-03,2459248.5,0.8809137762,0.8313233407,43.3410425000,1.2115543322
2021-02-04,2459249.5,0.8800855082,0.8463543379,43.8806978515,1.2213287706
2021-02-05,2459250.5,0.8790271942,0.8614784882,44.4223329877,1.2311106550
2021-02-06,2459251.5,0.8777362213,0.8766919499,44.9658963905,1.2408992392
2021-02-07,2459252.5,0.8762100465,0.8919908262,45.5113378708,1.2506937821
2021-02-08,2459253.5,0.8744461979,0.9073711664,46.0586085342,1.2604935475
2021-02-09,2459254.5,0.8724422754,0.9228289671,46.6076607461,1.2702978047
2021-02-10,2459255.5,0.8701959520,0.9383601743,47.1584480993,1.2801058275
2021-02-11,2459256.5,0.8677049746,0.9539606843,47.7109253812,1.2899168951
2021-02-12,2459257.5,0.8649671654,0.9696263452,48.2650485432,1.2997302911
2021-02-13,2459258.5,0.8619804219,0.9853529588,48.8207746695,1.3095453044
2021-02-14,2459259.5,0.8587427187,1.0011362817,49.3780619482,1.3193612282
2021-02-15,2459260.5,0.8552521078,1.0169720273,49.9368696421,1.3291773606
2021-02-16,2459261.5,0.8515067196,1.0328558667,50.4971580612,1.3389930045
2021-02-17,2459262.5,0.8475047637,1.0487834310,51.0588885351,1.3488074673
2021-02-18,2459263.5,0.8432445293,1.0647503123,51.6220233873,1.3586200609
2021-02-19,2459264.5,0.8387243866,1.0807520654,52.1865259090,1.3684301018
2021-02-20,2459265.5,0.8339427865,1.0967842097,52.7523603344,1.3782369112
2021-02-21,2459266.5,0.8288982622,1.1128422306,53.3194918171,1.3880398145
2021-02-22,2459267.5,0.8235894291,1.1289215809,53.8878864058,1.3978381418
2021-02-23,2459268.5,0.8180149857,1.1450176828,54.4575110221,1.4076312275
2021-02-24,2459269.5,0.8121737140,1.1611259293,55.0283334383,1.4174184105
2021-02-25,2459270.5,0.8060644800,1.1772416860,55.6003222557,1.4271990341
2021-02-26,2459271.5,0.7996862343,1.1933602924,56.1734468840,1.4369724458
2021-02-27,2459272.5,0.7930380121,1.2094770641,56.7476775209,1.4467379977
2021-02-28,2459273.5,0.7861189342,1.2255872939,57.3229851325,1.4564950461
2021-03-01,2459274.5,0.7789282069,1.2416862536,57.8993414340,1.4662429517
2021-03-02,2459275.5,0.7714651224,1.2577691961,58.4767188712,1.4759810794
2021-03-03,2459276.5,0.7637290591,1.2738313563,59.0550906029,1.4857087985
2021-03-04,2459277.5,0.7557194820,1.2898679533,59.6344304826,1.4954254825
2021-03-05,2459278.5,0.7474359425,1.3058741920,60.2147130421,1.5051305094
2021-03-06,2459279.5,0.7388780791,1.3218452645,60.7959134747,1.5148232612
2021-03-07,2459280.5,0.7300456172,1.3377763518,61.3780076190,1.5245031244
2021-03-08,2459281.5,0.7209383694,1.3536626258,61.9609719439,1.5341694895
2021-03-09,2459282.5,0.7115562351,1.3694992505,62.5447835325,1.5438217515
2021-03-10,2459283.5,0.7018992015,1.3852813839,63.1294200682,1.5534593095
2021-03-11,2459284.5,0.6919673425,1.4010041796,63.7148598200,1.5630815668
2021-03-12,2459285.5,0.6817608194,1.4166627882,64.3010816284,1.5726879312
2021-03-13,2459286.5,0.6712798809,1.4322523593,64.8880648924,1.5822778144
2021-03-14,2459287.5,0.6605248623,1.4477680429,65.4757895557,1.5918506325
2021-03-15,2459288.5,0.6494961862,1.4632049909,66.0642360945,1.6014058058
2021-03-16,2459289.5,0.6381943619,1.4785583590,66.6533855046,1.6109427587
2021-03-17,2459290.5,0.6266199853,1.4938233080,67.2432192895,1.6204609201
2021-03-18,2459291.5,0.6147737386,1.5089950055,67.8337194488,1.6299597228
2021-03-19,2459292.5,0.6026563905,1.5240686277,68.4248684666,1.6394386040
2021-03-20,2459293.5,0.5902687954,1.5390393604,69.0166493000,1.6488970049
2021-03-21,2459294.5,0.5776118932,1.5539024010,69.6090453692,1.6583343711
2021-03-22,2459295.5,0.5646867094,1.5686529601,70.2020405459,1.6677501524
2021-03-23,2459296.5,0.5514943542,1.5832862627,70.7956191440,1.6771438025
2021-03-24,2459297.5,0.5380360224,1.5977975497,71.3897659088,1.6865147797
2021-03-25,2459298.5,0.5243129931,1.6121820798,71.9844660079,1.6958625461
2021-03-26,2459299.5,0.5103266290,1.6264351307,72.5797050215,1.7051865682
2021-03-27,2459300.5,0.4960783761,1.6405520006,73.1754689333,1.7144863167
2021-03-28,2459301.5,0.4815697632,1.6545280095,73.7717441214,1.7237612663
2021-03-29,2459302.5,0.4668024013,1.6683585011,74.3685173495,1.7330108959
2021-03-30,2459303.5,0.4517779833,1.6820388437,74.9657757588,1.7422346886
2021-03-31,2459304.5,0.4364982832,1.6955644320,75.5635068594,1.7514321317
2021-04-01,2459305.5,0.4209651556,1.7089306883,76.1616985223,1.7606027165
2021-04-02,2459306.5,0.4051805351,1.7221330639,76.7603389715,1.7697459386
2021-04-03,2459307.5,0.3891464358,1.7351670405,77.3594167766,1.7788612975
2021-04-04,2459308.5,0.3728649503,1.7480281316,77.9589208448,1.7879482971
2021-04-05,2459309.5,0.3563382495,1.7607118836,78.5588404144,1.7970064453
2021-04-06,2459310.5,0.3395685816,1.7732138774,79.1591650471,1.8060352539
2021-04-07,2459311.5,0.3225582714,1.7855297296,79.7598846211,1.8150342390
2021-04-08,2459312.5,0.3053097198,1.7976550936,80.3609893247,1.8240029209
2021-04-09,2459313.5,0.2878254027,1.8095856611,80.9624696497,1.8329408237
2021-04-10,2459314.5,0.2701078706,1.8213171631,81.5643163846,1.8418474758
2021-04-11,2459315.5,0.2521597475,1.8328453715,82.1665206087,1.8507224094
2021-04-12,2459316.5,0.2339837304,1.8441660998,82.7690736859,1.8595651610
2021-04-13,2459317.5,0.2155825880,1.8552752046,83.3719672587,1.8683752711
2021-04-14,2459318.5,0.1969591606,1.8661685868,83.9751932425,1.8771522840
2021-04-15,2459319.5,0.1781163586,1.8768421926,84.5787438197,1.8858957484
2021-04-16,2459320.5,0.1590571618,1.8872920145,85.1826114343,1.8946052165
2021-04-17,2459321.5,0.1397846188,1.8975140928,85.7867887868,1.9032802449
2021-04-18,2459322.5,0.1203018455,1.9075045163,86.3912688282,1.9119203940
2021-04-19,2459323.5,0.1006120250,1.9172594234,86.9960447554,1.9205252283
2021-04-20,2459324.5,0.0807184060,1.9267750037,87.6011100062,1.9290943159
2021-04-21,2459325.5,0.0606243020,1.9360474981,88.2064582538,1.9376272293
2021-04-22,2459326.5,0.0403330907,1.9450732005,88.8120834028,1.9461235446
2021-04-23,2459327.5,0.0198482125,1.9538484586,89.4179795836,1.9545828420
2021-04-24,2459328.5,-0.0008268299,1.9623696747,90.0241411487,1.9630047052
2021-04-25,2459329.5,-0.0216884730,1.9706333070,90.6305626676,1.9713887224
2021-04-26,2459330.5,-0.0427330932,1.9786358702,91.2372389223,1.9797344851
2021-04-27,2459331.5,-0.0639570081,1.9863739364,91.8441649038,1.9880415889
2021-04-28,2459332.5,-0.0853564770,1.9938441363,92.4513358070,1.9963096333
2021-04-29,2459333.5,-0.1069277024,2.0010431597,93.0587470271,2.0045382213
2021-04-30,2459334.5,-0.1286668310,2.0079677566,93.6663941554,2.0127269600
2021-05-01,2459335.5,-0.1505699546,2.0146147380,94.2742729754,2.0208754602
2021-05-02,2459336.5,-0.1726331109,2.0209809765,94.8823794591,2.0289833364
2021-05-03,2459337.5,-0.1948522853,2.0270634074,95.4907097628,2.0370502068
2021-05-04,2459338.5,-0.2172234112,2.0328590291,96.0992602240,2.0450756934
2021-05-05,2459339.5,-0.2397423717,2.0383649041,96.7080273573,2.0530594220
2021-05-06,2459340.5,-0.2624050002,2.0435781599,97.3170078512,2.0610010218
2021-05-07,2459341.5,-0.2852070816,2.0484959891,97.9261985642,2.0689001261
2021-05-08,2459342.5,-0.3081443539,2.0531156508,98.5355965221,2.0767563714
2021-05-09,2459343.5,-0.3312125085,2.0574344707,99.1451989139,2.0845693980
2021-05-10,2459344.5,-0.3544071920,2.0614498422,99.7550030891,2.0923388501
2021-05-11,2459345.5,-0.3777240067,2.0651592267,100.3650065544,2.1000643750
2021-05-12,2459346.5,-0.4011585125,2.0685601543,100.9752069703,2.1077456239
2021-05-13,2459347.5,-0.4247062272,2.0716502245,101.5856021483,2.1153822516
2021-05-14,2459348.5,-0.4483626283,2.0744271067,102.1961900480,2.1229739162
2021-05-15,2459349.5,-0.4721231536,2.0768885406,102.8069687738,2.1305202794
2021-05-16,2459350.5,-0.4959832028,2.0790323373,103.4179365722,2.1380210066
2021-05-17,2459351.5,-0.5199381383,2.0808563789,104.0290918291,2.1454757664
2021-05-18,2459352.5,-0.5439832866,2.0823586198,104.6404330668,2.1528842311
2021-05-19,2459353.5,-0.5681139393,2.0835370869,105.2519589414,2.1602460762
2021-05-20,2459354.5,-0.5923253541,2.0843898801,105.8636682402,2.1675609808
2021-05-21,2459355.5,-0.6166127564,2.0849151725,106.4755598788,2.1748286275
2021-05-22,2459356.5,-0.6409713401,2.0851112113,107.0876328987,2.1820487020
2021-05-23,2459357.5,-0.6653962688,2.0849763178,107.6998864651,2.1892208936
2021-05-24,2459358.5,-0.6898826771,2.0845088878,108.3123198637,2.1963448948
2021-05-25,2459359.5,-0.7144256716,2.0837073926,108.9249324989,2.2034204016
2021-05-26,2459360.5,-0.7390203323,2.0825703784,109.5377238911,2.2104471132
2021-05-27,2459361.5,-0.7636617133,2.0810964673,110.1506936745,2.2174247321
2021-05-28,2459362.5,-0.7883448447,2.0792843576,110.7638415948,2.2243529641
2021-05-29,2459363.5,-0.8130647330,2.0771328237,111.3771675066,2.2312315182
2021-05-30,2459364.5,-0.8378163627,2.0746407170,111.9906713718,2.2380601068
2021-05-31,2459365.5,-0.8625946975,2.0718069654,112.6043532568,2.2448384454
2021-06-01,2459366.5,-0.8873946811,2.0686305744,113.2182133307,2.2515662526
2021-06-02,2459367.5,-0.9122112390,2.0651106268,113.8322518633,2.2582432505
2021-06-03,2459368.5,-0.9370392789,2.0612462829,114.4464692225,2.2648691640
2021-06-04,2459369.5,-0.9618736925,2.0570367811,115.0608658728,2.2714437214
2021-06-05,2459370.5,-0.9867093563,2.0524814377,115.6754423731,2.2779666541
2021-06-06,2459371.5,-1.0115411329,2.0475796476,116.2901993749,2.2844376966
2021-06-07,2459372.5,-1.0363638723,2.0423308837,116.9051376197,2.2908565865
2021-06-08,2459373.5,-1.0611724128,2.0367346976,117.5202579382,2.2972230644
2021-06-09,2459374.5,-1.0859615823,2.0307907199,118.1355612473,2.3035368742
2021-06-10,2459375.5,-1.1107261996,2.0244986597,118.7510485492,2.3097977626
2021-06-11,2459376.5,-1.1354610751,2.0178583050,119.3667209288,2.3160054795
2021-06-12,2459377.5,-1.1601610127,2.0108695232,119.9825795526,2.3221597779
2021-06-13,2459378.5,-1.1848208102,2.0035322603,120.5986256664,2.3282604135
2021-06-14,2459379.5,-1.2094352612,1.9958465419,121.2148605939,2.3343071454
2021-06-15,2459380.5,-1.2339991554,1.9878124726,121.8312857349,2.3402997355
2021-06-16,2459381.5,-1.2585072805,1.9794302363,122.4479025636,2.3462379485
2021-06-17,2459382.5,-1.2829544233,1.9707000959,123.0647126269,2.3521215523
2021-06-18,2459383.5,-1.3073353701,1.9616223940,123.6817175430,2.3579503177
2021-06-19,2459384.5,-1.3316449090,1.9521975521,124.2989189996,2.3637240185
2021-06-20,2459385.5,-1.3558778299,1.9424260710,124.9163187524,2.3694424312
2021-06-21,2459386.5,-1.3800289266,1.9323085307,125.5339186233,2.3751053355
2021-06-22,2459387.5,-1.4040929975,1.9218455905,126.1517204994,2.3807125137
2021-06-23,2459388.5,-1.4280648465,1.9110379883,126.7697263310,2.3862637512
2021-06-24,2459389.5,-1.4519392847,1.8998865415,127.3879381305,2.3917588363
2021-06-25,2459390.5,-1.4757111313,1.8883921460,128.0063579705,2.3971975601
2021-06-26,2459391.5,-1.4993752146,1.8765557767,128.6249879826,2.4025797164
2021-06-27,2459392.5,-1.5229263733,1.8643784869,129.2438303563,2.4079051023
2021-06-28,2459393.5,-1.5463594576,1.8518614086,129.8628873369,2.4131735172
2021-06-29,2459394.5,-1.5696693303,1.8390057522,130.4821612247,2.4183847638
2021-06-30,2459395.5,-1.5928508680,1.8258128061,131.1016543733,2.4235386474
2021-07-01,2459396.5,-1.6158989622,1.8122839369,131.7213691885,2.4286349761
2021-07-02,2459397.5,-1.6388085204,1.7984205888,132.3413081267,2.4336735610
2021-07-03,2459398.5,-1.6615744672,1.7842242840,132.9614736938,2.4386542158
2021-07-04,2459399.5,-1.6841917454,1.7696966217,133.5818684440,2.4435767572
2021-07-05,2459400.5,-1.7066553174,1.7548392786,134.2024949781,2.4484410046
2021-07-06,2459401.5,-1.7289601658,1.7396540080,134.8233559427,2.4532467801
2021-07-07,2459402.5,-1.7511012951,1.7241426401,135.4444540287,2.4579939089
2021-07-08,2459403.5,-1.7730737322,1.7083070816,136.0657919701,2.4626822187
2021-07-09,2459404.5,-1.7948725282,1.6921493150,136.6873725428,2.4673115401
2021-07-10,2459405.5,-1.8164927587,1.6756713989,137.3091985636,2.4718817066
2021-07-11,2459406.5,-1.8379295256,1.6588754673,137.9312728886,2.4763925542
2021-07-12,2459407.5,-1.8591779579,1.6417637293,138.5535984125,2.4808439220
2021-07-13,2459408.5,-1.8802332129,1.6243384689,139.1761780670,2.4852356518
2021-07-14,2459409.5,-1.9010904768,1.6066020448,139.7990148200,2.4895675880
2021-07-15,2459410.5,-1.9217449668,1.5885568896,140.4221116744,2.4938395780
2021-07-16,2459411.5,-1.9421919310,1.5702055096,141.0454716667,2.4980514719
2021-07-17,2459412.5,-1.9624266506,1.5515504847,141.6690978664,2.5022031226
2021-07-18,2459413.5,-1.9824444401,1.5325944676,142.2929933745,2.5062943859
2021-07-19,2459414.5,-2.0022406488,1.5133401836,142.9171613225,2.5103251203
2021-07-20,2459415.5,-2.0218106618,1.4937904301,143.5416048716,2.5142951870
2021-07-21,2459416.5,-2.0411499011,1.4739480761,144.1663272112,2.5182044502
2021-07-22,2459417.5,-2.0602538266,1.4538160618,144.7913315582,2.5220527768
2021-07-23,2459418.5,-2.0791179372,1.4333973984,145.4166211560,2.5258400366
2021-07-24,2459419.5,-2.0977377718,1.4126951669,146.0421992731,2.5295661021
2021-07-25,2459420.5,-2.1161089104,1.3917125185,146.6680692025,2.5332308488
2021-07-26,2459421.5,-2.1342269751,1.3704526732,147.2942342605,2.5368341548
2021-07-27,2459422.5,-2.1520876314,1.3489189202,147.9206977858,2.5403759013
2021-07-28,2459423.5,-2.1696865888,1.3271146164,148.5474631383,2.5438559722
2021-07-29,2459424.5,-2.1870196020,1.3050431865,149.1745336986,2.5472742542
2021-07-30,2459425.5,-2.2040824723,1.2827081224,149.8019128663,2.5506306372
2021-07-31,2459426.5,-2.2208710481,1.2601129821,150.4296040600,2.5539250136
2021-08-01,2459427.5,-2.2373812261,1.2372613899,151.0576107155,2.5571572788
2021-08-02,2459428.5,-2.2536089524,1.2141570349,151.6859362853,2.5603273314
2021-08-03,2459429.5,-2.2695502235,1.1908036712,152.3145842377,2.5634350724
2021-08-04,2459430.5,-2.2852010873,1.1672051166,152.9435580556,2.5664804062
2021-08-05,2459431.5,-2.3005576439,1.1433652525,153.5728612359,2.5694632399
2021-08-06,2459432.5,-2.3156160470,1.1192880227,154.2024972886,2.5723834837
2021-08-07,2459433.5,-2.3303725045,1.0949774332,154.8324697355,2.5752410505
2021-08-08,2459434.5,-2.3448232796,1.0704375510,155.4627821098,2.5780358565
2021-08-09,2459435.5,-2.3589646918,1.0456725040,156.0934379551,2.5807678208
2021-08-10,2459436.5,-2.3727931181,1.0206864798,156.7244408244,2.5834368655
2021-08-11,2459437.5,-2.3863049934,0.9954837249,157.3557942792,2.5860429156
2021-08-12,2459438.5,-2.3994968121,0.9700685444,157.9875018889,2.5885858995
2021-08-13,2459439.5,-2.4123651286,0.9444453010,158.6195672299,2.5910657483
2021-08-14,2459440.5,-2.4249065584,0.9186184138,159.2519938845,2.5934823965
2021-08-15,2459441.5,-2.4371177791,0.8925923584,159.8847854405,2.5958357814
2021-08-16,2459442.5,-2.4489955311,0.8663716652,160.5179454899,2.5981258438
2021-08-17,2459443.5,-2.4605366188,0.8399609190,161.1514776286,2.6003525273
2021-08-18,2459444.5,-2.4717379114,0.8133647582,161.7853854551,2.6025157788
2021-08-19,2459445.5,-2.4825963438,0.7865878737,162.4196725701,2.6046155485
2021-08-20,2459446.5,-2.4931089174,0.7596350081,163.0543425754,2.6066517897
2021-08-21,2459447.5,-2.5032727011,0.7325109550,163.6893990734,2.6086244589
2021-08-22,2459448.5,-2.5130848322,0.7052205578,164.3248456660,2.6105335161
2021-08-23,2459449.5,-2.5225425172,0.6777687090,164.9606859543,2.6123789241
2021-08-24,2459450.5,-2.5316430327,0.6501603493,165.5969235371,2.6141606496
2021-08-25,2459451.5,-2.5403837262,0.6224004661,166.2335620111,2.6158786622
2021-08-26,2459452.5,-2.5487620169,0.5944940934,166.8706049692,2.6175329350
2021-08-27,2459453.5,-2.5567753969,0.5664463101,167.5080560005,2.6191234444
2021-08-28,2459454.5,-2.5644214314,0.5382622395,168.1459186890,2.6206501704
2021-08-29,2459455.5,-2.5716977598,0.5099470476,168.7841966132,2.6221130962
2021-08-30,2459456.5,-2.5786020969,0.4815059431,169.4228933453,2.6235122087
2021-08-31,2459457.5,-2.5851322330,0.4529441752,170.0620124506,2.6248474980
2021-09-01,2459458.5,-2.5912860351,0.4242670335,170.7015574865,2.6261189579
2021-09-02,2459459.5,-2.5970614474,0.3954798464,171.3415320019,2.6273265857
2021-09-03,2459460.5,-2.6024564923,0.3665879799,171.9819395366,2.6284703823
2021-09-04,2459461.5,-2.6074692712,0.3375968371,172.6227836206,2.6295503521
2021-09-05,2459462.5,-2.6120979647,0.3085118564,173.2640677733,2.6305665033
2021-09-06,2459463.5,-2.6163408340,0.2793385107,173.9057955029,2.6315188474
2021-09-07,2459464.5,-2.6201962210,0.2500823063,174.5479703058,2.6324074000
2021-09-08,2459465.5,-2.6236625493,0.2207487814,175.1905956656,2.6332321802
2021-09-09,2459466.5,-2.6267383249,0.1913435054,175.8336750528,2.6339932108
2021-09-10,2459467.5,-2.6294221368,0.1618720772,176.4772119241,2.6346905185
2021-09-11,2459468.5,-2.6317126572,0.1323401242,177.1212097213,2.6353241336
2021-09-12,2459469.5,-2.6336086431,0.1027533013,177.7656718715,2.6358940906
2021-09-13,2459470.5,-2.6351089357,0.0731172892,178.4106017856,2.6364004274
2021-09-14,2459471.5,-2.6362124621,0.0434377934,179.0560028581,2.6368431861
2021-09-15,2459472.5,-2.6369182351,0.0137205429,179.7018784665,2.6372224127
2021-09-16,2459473.5,-2.6372253541,-0.0160287110,180.3482319705,2.6375381570
2021-09-17,2459474.5,-2.6371330055,-0.0458041962,180.9950667116,2.6377904729
2021-09-18,2459475.5,-2.6366404632,-0.0756001212,181.6423860121,2.6379794183
2021-09-19,2459476.5,-2.6357470895,-0.1054106760,182.2901931750,2.6381050552
2021-09-20,2459477.5,-2.6344523349,-0.1352300338,182.9384914831,2.6381674496
2021-09-21,2459478.5,-2.6327557390,-0.1650523523,183.5872841983,2.6381666715
2021-09-22,2459479.5,-2.6306569310,-0.1948717752,184.2365745615,2.6381027954
2021-09-23,2459480.5,-2.6281556297,-0.2246824332,184.8863657913,2.6379758996
2021-09-24,2459481.5,-2.6252516444,-0.2544784457,185.5366610844,2.6377860667
2021-09-25,2459482.5,-2.6219448750,-0.2842539224,186.1874636138,2.6375333837
2021-09-26,2459483.5,-2.6182353122,-0.3140029641,186.8387765295,2.6372179417
2021-09-27,2459484.5,-2.6141230384,-0.3437196647,187.4906029571,2.6368398362
2021-09-28,2459485.5,-2.6096082272,-0.3733981127,188.1429459975,2.6363991669
2021-09-29,2459486.5,-2.6046911446,-0.4030323920,188.7958087264,2.6358960380
2021-09-30,2459487.5,-2.5993721485,-0.4326165842,189.4491941938,2.6353305579
2021-10-01,2459488.5,-2.5936516894,-0.4621447694,190.1031054234,2.6347028397
2021-10-02,2459489.5,-2.5875303102,-0.4916110282,190.7575454122,2.6340130006
2021-10-03,2459490.5,-2.5810086471,-0.5210094429,191.4125171297,2.6332611627
2021-10-04,2459491.5,-2.5740874290,-0.5503340991,192.0680235178,2.6324474522
2021-10-05,2459492.5,-2.5667674780,-0.5795790873,192.7240674900,2.6315720001
2021-10-06,2459493.5,-2.5590497096,-0.6087385042,193.3806519309,2.6306349418
2021-10-07,2459494.5,-2.5509351327,-0.6378064547,194.0377796960,2.6296364174
2021-10-08,2459495.5,-2.5424248496,-0.6667770529,194.6954536110,2.6285765716
2021-10-09,2459496.5,-2.5335200561,-0.6956444240,195.3536764712,2.6274555537
2021-10-10,2459497.5,-2.5242220416,-0.7244027058,196.0124510415,2.6262735177
2021-10-11,2459498.5,-2.5145321888,-0.7530460502,196.6717800554,2.6250306224
2021-10-12,2459499.5,-2.5044519741,-0.7815686250,197.3316662149,2.6237270311
2021-10-13,2459500.5,-2.4939829671,-0.8099646152,197.9921121899,2.6223629120
2021-10-14,2459501.5,-2.4831268309,-0.8382282246,198.6531206180,2.6209384382
2021-10-15,2459502.5,-2.4718853214,-0.8663536777,199.3146941036,2.6194537873
2021-10-16,2459503.5,-2.4602602879,-0.8943352210,199.9768352180,2.6179091418
2021-10-17,2459504.5,-2.4482536724,-0.9221671248,200.6395464987,2.6163046894
2021-10-18,2459505.5,-2.4358675095,-0.9498436846,201.3028304490,2.6146406220
2021-10-19,2459506.5,-2.4231039260,-0.9773592228,201.9666895375,2.6129171371
2021-10-20,2459507.5,-2.4099651411,-1.0047080906,202.6311261982,2.6111344365
2021-10-21,2459508.5,-2.3964534655,-1.0318846689,203.2961428294,2.6092927274
2021-10-22,2459509.5,-2.3825713016,-1.0588833708,203.9617417939,2.6073922215
2021-10-23,2459510.5,-2.3683211428,-1.0856986424,204.6279254183,2.6054331358
2021-10-24,2459511.5,-2.3537055731,-1.1123249652,205.2946959927,2.6034156922
2021-10-25,2459512.5,-2.3387272668,-1.1387568569,205.9620557704,2.6013401173
2021-10-26,2459513.5,-2.3233889882,-1.1649888735,206.6300069675,2.5992066432
2021-10-27,2459514.5,-2.3076935906,-1.1910156110,207.2985517626,2.5970155066
2021-10-28,2459515.5,-2.2916440163,-1.2168317065,207.9676922963,2.5947669495
2021-10-29,2459516.5,-2.2752432957,-1.2424318405,208.6374306711,2.5924612186
2021-10-30,2459517.5,-2.2584945471,-1.2678107378,209.3077689509,2.5900985659
2021-10-31,2459518.5,-2.2414009755,-1.2929631694,209.9787091607,2.5876792485
2021-11-01,2459519.5,-2.2239658724,-1.3178839543,210.6502532861,2.5852035284
2021-11-02,2459520.5,-2.2061926151,-1.3425679607,211.3224032737,2.5826716727
2021-11-03,2459521.5,-2.1880846657,-1.3670101076,211.9951610297,2.5800839536
2021-11-04,2459522.5,-2.1696455706,-1.3912053668,212.6685284204,2.5774406483
2021-11-05,2459523.5,-2.1508789598,-1.4151487639,213.3425072718,2.5747420392
2021-11-06,2459524.5,-2.1317885456,-1.4388353800,214.0170993691,2.5719884136
2021-11-07,2459525.5,-2.1123781224,-1.4622603536,214.6923064563,2.5691800641
2021-11-08,2459526.5,-2.0926515653,-1.4854188816,215.3681302362,2.5663172881
2021-11-09,2459527.5,-2.0726128294,-1.5083062210,216.0445723703,2.5634003882
2021-11-10,2459528.5,-2.0522659491,-1.5309176906,216.7216344778,2.5604296721
2021-11-11,2459529.5,-2.0316150366,-1.5532486721,217.3993181362,2.5574054524
2021-11-12,2459530.5,-2.0106642813,-1.5752946119,218.0776248802,2.5543280469
2021-11-13,2459531.5,-1.9894179486,-1.5970510223,218.7565562022,2.5511977783
2021-11-14,2459532.5,-1.9678803789,-1.6185134833,219.4361135515,2.5480149744
2021-11-15,2459533.5,-1.9460559864,-1.6396776433,220.1162983343,2.5447799680
2021-11-16,2459534.5,-1.9239492582,-1.6605392215,220.7971119133,2.5414930967
2021-11-17,2459535.5,-1.9015647527,-1.6810940082,221.4785556077,2.5381547033
2021-11-18,2459536.5,-1.8789070989,-1.7013378672,222.1606306927,2.5347651355
2021-11-19,2459537.5,-1.8559809949,-1.7212667362,222.8433383992,2.5313247458
2021-11-20,2459538.5,-1.8327912067,-1.7408766288,223.5266799138,2.5278338917
2021-11-21,2459539.5,-1.8093425670,-1.7601636354,224.2106563786,2.5242929356
2021-11-22,2459540.5,-1.7856399737,-1.7791239249,224.8952688905,2.5207022446
2021-11-23,2459541.5,-1.7616883886,-1.7977537453,225.5805185014,2.5170621908
2021-11-24,2459542.5,-1.7374928365,-1.8160494256,226.2664062180,2.5133731510
2021-11-25,2459543.5,-1.7130584029,-1.8340073764,226.9529330012,2.5096355068
2021-11-26,2459544.5,-1.6883902334,-1.8516240916,227.6400997659,2.5058496444
2021-11-27,2459545.5,-1.6634935319,-1.8688961493,228.3279073813,2.5020159548
2021-11-28,2459546.5,-1.6383735592,-1.8858202129,229.0163566699,2.4981348336
2021-11-29,2459547.5,-1.6130356313,-1.9023930322,229.7054484079,2.4942066811
2021-11-30,2459548.5,-1.5874851183,-1.9186114445,230.3951833244,2.4902319020
2021-12-01,2459549.5,-1.5617274424,-1.9344723757,231.0855621016,2.4862109057
2021-12-02,2459550.5,-1.5357680766,-1.9499728411,231.7765853744,2.4821441059
2021-12-03,2459551.5,-1.5096125429,-1.9651099468,232.4682537300,2.4780319208
2021-12-04,2459552.5,-1.4832664110,-1.9798808900,233.1605677079,2.4738747731
2021-12-05,2459553.5,-1.4567352963,-1.9942829606,233.8535277995,2.4696730896
2021-12-06,2459554.5,-1.4300248586,-2.0083135414,234.5471344477,2.4654273015
2021-12-07,2459555.5,-1.4031407999,-2.0219701098,235.2413880469,2.4611378442
2021-12-08,2459556.5,-1.3760888633,-2.0352502375,235.9362889427,2.4568051572
2021-12-09,2459557.5,-1.3488748309,-2.0481515924,236.6318374314,2.4524296842
2021-12-10,2459558.5,-1.3215045221,-2.0606719385,237.3280337598,2.4480118727
2021-12-11,2459559.5,-1.2939837919,-2.0728091371,238.0248781252,2.4435521745
2021-12-12,2459560.5,-1.2663185294,-2.0845611474,238.7223706745,2.4390510450
2021-12-13,2459561.5,-1.2385146553,-2.0959260269,239.4205115046,2.4345089437
2021-12-14,2459562.5,-1.2105781208,-2.1069019321,240.1193006616,2.4299263335
2021-12-15,2459563.5,-1.1825149056,-2.1174871192,240.8187381406,2.4253036814
2021-12-16,2459564.5,-1.1543310157,-2.1276799447,241.5188238854,2.4206414577
2021-12-17,2459565.5,-1.1260324821,-2.1374788655,242.2195577882,2.4159401363
2021-12-18,2459566.5,-1.0976253586,-2.1468824396,242.9209396893,2.4112001947
2021-12-19,2459567.5,-1.0691157201,-2.1558893266,243.6229693763,2.4064221137
2021-12-20,2459568.5,-1.0405096604,-2.1644982878,244.3256465846,2.4016063773
2021-12-21,2459569.5,-1.0118132910,-2.1727081870,245.0289709960,2.3967534729
2021-12-22,2459570.5,-0.9830327384,-2.1805179901,245.7329422392,2.3918638908
2021-12-23,2459571.5,-0.9541741429,-2.1879267660,246.4375598889,2.3869381245
2021-12-24,2459572.5,-0.9252436563,-2.1949336865,247.1428234653,2.3819766703
2021-12-25,2459573.5,-0.8962474398,-2.2015380264,247.8487324342,2.3769800276
2021-12-26,2459574.5,-0.8671916629,-2.2077391641,248.5552862061,2.3719486984
2021-12-27,2459575.5,-0.8380825006,-2.2135365810,249.2624841357,2.3668831873
2021-12-28,2459576.5,-0.8089261319,-2.2189298621,249.9703255218,2.3617840015
2021-12-29,2459577.5,-0.7797287381,-2.2239186957,250.6788096067,2.3566516509
2021-12-30,2459578.5,-0.7504965003,-2.2285028738,251.3879355755,2.3514866474
2021-12-31,2459579.5,-0.7212355980,-2.2326822913,252.0977025557,2.3462895055
2022-01-01,2459580.5,-0.6919522070,-2.2364569468,252.8081096167,2.3410607417
2022-01-02,2459581.5,-0.6626524976,-2.2398269416,253.5191557695,2.3358008745
2022-01-03,2459582.5,-0.6333426323,-2.2427924801,254.2308399654,2.3305104245
2022-01-04,2459583.5,-0.6040287647,-2.2453538693,254.9431610964,2.3251899141
2022-01-05,2459584.5,-0.5747170366,-2.2475115187,255.6561179939,2.3198398674
2022-01-06,2459585.5,-0.5454135771,-2.2492659399,256.3697094282,2.3144608101
2022-01-07,2459586.5,-0.5161244999,-2.2506177461,257.0839341083,2.3090532695
2022-01-08,2459587.5,-0.4868559022,-2.2515676519,257.7987906806,2.3036177742
2022-01-09,2459588.5,-0.4576138620,-2.2521164732,258.5142777288,2.2981548542
2022-01-10,2459589.5,-0.4284044370,-2.2522651260,259.2303937728,2.2926650405
2022-01-11,2459590.5,-0.3992336626,-2.2520146263,259.9471372685,2.2871488654
2022-01-12,2459591.5,-0.3701075496,-2.2513660899,260.6645066064,2.2816068618
2022-01-13,2459592.5,-0.3410320831,-2.2503207312,261.3825001115,2.2760395637
2022-01-14,2459593.5,-0.3120132201,-2.2488798629,262.1011160422,2.2704475056
2022-01-15,2459594.5,-0.2830568883,-2.2470448955,262.8203525895,2.2648312227
2022-01-16,2459595.5,-0.2541689837,-2.2448173362,263.5402078763,2.2591912506
2022-01-17,2459596.5,-0.2253553694,-2.2421987887,264.2606799569,2.2535281251
2022-01-18,2459597.5,-0.1966218738,-2.2391909520,264.9817668154,2.2478423823
2022-01-19,2459598.5,-0.1679742885,-2.2357956197,265.7034663655,2.2421345585
2022-01-20,2459599.5,-0.1394183672,-2.2320146796,266.4257764496,2.2364051896
2022-01-21,2459600.5,-0.1109598235,-2.2278501122,267.1486948374,2.2306548117
2022-01-22,2459601.5,-0.0826043296,-2.2233039902,267.8722192255,2.2248839604
2022-01-23,2459602.5,-0.0543575146,-2.2183784776,268.5963472363,2.2190931707
2022-01-24,2459603.5,-0.0262249630,-2.2130758287,269.3210764169,2.2132829774
2022-01-25,2459604.5,0.0017877872,-2.2073983867,270.0464042383,2.2074539142
2022-01-26,2459605.5,0.0296752458,-2.2013485836,270.7723280945,2.2016065143
2022-01-27,2459606.5,0.0574319717,-2.1949289382,271.4988453010,2.1957413098
2022-01-28,2459607.5,0.0850525748,-2.1881420557,272.2259530946,2.1898588317
2022-01-29,2459608.5,0.1125317175,-2.1809906262,272.9536486316,2.1839596097
2022-01-30,2459609.5,0.1398641155,-2.1734774237,273.6819289869,2.1780441724
2022-01-31,2459610.5,0.1670445402,-2.1656053053,274.4107911532,2.1721130467
2022-02-01,2459611.5,0.1940678191,-2.1573772092,275.1402320397,2.1661667579
2022-02-02,2459612.5,0.2209288378,-2.1487961544,275.8702484711,2.1602058296
2022-02-03,2459613.5,0.2476225412,-2.1398652389,276.6008371860,2.1542307835
2022-02-04,2459614.5,0.2741439348,-2.1305876387,277.3319948366,2.1482421394
2022-02-05,2459615.5,0.3004880856,-2.1209666063,278.0637179867,2.1422404148
2022-02-06,2459616.5,0.3266501239,-2.1110054698,278.7960031108,2.1362261250
2022-02-07,2459617.5,0.3526252444,-2.1007076311,279.5288465934,2.1301997830
2022-02-08,2459618.5,0.3784087069,-2.0900765649,280.2622447267,2.1241618990
2022-02-09,2459619.5,0.4039958381,-2.0791158174,280.9961937107,2.1181129807
2022-02-10,2459620.5,0.4293820321,-2.0678290045,281.7306896506,2.1120535332
2022-02-11,2459621.5,0.4545627523,-2.0562198110,282.4657285566,2.1059840583
2022-02-12,2459622.5,0.4795335313,-2.0442919886,283.2013063423,2.0999050550
2022-02-13,2459623.5,0.5042899732,-2.0320493550,283.9374188230,2.0938170190
2022-02-14,2459624.5,0.5288277535,-2.0194957922,284.6740617150,2.0877204429
2022-02-15,2459625.5,0.5531426208,-2.0066352449,285.4112306341,2.0816158155
2022-02-16,2459626.5,0.5772303973,-1.9934717194,286.1489210940,2.0755036225
2022-02-17,2459627.5,0.6010869799,-1.9800092818,286.8871285056,2.0693843454
2022-02-18,2459628.5,0.6247083409,-1.9662520569,287.6258481749,2.0632584624
2022-02-19,2459629.5,0.6480905291,-1.9522042262,288.3650753023,2.0571264475
2022-02-20,2459630.5,0.6712296701,-1.9378700268,289.1048049810,2.0509887705
2022-02-21,2459631.5,0.6941219678,-1.9232537497,289.8450321954,2.0448458974
2022-02-22,2459632.5,0.7167637043,-1.9083597382,290.5857518204,2.0386982897
2022-02-23,2459633.5,0.7391512411,-1.8931923866,291.3269586194,2.0325464044
2022-02-24,2459634.5,0.7612810198,-1.8777561386,292.0686472432,2.0263906941
2022-02-25,2459635.5,0.7831495624,-1.8620554856,292.8108122287,2.0202316068
2022-02-26,2459636.5,0.8047534721,-1.8460949651,293.5534479975,2.0140695856
2022-02-27,2459637.5,0.8260894339,-1.8298791596,294.2965488543,2.0079050687
2022-02-28,2459638.5,0.8471542150,-1.8134126946,295.0401089858,2.0017384894
2022-03-01,2459639.5,0.8679446652,-1.7967002370,295.7841224595,1.9955702760
2022-03-02,2459640.5,0.8884577179,-1.7797464940,296.5285832218,1.9894008513
2022-03-03,2459641.5,0.9086903898,-1.7625562111,297.2734850971,1.9832306332
2022-03-04,2459642.5,0.9286397817,-1.7451341706,298.0188217863,1.9770600336
2022-03-05,2459643.5,0.9483030792,-1.7274851905,298.7645868655,1.9708894595
2022-03-06,2459644.5,0.9676775520,-1.7096141221,299.5107737844,1.9647193117
2022-03-07,2459645.5,0.9867605555,-1.6915258492,300.2573758654,1.9585499858
2022-03-08,2459646.5,1.0055495301,-1.6732252862,301.0043863020,1.9523818710
2022-03-09,2459647.5,1.0240420018,-1.6547173765,301.7517981577,1.9462153510
2022-03-10,2459648.5,1.0422355826,-1.6360070912,302.4996043642,1.9400508034
2022-03-11,2459649.5,1.0601279702,-1.6170994273,303.2477977208,1.9338885994
2022-03-12,2459650.5,1.0777169488,-1.5979994064,303.9963708927,1.9277291044
2022-03-13,2459651.5,1.0950003887,-1.5787120727,304.7453164098,1.9215726771
2022-03-14,2459652.5,1.1119762465,-1.5592424922,305.4946266653,1.9154196701
2022-03-15,2459653.5,1.1286425654,-1.5395957505,306.2442939151,1.9092704293
2022-03-16,2459654.5,1.1449974750,-1.5197769516,306.9943102756,1.9031252943
2022-03-17,2459655.5,1.1610391916,-1.4997912166,307.7446677234,1.8969845977
2022-03-18,2459656.5,1.1767660177,-1.4796436816,308.4953580937,1.8908486657
2022-03-19,2459657.5,1.1921763426,-1.4593394967,309.2463730791,1.8847178175
2022-03-20,2459658.5,1.2072686418,-1.4388838245,309.9977042286,1.8785923655
2022-03-21,2459659.5,1.2220414771,-1.4182818384,310.7493429465,1.8724726151
2022-03-22,2459660.5,1.2364934967,-1.3975387212,311.5012804912,1.8663588648
2022-03-23,2459661.5,1.2506234348,-1.3766596637,312.2535079741,1.8602514059
2022-03-24,2459662.5,1.2644301113,-1.3556498634,313.0060163588,1.8541505224
2022-03-25,2459663.5,1.2779124321,-1.3345145229,313.7587964597,1.8480564914
2022-03-26,2459664.5,1.2910693885,-1.3132588482,314.5118389415,1.8419695825
2022-03-27,2459665.5,1.3039000570,-1.2918880480,315.2651343175,1.8358900580
2022-03-28,2459666.5,1.3164035994,-1.2704073318,316.0186729495,1.8298181729
2022-03-29,2459667.5,1.3285792620,-1.2488219084,316.7724450462,1.8237541746
2022-03-30,2459668.5,1.3404263755,-1.2271369850,317.5264406626,1.8176983030
2022-03-31,2459669.5,1.3519443550,-1.2053577656,318.2806496993,1.8116507906
2022-04-01,2459670.5,1.3631326993,-1.1834894496,319.0350619011,1.8056118621
2022-04-02,2459671.5,1.3739909906,-1.1615372304,319.7896668567,1.7995817349
2022-04-03,2459672.5,1.3845188941,-1.1395062944,320.5444539980,1.7935606182
2022-04-04,2459673.5,1.3947161578,-1.1174018194,321.2994125988,1.7875487141
2022-04-05,2459674.5,1.4045826119,-1.0952289737,322.0545317744,1.7815462163
2022-04-06,2459675.5,1.4141181685,-1.0729929141,322.8098004811,1.7755533112
2022-04-07,2459676.5,1.4233228210,-1.0506987854,323.5652075151,1.7695701772
2022-04-08,2459677.5,1.4321966436,-1.0283517190,324.3207415121,1.7635969848
2022-04-09,2459678.5,1.4407397911,-1.0059568311,325.0763909468,1.7576338967
2022-04-10,2459679.5,1.4489524981,-0.9835192222,325.8321441321,1.7516810678
2022-04-11,2459680.5,1.4568350787,-0.9610439757,326.5879892186,1.7457386449
2022-04-12,2459681.5,1.4643879258,-0.9385361563,327.3439141941,1.7398067670
2022-04-13,2459682.5,1.4716115107,-0.9160008096,328.0999068831,1.7338855651
2022-04-14,2459683.5,1.4785063824,-0.8934429601,328.8559549464,1.7279751623
2022-04-15,2459684.5,1.4850731670,-0.8708676108,329.6120458805,1.7220756737
2022-04-16,2459685.5,1.4913125676,-0.8482797414,330.3681670173,1.7161872063
2022-04-17,2459686.5,1.4972253627,-0.8256843080,331.1243055236,1.7103098595
2022-04-18,2459687.5,1.5028124068,-0.8030862411,331.8804484008,1.7044437244
2022-04-19,2459688.5,1.5080746287,-0.7804904454,332.6365824845,1.6985888843
2022-04-20,2459689.5,1.5130130316,-0.7579017979,333.3926944442,1.6927454144
2022-04-21,2459690.5,1.5176286921,-0.7353251476,334.1487707831,1.6869133820
2022-04-22,2459691.5,1.5219227597,-0.7127653139,334.9047978376,1.6810928467
2022-04-23,2459692.5,1.5258964558,-0.6902270859,335.6607617770,1.6752838599
2022-04-24,2459693.5,1.5295510736,-0.6677152215,336.4166486036,1.6694864651
2022-04-25,2459694.5,1.5328879769,-0.6452344460,337.1724441521,1.6637006981
2022-04-26,2459695.5,1.5359085996,-0.6227894513,337.9281340894,1.6579265866
2022-04-27,2459696.5,1.5386144449,-0.6003848953,338.6837039145,1.6521641508
2022-04-28,2459697.5,1.5410070847,-0.5780254005,339.4391389584,1.6464134028
2022-04-29,2459698.5,1.5430881590,-0.5557155531,340.1944243836,1.6406743471
2022-04-30,2459699.5,1.5448593748,-0.5334599025,340.9495451841,1.6349469803
2022-05-01,2459700.5,1.5463225054,-0.5112629599,341.7044861851,1.6292312915
2022-05-02,2459701.5,1.5474793901,-0.4891291978,342.4592320429,1.6235272620
2022-05-03,2459702.5,1.5483319329,-0.4670630489,343.2137672447,1.6178348656
2022-05-04,2459703.5,1.5488821021,-0.4450689052,343.9680761083,1.6121540684
2022-05-05,2459704.5,1.5491319292,-0.4231511175,344.7221427819,1.6064848290
2022-05-06,2459705.5,1.5490835086,-0.4013139942,345.4759512442,1.6008270987
2022-05-07,2459706.5,1.5487389962,-0.3795618007,346.2294853035,1.5951808213
2022-05-08,2459707.5,1.5481006090,-0.3578987586,346.9827285981,1.5895459331
2022-05-09,2459708.5,1.5471706244,-0.3363290446,347.7356645959,1.5839223634
2022-05-10,2459709.5,1.5459513790,-0.3148567902,348.4882765936,1.5783100340
2022-05-11,2459710.5,1.5444452681,-0.2934860808,349.2405477172,1.5727088596
2022-05-12,2459711.5,1.5426547447,-0.2722209545,349.9924609212,1.5671187481
2022-05-13,2459712.5,1.5405823188,-0.2510654022,350.7439989879,1.5615395999
2022-05-14,2459713.5,1.5382305565,-0.2300233660,351.4951445279,1.5559713089
2022-05-15,2459714.5,1.5356020792,-0.2090987392,352.2458799788,1.5504137618
2022-05-16,2459715.5,1.5326995627,-0.1882953652,352.9961876051,1.5448668387
2022-05-17,2459716.5,1.5295257366,-0.1676170370,353.7460494977,1.5393304129
2022-05-18,2459717.5,1.5260833829,-0.1470674963,354.4954475730,1.5338043512
2022-05-19,2459718.5,1.5223753357,-0.1266504331,355.2443635728,1.5282885138
2022-05-20,2459719.5,1.5184044802,-0.1063694851,355.9927790630,1.5227827544
2022-05-21,2459720.5,1.5141737516,-0.0862282368,356.7406754333,1.5172869206
2022-05-22,2459721.5,1.5096861346,-0.0662302189,357.4880338960,1.5118008533
2022-05-23,2459722.5,1.5049446620,-0.0463789079,358.2348354853,1.5063243878
2022-05-24,2459723.5,1.4999524144,-0.0266777254,358.9810610566,1.5008573528
2022-05-25,2459724.5,1.4947125191,-0.0071300375,359.7266912846,1.4953995716
2022-05-26,2459725.5,1.4892281490,0.0122608457,0.4717066632,1.4899508613
2022-05-27,2459726.5,1.4835025219,0.0314916709,1.2160875034,1.4845110334
2022-05-28,2459727.5,1.4775388999,0.0505592418,1.9598139324,1.4790798937
2022-05-29,2459728.5,1.4713405877,0.0694604199,2.7028658920,1.4736572426
2022-05-30,2459729.5,1.4649109326,0.0881921251,3.4452231373,1.4682428751
2022-05-31,2459730.5,1.4582533229,0.1067513358,4.1868652345,1.4628365808
2022-06-01,2459731.5,1.4513711875,0.1251350898,4.9277715598,1.4574381445
2022-06-02,2459732.5,1.4442679946,0.1433404848,5.6679212970,1.4520473456
2022-06-03,2459733.5,1.4369472510,0.1613646786,6.4072934355,1.4466639588
2022-06-04,2459734.5,1.4294125011,0.1792048898,7.1458667686,1.4412877541
2022-06-05,2459735.5,1.4216673259,0.1968583981,7.8836198904,1.4359184966
2022-06-06,2459736.5,1.4137153424,0.2143225451,8.6205311942,1.4305559473
2022-06-07,2459737.5,1.4055602021,0.2315947344,9.3565788691,1.4251998624
2022-06-08,2459738.5,1.3972055906,0.2486724319,10.0917408978,1.4198499943
2022-06-09,2459739.5,1.3886552264,0.2655531667,10.8259950534,1.4145060910
2022-06-10,2459740.5,1.3799128599,0.2822345313,11.5593188965,1.4091678968
2022-06-11,2459741.5,1.3709822726,0.2987141819,12.2916897713,1.4038351521
2022-06-12,2459742.5,1.3618672761,0.3149898386,13.0230848031,1.3985075935
2022-06-13,2459743.5,1.3525717111,0.3310592865,13.7534808937,1.3931849545
2022-06-14,2459744.5,1.3430994466,0.3469203753,14.4828547180,1.3878669648
2022-06-15,2459745.5,1.3334543784,0.3625710199,15.2111827200,1.3825533514
2022-06-16,2459746.5,1.3236404290,0.3780092011,15.9384411080,1.3772438379
2022-06-17,2459747.5,1.3136615458,0.3932329653,16.6646058508,1.3719381451
2022-06-18,2459748.5,1.3035217006,0.4082404255,17.3896526722,1.3666359912
2022-06-19,2459749.5,1.2932248884,0.4230297610,18.1135570466,1.3613370919
2022-06-20,2459750.5,1.2827751268,0.4375992182,18.8362941934,1.3560411604
2022-06-21,2459751.5,1.2721764542,0.4519471104,19.5578390716,1.3507479077
2022-06-22,2459752.5,1.2614329297,0.4660718187,20.2781663743,1.3454570429
2022-06-23,2459753.5,1.2505486316,0.4799717917,20.9972505222,1.3401682730
2022-06-24,2459754.5,1.2395276563,0.4936455460,21.7150656578,1.3348813036
2022-06-25,2459755.5,1.2283741178,0.5070916666,22.4315856382,1.3295958385
2022-06-26,2459756.5,1.2170921462,0.5203088067,23.1467840290,1.3243115804
2022-06-27,2459757.5,1.2056858870,0.5332956884,23.8606340964,1.3190282309
2022-06-28,2459758.5,1.1941594996,0.5460511027,24.5731088001,1.3137454903
2022-06-29,2459759.5,1.1825171570,0.5585739095,25.2841807851,1.3084630585
2022-06-30,2459760.5,1.1707630441,0.5708630384,25.9938223741,1.3031806346
2022-07-01,2459761.5,1.1589013572,0.5829174880,26.7020055585,1.2978979174
2022-07-02,2459762.5,1.1469363025,0.5947363269,27.4087019894,1.2926146054
2022-07-03,2459763.5,1.1348720954,0.6063186934,28.1138829692,1.2873303973
2022-07-04,2459764.5,1.1227129593,0.6176637956,28.8175194408,1.2820449918
2022-07-05,2459765.5,1.1104631244,0.6287709117,29.5195819788,1.2767580881
2022-07-06,2459766.5,1.0981268270,0.6396393903,30.2200407780,1.2714693859
2022-07-07,2459767.5,1.0857083082,0.6502686501,30.9188656436,1.2661785858
2022-07-08,2459768.5,1.0732118130,0.6606581801,31.6160259792,1.2608853896
2022-07-09,2459769.5,1.0606415889,0.6708075399,32.3114907756,1.2555894999
2022-07-10,2459770.5,1.0480018852,0.6807163596,33.0052285983,1.2502906211
2022-07-11,2459771.5,1.0352969519,0.6903843398,33.6972075754,1.2449884593
2022-07-12,2459772.5,1.0225310382,0.6998112517,34.3873953842,1.2396827221
2022-07-13,2459773.5,1.0097083920,0.7089969372,35.0757592380,1.2343731196
2022-07-14,2459774.5,0.9968332585,0.7179413087,35.7622658718,1.2290593642
2022-07-15,2459775.5,0.9839098790,0.7266443493,36.4468815277,1.2237411706
2022-07-16,2459776.5,0.9709424901,0.7351061128,37.1295719405,1.2184182566
2022-07-17,2459777.5,0.9579353224,0.7433267234,37.8103023213,1.2130903429
2022-07-18,2459778.5,0.9448925996,0.7513063760,38.4890373417,1.2077571534
2022-07-19,2459779.5,0.9318185371,0.7590453358,39.1657411174,1.2024184158
2022-07-20,2459780.5,0.9187173412,0.7665439386,39.8403771904,1.1970738613
2022-07-21,2459781.5,0.9055932078,0.7738025901,40.5129085115,1.1917232252
2022-07-22,2459782.5,0.8924503214,0.7808217666,41.1832974214,1.1863662472
2022-07-23,2459783.5,0.8792928539,0.7876020143,41.8515056320,1.1810026714
2022-07-24,2459784.5,0.8661249634,0.7941439492,42.5174942065,1.1756322467
2022-07-25,2459785.5,0.8529507937,0.8004482573,43.1812235385,1.1702547272
2022-07-26,2459786.5,0.8397744720,0.8065156939,43.8426533316,1.1648698721
2022-07-27,2459787.5,0.8266001092,0.8123470840,44.5017425771,1.1594774465
2022-07-28,2459788.5,0.8134317975,0.8179433215,45.1584495316,1.1540772211
2022-07-29,2459789.5,0.8002736102,0.8233053695,45.8127316934,1.1486689732
2022-07-30,2459790.5,0.7871296000,0.8284342597,46.4645457791,1.1432524861
2022-07-31,2459791.5,0.7740037982,0.8333310923,47.1138476982,1.1378275502
2022-08-01,2459792.5,0.7609002136,0.8379970358,47.7605925278,1.1323939628
2022-08-02,2459793.5,0.7478228311,0.8424333266,48.4047344860,1.1269515288
2022-08-03,2459794.5,0.7347756106,0.8466412685,49.0462269048,1.1215000604
2022-08-04,2459795.5,0.7217624864,0.8506222327,49.6850222019,1.1160393784
2022-08-05,2459796.5,0.7087873653,0.8543776575,50.3210718518,1.1105693113
2022-08-06,2459797.5,0.6958541262,0.8579090476,50.9543263558,1.1050896968
2022-08-07,2459798.5,0.6829666182,0.8612179738,51.5847352113,1.0996003813
2022-08-08,2459799.5,0.6701286605,0.8643060729,52.2122468802,1.0941012207
2022-08-09,2459800.5,0.6573440401,0.8671750469,52.8368087560,1.0885920806
2022-08-10,2459801.5,0.6446165118,0.8698266629,53.4583671305,1.0830728368
2022-08-11,2459802.5,0.6319497963,0.8722627524,54.0768671587,1.0775433753
2022-08-12,2459803.5,0.6193475794,0.8744852108,54.6922528236,1.0720035932
2022-08-13,2459804.5,0.6068135108,0.8764959973,55.3044668995,1.0664533986
2022-08-14,2459805.5,0.5943512033,0.8782971338,55.9134509139,1.0608927115
2022-08-15,2459806.5,0.5819642310,0.8798907048,56.5191451092,1.0553214636
2022-08-16,2459807.5,0.5696561292,0.8812788567,57.1214884026,1.0497395993
2022-08-17,2459808.5,0.5574303922,0.8824637973,57.7204183454,1.0441470759
2022-08-18,2459809.5,0.5452904731,0.8834477950,58.3158710805,1.0385438639
2022-08-19,2459810.5,0.5332397823,0.8842331785,58.9077812998,1.0329299476
2022-08-20,2459811.5,0.5212816865,0.8848223360,59.4960821993,1.0273053255
2022-08-21,2459812.5,0.5094195075,0.8852177144,60.0807054343,1.0216700110
2022-08-22,2459813.5,0.4976565215,0.8854218190,60.6615810723,1.0160240325
2022-08-23,2459814.5,0.4859959574,0.8854372124,61.2386375456,1.0103674341
2022-08-24,2459815.5,0.4744409966,0.8852665141,61.8118016022,1.0047002764
2022-08-25,2459816.5,0.4629947712,0.8849123995,62.3809982559,0.9990226364
2022-08-26,2459817.5,0.4516603631,0.8843775996,62.9461507350,0.9933346086
2022-08-27,2459818.5,0.4404408036,0.8836648995,63.5071804302,0.9876363054
2022-08-28,2459819.5,0.4293390713,0.8827771383,64.0640068411,0.9819278574
2022-08-29,2459820.5,0.4183580922,0.8817172081,64.6165475215,0.9762094144
2022-08-30,2459821.5,0.4075007379,0.8804880527,65.1647180242,0.9704811460
2022-08-31,2459822.5,0.3967698247,0.8790926674,65.7084318439,0.9647432418
2022-09-01,2459823.5,0.3861681133,0.8775340978,66.2476003601,0.9589959123
2022-09-02,2459824.5,0.3756983067,0.8758154390,66.7821327780,0.9532393899
2022-09-03,2459825.5,0.3653630504,0.8739398343,67.3119360697,0.9474739291
2022-09-04,2459826.5,0.3551649304,0.8719104751,67.8369149133,0.9416998074
2022-09-05,2459827.5,0.3451064733,0.8697305989,68.3569716322,0.9359173259
2022-09-06,2459828.5,0.3351901443,0.8674034892,68.8720061334,0.9301268104
2022-09-07,2459829.5,0.3254183471,0.8649324740,69.3819158454,0.9243286120
2022-09-08,2459830.5,0.3157934227,0.8623209250,69.8865956552,0.9185231075
2022-09-09,2459831.5,0.3063176484,0.8595722564,70.3859378460,0.9127107011
2022-09-10,2459832.5,0.2969932373,0.8566899240,70.8798320333,0.9068918243
2022-09-11,2459833.5,0.2878223369,0.8536774240,71.3681651025,0.9010669375
2022-09-12,2459834.5,0.2788070288,0.8505382919,71.8508211459,0.8952365306
2022-09-13,2459835.5,0.2699493275,0.8472761015,72.3276814004,0.8894011239
2022-09-14,2459836.5,0.2612511798,0.8438944637,72.7986241855,0.8835612691
2022-09-15,2459837.5,0.2527144638,0.8403970253,73.2635248430,0.8777175506
2022-09-16,2459838.5,0.2443409884,0.8367874677,73.7222556775,0.8718705859
2022-09-17,2459839.5,0.2361324924,0.8330695062,74.1746858982,0.8660210274
2022-09-18,2459840.5,0.2280906437,0.8292468880,74.6206815634,0.8601695628
2022-09-19,2459841.5,0.2202170386,0.8253233918,75.0601055268,0.8543169167
2022-09-20,2459842.5,0.2125132013,0.8213028258,75.4928173869,0.8484638516
2022-09-21,2459843.5,0.2049805830,0.8171890272,75.9186734396,0.8426111690
2022-09-22,2459844.5,0.1976205612,0.8129858600,76.3375266350,0.8367597107
2022-09-23,2459845.5,0.1904344393,0.8086972145,76.7492265378,0.8309103602
2022-09-24,2459846.5,0.1834234458,0.8043270057,77.1536192942,0.8250640437
2022-09-25,2459847.5,0.1765887339,0.7998791716,77.5505476034,0.8192217317
2022-09-26,2459848.5,0.1699313806,0.7953576725,77.9398506965,0.8133844402
2022-09-27,2459849.5,0.1634523865,0.7907664892,78.3213643223,0.8075532320
2022-09-28,2459850.5,0.1571526749,0.7861096216,78.6949207425,0.8017292186
2022-09-29,2459851.5,0.1510330918,0.7813910876,79.0603487349,0.7959135609
2022-09-30,2459852.5,0.1450944051,0.7766149211,79.4174736087,0.7901074715
2022-10-01,2459853.5,0.1393373039,0.7717851715,79.7661172301,0.7843122156
2022-10-02,2459854.5,0.1337623988,0.7669059011,80.1060980619,0.7785291130
2022-10-03,2459855.5,0.1283702208,0.7619811848,80.4372312171,0.7727595393
2022-10-04,2459856.5,0.1231612211,0.7570151076,80.7593285281,0.7670049277
2022-10-05,2459857.5,0.1181357713,0.7520117639,81.0721986336,0.7612667708
2022-10-06,2459858.5,0.1132941621,0.7469752555,81.3756470848,0.7555466218
2022-10-07,2459859.5,0.1086366039,0.7419096902,81.6694764721,0.7498460964
2022-10-08,2459860.5,0.1041632260,0.7368191806,81.9534865747,0.7441668749
2022-10-09,2459861.5,0.0998740768,0.7317078420,82.2274745356,0.7385107029
2022-10-10,2459862.5,0.0957691230,0.7265797914,82.4912350629,0.7328793938
2022-10-11,2459863.5,0.0918482500,0.7214391455,82.7445606610,0.7272748303
2022-10-12,2459864.5,0.0881112615,0.7162900194,82.9872418931,0.7216989657
2022-10-13,2459865.5,0.0845578794,0.7111365250,83.2190676779,0.7161538259
2022-10-14,2459866.5,0.0811877435,0.7059827694,83.4398256234,0.7106415107
2022-10-15,2459867.5,0.0780004121,0.7008328532,83.6493023996,0.7051641956
2022-10-16,2459868.5,0.0749953612,0.6956908689,83.8472841537,0.6997241334
2022-10-17,2459869.5,0.0721719851,0.6905608997,84.0335569701,0.6943236550
2022-10-18,2459870.5,0.0695295959,0.6854470173,84.2079073779,0.6889651714
2022-10-19,2459871.5,0.0670674242,0.6803532806,84.3701229094,0.6836511747
2022-10-20,2459872.5,0.0647846187,0.6752837342,84.5199927117,0.6783842391
2022-10-21,2459873.5,0.0626802466,0.6702424064,84.6573082143,0.6731670221
2022-10-22,2459874.5,0.0607532937,0.6652333081,84.7818638559,0.6680022653
2022-10-23,2459875.5,0.0590026645,0.6602604306,84.8934578712,0.6628927949
2022-10-24,2459876.5,0.0574271826,0.6553277444,84.9918931429,0.6578415222
2022-10-25,2459877.5,0.0560255910,0.6504391974,85.0769781170,0.6528514442
2022-10-26,2459878.5,0.0547965523,0.6455987131,85.1485277868,0.6479256431
2022-10-27,2459879.5,0.0537386489,0.6408101896,85.2063647436,0.6430672863
2022-10-28,2459880.5,0.0528503838,0.6360774971,85.2503202970,0.6382796258
2022-10-29,2459881.5,0.0521301806,0.6314044770,85.2802356637,0.6335659972
2022-10-30,2459882.5,0.0515763841,0.6267949398,85.2959632238,0.6289298184
2022-10-31,2459883.5,0.0511872609,0.6222526639,85.2973678441,0.6243745880
2022-11-01,2459884.5,0.0509609998,0.6177813936,85.2843282649,0.6199038832
2022-11-02,2459885.5,0.0508957121,0.6133848376,85.2567385472,0.6155213573
2022-11-03,2459886.5,0.0509894328,0.6090666678,85.2145095754,0.6112307362
2022-11-04,2459887.5,0.0512401207,0.6048305171,85.1575706096,0.6070358154
2022-11-05,2459888.5,0.0516456591,0.6006799781,85.0858708797,0.6029404555
2022-11-06,2459889.5,0.0522038568,0.5966186016,84.9993812125,0.5989485775
2022-11-07,2459890.5,0.0529124486,0.5926498949,84.8980956822,0.5950641576
2022-11-08,2459891.5,0.0537690961,0.5887773205,84.7820332696,0.5912912212
2022-11-09,2459892.5,0.0547713885,0.5850042940,84.6512395193,0.5876338359
2022-11-10,2459893.5,0.0559168433,0.5813341833,84.5057881776,0.5840961047
2022-11-11,2459894.5,0.0572029074,0.5777703064,84.3457827932,0.5806821579
2022-11-12,2459895.5,0.0586269581,0.5743159305,84.1713582641,0.5773961440
2022-11-13,2459896.5,0.0601863034,0.5709742700,83.9826823085,0.5742422212
2022-11-14,2459897.5,0.0618781837,0.5677484853,83.7799568390,0.5712245464
2022-11-15,2459898.5,0.0636997726,0.5646416815,83.5634192176,0.5683472653
2022-11-16,2459899.5,0.0656481775,0.5616569066,83.3333433673,0.5656145008
2022-11-17,2459900.5,0.0677204412,0.5587971502,83.0900407175,0.5630303414
2022-11-18,2459901.5,0.0699135430,0.5560653423,82.8338609583,0.5605988283
2022-11-19,2459902.5,0.0722243992,0.5534643516,82.5651925812,0.5583239432
2022-11-20,2459903.5,0.0746498652,0.5509969846,82.2844631828,0.5562095946
2022-11-21,2459904.5,0.0771867358,0.5486659836,81.9921395111,0.5542596046
2022-11-22,2459905.5,0.0798317472,0.5464740261,81.6887272346,0.5524776947
2022-11-23,2459906.5,0.0825815776,0.5444237231,81.3747704189,0.5508674726
2022-11-24,2459907.5,0.0854328491,0.5425176178,81.0508506968,0.5494324175
2022-11-25,2459908.5,0.0883821284,0.5407581846,80.7175861223,0.5481758670
2022-11-26,2459909.5,0.0914259288,0.5391478279,80.3756297040,0.5471010034
2022-11-27,2459910.5,0.0945607111,0.5376888804,80.0256676170,0.5462108403
2022-11-28,2459911.5,0.0977828851,0.5363836028,79.6684170978,0.5455082102
2022-11-29,2459912.5,0.1010888112,0.5352341819,79.3046240315,0.5449957524
2022-11-30,2459913.5,0.1044748018,0.5342427298,78.9350602476,0.5446759016
2022-12-01,2459914.5,0.1079371227,0.5334112830,78.5605205437,0.5445508778
2022-12-02,2459915.5,0.1114719947,0.5327418012,78.1818194625,0.5446226766
2022-12-03,2459916.5,0.1150755951,0.5322361661,77.7997878545,0.5448930611
2022-12-04,2459917.5,0.1187440593,0.5318961808,77.4152692576,0.5453635547
2022-12-05,2459918.5,0.1224734825,0.5317235686,77.0291161357,0.5460354353
2022-12-06,2459919.5,0.1262599209,0.5317199721,76.6421860148,0.5469097306
2022-12-07,2459920.5,0.1300993940,0.5318869526,76.2553375621,0.5479872156
2022-12-08,2459921.5,0.1339878857,0.5322259888,75.8694266512,0.5492684102
2022-12-09,2459922.5,0.1379213460,0.5327384765,75.4853024599,0.5507535794
2022-12-10,2459923.5,0.1418956932,0.5334257274,75.1038036436,0.5524427342
2022-12-11,2459924.5,0.1459068152,0.5342889687,74.7257546283,0.5543356343
2022-12-12,2459925.5,0.1499505711,0.5353293421,74.3519620621,0.5564317921
2022-12-13,2459926.5,0.1540227933,0.5365479033,73.9832114634,0.5587304774
2022-12-14,2459927.5,0.1581192894,0.5379456216,73.6202640979,0.5612307243
2022-12-15,2459928.5,0.1622358433,0.5395233790,73.2638541130,0.5639313385
2022-12-16,2459929.5,0.1663682178,0.5412819696,72.9146859532,0.5668309058
2022-12-17,2459930.5,0.1705121557,0.5432220995,72.5734320748,0.5699278015
2022-12-18,2459931.5,0.1746633822,0.5453443860,72.2407309724,0.5732202005
2022-12-19,2459932.5,0.1788176066,0.5476493572,71.9171855250,0.5767060886
2022-12-20,2459933.5,0.1829705237,0.5501374519,71.6033616638,0.5803832734
2022-12-21,2459934.5,0.1871178163,0.5528090189,71.2997873601,0.5842493965
2022-12-22,2459935.5,0.1912551567,0.5556643169,71.0069519246,0.5883019454
2022-12-23,2459936.5,0.1953782086,0.5587035142,70.7253056087,0.5925382661
2022-12-24,2459937.5,0.1994826291,0.5619266885,70.4552594920,0.5969555753
2022-12-25,2459938.5,0.2035640705,0.5653338268,70.1971856392,0.6015509728
2022-12-26,2459939.5,0.2076181823,0.5689248251,69.9514175064,0.6063214537
2022-12-27,2459940.5,0.2116406126,0.5726994883,69.7182505737,0.6112639207
2022-12-28,2459941.5,0.2156270110,0.5766575304,69.4979431840,0.6163751954
2022-12-29,2459942.5,0.2195730294,0.5807985743,69.2907175608,0.6216520301
2022-12-30,2459943.5,0.2234743247,0.5851221518,69.0967609841,0.6270911185
2022-12-31,2459944.5,0.2273265602,0.5896277039,68.9162270986,0.6326891063
2023-01-01,2459945.5,0.2311254078,0.5943145806,68.7492373319,0.6384426012
2023-01-02,2459946.5,0.2348665497,0.5991820414,68.5958824013,0.6443481823
2023-01-03,2459947.5,0.2385456804,0.6042292552,68.4562238863,0.6504024090
2023-01-04,2459948.5,0.2421585085,0.6094553008,68.3302958483,0.6566018295
2023-01-05,2459949.5,0.2457007588,0.6148591671,68.2181064800,0.6629429883
2023-01-06,2459950.5,0.2491681738,0.6204397533,68.1196397662,0.6694224334
2023-01-07,2459951.5,0.2525565158,0.6261958694,68.0348571429,0.6760367233
2023-01-08,2459952.5,0.2558615688,0.6321262367,67.9636991402,0.6827824323
2023-01-09,2459953.5,0.2590791401,0.6382294881,67.9060869986,0.6896561568
2023-01-10,2459954.5,0.2622050625,0.6445041685,67.8619242480,0.6966545198
2023-01-11,2459955.5,0.2652351958,0.6509487358,67.8310982417,0.7037741753
2023-01-12,2459956.5,0.2681654285,0.6575615609,67.8134816384,0.7110118126
2023-01-13,2459957.5,0.2709916803,0.6643409286,67.8089338259,0.7183641596
2023-01-14,2459958.5,0.2737099028,0.6712850383,67.8173022833,0.7258279857
2023-01-15,2459959.5,0.2763160823,0.6783920045,67.8384238790,0.7334001048
2023-01-16,2459960.5,0.2788062408,0.6856598579,67.8721260997,0.7410773774
2023-01-17,2459961.5,0.2811764383,0.6930865456,67.9182282133,0.7488567127
2023-01-18,2459962.5,0.2834227738,0.7006699325,67.9765423609,0.7567350697
2023-01-19,2459963.5,0.2855413878,0.7084078016,68.0468745821,0.7647094589
2023-01-20,2459964.5,0.2875284633,0.7162978554,68.1290257715,0.7727769434
2023-01-21,2459965.5,0.2893802280,0.7243377165,68.2227925697,0.7809346393
2023-01-22,2459966.5,0.2910929553,0.7325249284,68.3279681888,0.7891797164
2023-01-23,2459967.5,0.2926629664,0.7408569569,68.4443431768,0.7975093984
2023-01-24,2459968.5,0.2940866319,0.7493311909,68.5717061202,0.8059209631
2023-01-25,2459969.5,0.2953603728,0.7579449434,68.7098442908,0.8144117424
2023-01-26,2459970.5,0.2964806627,0.7666954527,68.8585442361,0.8229791219
2023-01-27,2459971.5,0.2974440288,0.7755798833,69.0175923180,0.8316205406
2023-01-28,2459972.5,0.2982470536,0.7845953275,69.1867752026,0.8403334907
2023-01-29,2459973.5,0.2988863764,0.7937388061,69.3658803028,0.8491155167
2023-01-30,2459974.5,0.2993586944,0.8030072696,69.5546961775,0.8579642149
2023-01-31,2459975.5,0.2996607647,0.8123976000,69.7530128899,0.8668772325
2023-02-01,2459976.5,0.2997894048,0.8219066113,69.9606223268,0.8758522670
2023-02-02,2459977.5,0.2997414948,0.8315310515,70.1773184836,0.8848870654
2023-02-03,2459978.5,0.2995139781,0.8412676034,70.4028977150,0.8939794231
2023-02-04,2459979.5,0.2991038627,0.8511128862,70.6371589556,0.9031271827
2023-02-05,2459980.5,0.2985082230,0.8610634566,70.8799039119,0.9123282339
2023-02-06,2459981.5,0.2977242002,0.8711158105,71.1309372285,0.9215805115
2023-02-07,2459982.5,0.2967490042,0.8812663844,71.3900666301,0.9308819951
2023-02-08,2459983.5,0.2955799141,0.8915115565,71.6571030413,0.9402307076
2023-02-09,2459984.5,0.2942142798,0.9018476484,71.9318606866,0.9496247147
2023-02-10,2459985.5,0.2926495228,0.9122709267,72.2141571717,0.9590621232
2023-02-11,2459986.5,0.2908831374,0.9227776042,72.5038135486,0.9685410806
2023-02-12,2459987.5,0.2889126915,0.9333638415,72.8006543643,0.9780597738
2023-02-13,2459988.5,0.2867358278,0.9440257486,73.1045076973,0.9876164279
2023-02-14,2459989.5,0.2843502645,0.9547593865,73.4152051803,0.9972093058
2023-02-15,2459990.5,0.2817537964,0.9655607685,73.7325820125,1.0068367064
2023-02-16,2459991.5,0.2789442956,0.9764258621,74.0564769616,1.0164969643
2023-02-17,2459992.5,0.2759197123,0.9873505904,74.3867323566,1.0261884485
2023-02-18,2459993.5,0.2726780760,0.9983308336,74.7231940728,1.0359095618
2023-02-19,2459994.5,0.2692174957,1.0093624309,75.0657115098,1.0456587393
2023-02-20,2459995.5,0.2655361608,1.0204411820,75.4141375625,1.0554344483
2023-02-21,2459996.5,0.2616323421,1.0315628484,75.7683285875,1.0652351865
2023-02-22,2459997.5,0.2575043918,1.0427231556,76.1281443641,1.0750594822
2023-02-23,2459998.5,0.2531507450,1.0539177946,76.4934480509,1.0849058924
2023-02-24,2459999.5,0.2485699192,1.0651424231,76.8641061390,1.0947730029
2023-02-25,2460000.5,0.2437605160,1.0763926678,77.2399884021,1.1046594269
2023-02-26,2460001.5,0.2387212204,1.0876641256,77.6209678441,1.1145638047
2023-02-27,2460002.5,0.2334508023,1.0989523658,78.0069206439,1.1244848027
2023-02-28,2460003.5,0.2279481165,1.1102529309,78.3977260989,1.1344211124
2023-03-01,2460004.5,0.2222121027,1.1215613393,78.7932665668,1.1443714506
2023-03-02,2460005.5,0.2162417867,1.1328730863,79.1934274066,1.1543345576
2023-03-03,2460006.5,0.2100362801,1.1441836459,79.5980969178,1.1643091976
2023-03-04,2460007.5,0.2035947806,1.1554884729,80.0071662802,1.1742941573
2023-03-05,2460008.5,0.1969165728,1.1667830040,80.4205294926,1.1842882456
2023-03-06,2460009.5,0.1900010276,1.1780626597,80.8380833114,1.1942902932
2023-03-07,2460010.5,0.1828476032,1.1893228464,81.2597271892,1.2042991516
2023-03-08,2460011.5,0.1754558445,1.2005589572,81.6853632140,1.2143136929
2023-03-09,2460012.5,0.1678253840,1.2117663746,82.1148960480,1.2243328092
2023-03-10,2460013.5,0.1599559410,1.2229404713,82.5482328676,1.2343554118
2023-03-11,2460014.5,0.1518473224,1.2340766125,82.9852833033,1.2443804311
2023-03-12,2460015.5,0.1434994225,1.2451701571,83.4259593808,1.2544068161
2023-03-13,2460016.5,0.1349122226,1.2562164596,83.8701754623,1.2644335337
2023-03-14,2460017.5,0.1260857914,1.2672108719,84.3178481893,1.2744595682
2023-03-15,2460018.5,0.1170202849,1.2781487445,84.7688964257,1.2844839212
2023-03-16,2460019.5,0.1077159460,1.2890254285,85.2232412019,1.2945056110
2023-03-17,2460020.5,0.0981731044,1.2998362772,85.6808056602,1.3045236722
2023-03-18,2460021.5,0.0883921769,1.3105766474,86.1415150010,1.3145371554
2023-03-19,2460022.5,0.0783736665,1.3212419016,86.6052964300,1.3245451266
2023-03-20,2460023.5,0.0681181625,1.3318274088,87.0720791062,1.3345466670
2023-03-21,2460024.5,0.0576263404,1.3423285469,87.5417940921,1.3445408730
2023-03-22,2460025.5,0.0468989613,1.3527407037,88.0143743032,1.3545268550
2023-03-23,2460026.5,0.0359368717,1.3630592788,88.4897544604,1.3645037379
2023-03-24,2460027.5,0.0247410033,1.3732796848,88.9678710423,1.3744706605
2023-03-25,2460028.5,0.0133123722,1.3833973491,89.4486622387,1.3844267750
2023-03-26,2460029.5,0.0016520789,1.3934077156,89.9320679063,1.3943712470
2023-03-27,2460030.5,-0.0102386922,1.4033062457,90.4180295238,1.4043032552
2023-03-28,2460031.5,-0.0223586734,1.4130884203,90.9064901496,1.4142219908
2023-03-29,2460032.5,-0.0347065142,1.4227497407,91.3973943797,1.4241266576
2023-03-30,2460033.5,-0.0472807817,1.4322857309,91.8906883066,1.4340164716
2023-03-31,2460034.5,-0.0600799610,1.4416919381,92.3863194803,1.4438906608
2023-04-01,2460035.5,-0.0731024562,1.4509639349,92.8842368687,1.4537484649
2023-04-02,2460036.5,-0.0863465904,1.4600973203,93.3843908207,1.4635891351
2023-04-03,2460037.5,-0.0998106070,1.4690877212,93.8867330288,1.4734119338
2023-04-04,2460038.5,-0.1134926697,1.4779307938,94.3912164940,1.4832161346
2023-04-05,2460039.5,-0.1273908634,1.4866222249,94.8977954904,1.4930010219
2023-04-06,2460040.5,-0.1415031949,1.4951577335,95.4064255319,1.5027658907
2023-04-07,2460041.5,-0.1558275936,1.5035330717,95.9170633392,1.5125100466
2023-04-08,2460042.5,-0.1703619123,1.5117440264,96.4296668076,1.5222328053
2023-04-09,2460043.5,-0.1851039275,1.5197864203,96.9441949760,1.5319334926
2023-04-10,2460044.5,-0.2000513408,1.5276561134,97.4606079966,1.5416114443
2023-04-11,2460045.5,-0.2152017792,1.5353490041,97.9788671057,1.5512660060
2023-04-12,2460046.5,-0.2305527960,1.5428610307,98.4989345948,1.5608965326
2023-04-13,2460047.5,-0.2461018717,1.5501881721,99.0207737829,1.5705023886
2023-04-14,2460048.5,-0.2618464148,1.5573264496,99.5443489896,1.5800829478
2023-04-15,2460049.5,-0.2777837626,1.5642719276,100.0696255088,1.5896375928
2023-04-16,2460050.5,-0.2939111819,1.5710207150,100.5965695829,1.5991657155
2023-04-17,2460051.5,-0.3102258704,1.5775689664,101.1251483786,1.6086667164
2023-04-18,2460052.5,-0.3267249569,1.5839128829,101.6553299620,1.6181400047
2023-04-19,2460053.5,-0.3434055027,1.5900487137,102.1870832760,1.6275849980
2023-04-20,2460054.5,-0.3602645025,1.5959727565,102.7203781168,1.6370011226
2023-04-21,2460055.5,-0.3772988849,1.6016813594,103.2551851123,1.6463878126
2023-04-22,2460056.5,-0.3945055140,1.6071709210,103.7914757004,1.6557445107
2023-04-23,2460057.5,-0.4118811897,1.6124378924,104.3292221081,1.6650706673
2023-04-24,2460058.5,-0.4294226491,1.6174787773,104.8683973312,1.6743657408
2023-04-25,2460059.5,-0.4471265675,1.6222901335,105.4089751146,1.6836291973
2023-04-26,2460060.5,-0.4649895590,1.6268685739,105.9509299332,1.6928605107
2023-04-27,2460061.5,-0.4830081781,1.6312107672,106.4942369731,1.7020591622
2023-04-28,2460062.5,-0.5011789201,1.6353134387,107.0388721135,1.7112246408
2023-04-29,2460063.5,-0.5194982226,1.6391733716,107.5848119095,1.7203564425
2023-04-30,2460064.5,-0.5379624663,1.6427874076,108.1320335743,1.7294540707
2023-05-01,2460065.5,-0.5565679760,1.6461524479,108.6805149632,1.7385170358
2023-05-02,2460066.5,-0.5753110221,1.6492654538,109.2302345569,1.7475448554
2023-05-03,2460067.5,-0.5941878209,1.6521234479,109.7811714463,1.7565370540
2023-05-04,2460068.5,-0.6131945365,1.6547235145,110.3333053170,1.7654931628
2023-05-05,2460069.5,-0.6323272812,1.6570628007,110.8866164342,1.7744127199
2023-05-06,2460070.5,-0.6515821170,1.6591385168,111.4410856285,1.7832952700
2023-05-07,2460071.5,-0.6709550567,1.6609479375,111.9966942821,1.7921403643
2023-05-08,2460072.5,-0.6904420645,1.6624884022,112.5534243147,1.8009475607
2023-05-09,2460073.5,-0.7100390580,1.6637573159,113.1112581703,1.8097164232
2023-05-10,2460074.5,-0.7297419083,1.6647521500,113.6701788044,1.8184465224
2023-05-11,2460075.5,-0.7495464421,1.6654704425,114.2301696715,1.8271374350
2023-05-12,2460076.5,-0.7694484420,1.6659097993,114.7912147128,1.8357887440
2023-05-13,2460077.5,-0.7894436481,1.6660678941,115.3532983441,1.8444000381
2023-05-14,2460078.5,-0.8095277590,1.6659424697,115.9164054446,1.8529709125
2023-05-15,2460079.5,-0.8296964331,1.6655313380,116.4805213453,1.8615009681
2023-05-16,2460080.5,-0.8499452895,1.6648323811,117.0456318181,1.8699898116
2023-05-17,2460081.5,-0.8702699093,1.6638435512,117.6117230655,1.8784370556
2023-05-18,2460082.5,-0.8906658366,1.6625628717,118.1787817098,1.8868423184
2023-05-19,2460083.5,-0.9111285798,1.6609884376,118.7467947829,1.8952052240
2023-05-20,2460084.5,-0.9316536130,1.6591184157,119.3157497170,1.9035254018
2023-05-21,2460085.5,-0.9522363765,1.6569510454,119.8856343346,1.9118024869
2023-05-22,2460086.5,-0.9728722786,1.6544846388,120.4564368392,1.9200361199
2023-05-23,2460087.5,-0.9935566965,1.6517175815,121.0281458064,1.9282259466
2023-05-24,2460088.5,-1.0142849774,1.6486483330,121.6007501748,1.9363716183
2023-05-25,2460089.5,-1.0350524399,1.6452754268,122.1742392377,1.9444727915
2023-05-26,2460090.5,-1.0558543750,1.6415974709,122.7486026343,1.9525291279
2023-05-27,2460091.5,-1.0766860472,1.6376131484,123.3238303420,1.9605402944
2023-05-28,2460092.5,-1.0975426959,1.6333212175,123.8999126678,1.9685059629
2023-05-29,2460093.5,-1.1184195365,1.6287205121,124.4768402413,1.9764258105
2023-05-30,2460094.5,-1.1393117616,1.6238099421,125.0546040064,1.9842995192
2023-05-31,2460095.5,-1.1602145418,1.6185884934,125.6331952145,1.9921267758
2023-06-01,2460096.5,-1.1811230277,1.6130552286,126.2126054167,1.9999072723
2023-06-02,2460097.5,-1.2020323502,1.6072092869,126.7928264575,2.0076407053
2023-06-03,2460098.5,-1.2229376223,1.6010498846,127.3738504673,2.0153267761
2023-06-04,2460099.5,-1.2438339398,1.5945763152,127.9556698560,2.0229651910
2023-06-05,2460100.5,-1.2647163831,1.5877879497,128.5382773068,2.0305556607
2023-06-06,2460101.5,-1.2855800177,1.5806842369,129.1216657691,2.0380979006
2023-06-07,2460102.5,-1.3064198958,1.5732647030,129.7058284530,2.0455916310
2023-06-08,2460103.5,-1.3272310574,1.5655289528,130.2907588231,2.0530365763
2023-06-09,2460104.5,-1.3480085315,1.5574766688,130.8764505922,2.0604324655
2023-06-10,2460105.5,-1.3687473370,1.5491076120,131.4628977159,2.0677790323
2023-06-11,2460106.5,-1.3894424844,1.5404216218,132.0500943872,2.0750760146
2023-06-12,2460107.5,-1.4100889765,1.5314186162,132.6380350303,2.0823231546
2023-06-13,2460108.5,-1.4306818098,1.5220985917,133.2267142959,2.0895201989
2023-06-14,2460109.5,-1.4512159758,1.5124616236,133.8161270557,2.0966668986
2023-06-15,2460110.5,-1.4716864618,1.5025078659,134.4062683972,2.1037630086
2023-06-16,2460111.5,-1.4920882523,1.4922375515,134.9971336191,2.1108082884
2023-06-17,2460112.5,-1.5124163303,1.4816509920,135.5887182256,2.1178025016
2023-06-18,2460113.5,-1.5326656782,1.4707485781,136.1810179227,2.1247454156
2023-06-19,2460114.5,-1.5528312792,1.4595307791,136.7740286128,2.1316368024
2023-06-20,2460115.5,-1.5729081182,1.4479981433,137.3677463901,2.1384764376
2023-06-21,2460116.5,-1.5928911834,1.4361512978,137.9621675367,2.1452641012
2023-06-22,2460117.5,-1.6127754670,1.4239909486,138.5572885179,2.1519995769
2023-06-23,2460118.5,-1.6325559664,1.4115178801,139.1531059778,2.1586826526
2023-06-24,2460119.5,-1.6522276859,1.3987329558,139.7496167354,2.1653131199
2023-06-25,2460120.5,-1.6717856372,1.3856371176,140.3468177804,2.1718907744
2023-06-26,2460121.5,-1.6912248408,1.3722313857,140.9447062694,2.1784154157
2023-06-27,2460122.5,-1.7105403274,1.3585168590,141.5432795215,2.1848868470
2023-06-28,2460123.5,-1.7297271387,1.3444947144,142.1425350152,2.1913048754
2023-06-29,2460124.5,-1.7487803287,1.3301662070,142.7424703840,2.1976693120
2023-06-30,2460125.5,-1.7676949647,1.3155326700,143.3430834131,2.2039799712
2023-07-01,2460126.5,-1.7864661288,1.3005955143,143.9443720357,2.2102366715
2023-07-02,2460127.5,-1.8050889187,1.2853562282,144.5463343298,2.2164392351
2023-07-03,2460128.5,-1.8235584491,1.2698163778,145.1489685140,2.2225874875
2023-07-04,2460129.5,-1.8418698523,1.2539776062,145.7522729451,2.2286812584
2023-07-05,2460130.5,-1.8600182802,1.2378416335,146.3562461140,2.2347203806
2023-07-06,2460131.5,-1.8779989048,1.2214102566,146.9608866428,2.2407046909
2023-07-07,2460132.5,-1.8958069193,1.2046853490,147.5661932819,2.2466340295
2023-07-08,2460133.5,-1.9134375397,1.1876688603,148.1721649063,2.2525082403
2023-07-09,2460134.5,-1.9308860056,1.1703628161,148.7788005130,2.2583271706
2023-07-10,2460135.5,-1.9481475811,1.1527693178,149.3860992178,2.2640906712
2023-07-11,2460136.5,-1.9652175566,1.1348905422,149.9940602526,2.2697985966
2023-07-12,2460137.5,-1.9820912492,1.1167287410,150.6026829621,2.2754508047
2023-07-13,2460138.5,-1.9987640042,1.0982862407,151.2119668014,2.2810471568
2023-07-14,2460139.5,-2.0152311962,1.0795654423,151.8219113331,2.2865875177
2023-07-15,2460140.5,-2.0314882301,1.0605688208,152.4325162244,2.2920717558
2023-07-16,2460141.5,-2.0475305421,1.0412989248,153.0437812449,2.2974997426
2023-07-17,2460142.5,-2.0633536012,1.0217583763,153.6557062632,2.3028713534
2023-07-18,2460143.5,-2.0789529099,1.0019498700,154.2682912451,2.3081864666
2023-07-19,2460144.5,-2.0943240053,0.9818761733,154.8815362507,2.3134449641
2023-07-20,2460145.5,-2.1094624605,0.9615401254,155.4954414319,2.3186467313
2023-07-21,2460146.5,-2.1243638856,0.9409446375,156.1100070300,2.3237916566
2023-07-22,2460147.5,-2.1390239284,0.9200926915,156.7252333736,2.3288796322
2023-07-23,2460148.5,-2.1534382760,0.8989873402,157.3411208755,2.3339105534
2023-07-24,2460149.5,-2.1676026556,0.8776317068,157.9576700312,2.3388843188
2023-07-25,2460150.5,-2.1815128355,0.8560289838,158.5748814161,2.3438008305
2023-07-26,2460151.5,-2.1951646265,0.8341824333,159.1927556835,2.3486599937
2023-07-27,2460152.5,-2.2085538825,0.8120953858,159.8112935622,2.3534617172
2023-07-28,2460153.5,-2.2216765021,0.7897712401,160.4304958546,2.3582059129
2023-07-29,2460154.5,-2.2345284291,0.7672134625,161.0503634341,2.3628924961
2023-07-30,2460155.5,-2.2471056539,0.7444255864,161.6708972435,2.3675213852
2023-07-31,2460156.5,-2.2594042146,0.7214112115,162.2920982926,2.3720925022
2023-08-01,2460157.5,-2.2714201977,0.6981740036,162.9139676565,2.3766057722
2023-08-02,2460158.5,-2.2831497395,0.6747176934,163.5365064729,2.3810611235
2023-08-03,2460159.5,-2.2945890268,0.6510460766,164.1597159409,2.3854584881
2023-08-04,2460160.5,-2.3057342983,0.6271630125,164.7835973187,2.3897978007
2023-08-05,2460161.5,-2.3165818453,0.6030724240,165.4081519214,2.3940789997
2023-08-06,2460162.5,-2.3271280127,0.5787782965,166.0333811197,2.3983020267
2023-08-07,2460163.5,-2.3373692004,0.5542846775,166.6592863375,2.4024668265
2023-08-08,2460164.5,-2.3473018639,0.5295956755,167.2858690504,2.4065733472
2023-08-09,2460165.5,-2.3569225155,0.5047154599,167.9131307835,2.4106215403
2023-08-10,2460166.5,-2.3662277251,0.4796482597,168.5410731100,2.4146113605
2023-08-11,2460167.5,-2.3752141215,0.4543983631,169.1696976493,2.4185427657
2023-08-12,2460168.5,-2.3838783932,0.4289701165,169.7990060652,2.4224157173
2023-08-13,2460169.5,-2.3922172891,0.4033679240,170.4290000639,2.4262301799
2023-08-14,2460170.5,-2.4002276201,0.3775962464,171.0596813929,2.4299861213
2023-08-15,2460171.5,-2.4079062594,0.3516596005,171.6910518387,2.4336835127
2023-08-16,2460172.5,-2.4152501439,0.3255625581,172.3231132257,2.4373223288
2023-08-17,2460173.5,-2.4222562750,0.2993097455,172.9558674141,2.4409025473
2023-08-18,2460174.5,-2.4289217194,0.2729058423,173.5893162983,2.4444241493
2023-08-19,2460175.5,-2.4352436102,0.2463555808,174.2234618056,2.4478871195
2023-08-20,2460176.5,-2.4412191479,0.2196637449,174.8583058944,2.4512914457
2023-08-21,2460177.5,-2.4468456009,0.1928351693,175.4938505527,2.4546371190
2023-08-22,2460178.5,-2.4521203069,0.1658747387,176.1300977964,2.4579241340
2023-08-23,2460179.5,-2.4570406736,0.1387873867,176.7670496678,2.4611524887
2023-08-24,2460180.5,-2.4616041793,0.1115780950,177.4047082343,2.4643221844
2023-08-25,2460181.5,-2.4658083744,0.0842518922,178.0430755868,2.4674332258
2023-08-26,2460182.5,-2.4696508814,0.0568138530,178.6821538378,2.4704856210
2023-08-27,2460183.5,-2.4731293968,0.0292690973,179.3219451207,2.4734793815
2023-08-28,2460184.5,-2.4762416909,0.0016227890,179.9624515875,2.4764145223
2023-08-29,2460185.5,-2.4789856094,-0.0261198650,180.6036754079,2.4792910617
2023-08-30,2460186.5,-2.4813590738,-0.0539536157,181.2456187680,2.4821090217
2023-08-31,2460187.5,-2.4833600826,-0.0818731731,181.8882838682,2.4848684274
2023-09-01,2460188.5,-2.4849867114,-0.1098732076,182.5316729224,2.4875693077
2023-09-02,2460189.5,-2.4862371145,-0.1379483505,183.1757881563,2.4902116948
2023-09-03,2460190.5,-2.4871095251,-0.1660931955,183.8206318063,2.4927956245
2023-09-04,2460191.5,-2.4876022564,-0.1943023000,184.4662061177,2.4953211361
2023-09-05,2460192.5,-2.4877137022,-0.2225701856,185.1125133439,2.4977882723
2023-09-06,2460193.5,-2.4874423375,-0.2508913399,185.7595557446,2.5001970797
2023-09-07,2460194.5,-2.4867867194,-0.2792602173,186.4073355844,2.5025476080
2023-09-08,2460195.5,-2.4857454879,-0.3076712402,187.0558551322,2.5048399108
2023-09-09,2460196.5,-2.4843173664,-0.3361188006,187.7051166590,2.5070740453
2023-09-10,2460197.5,-2.4825011623,-0.3645972606,188.3551224370,2.5092500720
2023-09-11,2460198.5,-2.4802957679,-0.3931009544,189.0058747385,2.5113680553
2023-09-12,2460199.5,-2.4777001609,-0.4216241889,189.6573758342,2.5134280633
2023-09-13,2460200.5,-2.4747134053,-0.4501612454,190.3096279924,2.5154301676
2023-09-14,2460201.5,-2.4713346513,-0.4787063808,190.9626334773,2.5173744434
2023-09-15,2460202.5,-2.4675631367,-0.5072538286,191.6163945480,2.5192609699
2023-09-16,2460203.5,-2.4633981872,-0.5357978007,192.2709134570,2.5210898296
2023-09-17,2460204.5,-2.4588392168,-0.5643324882,192.9261924496,2.5228611091
2023-09-18,2460205.5,-2.4538857283,-0.5928520632,193.5822337618,2.5245748986
2023-09-19,2460206.5,-2.4485373142,-0.6213506798,194.2390396198,2.5262312919
2023-09-20,2460207.5,-2.4427936569,-0.6498224758,194.8966122384,2.5278303868
2023-09-21,2460208.5,-2.4366545293,-0.6782615737,195.5549538200,2.5293722850
2023-09-22,2460209.5,-2.4301197951,-0.7066620824,196.2140665532,2.5308570916
2023-09-23,2460210.5,-2.4231894095,-0.7350180984,196.8739526118,2.5322849158
2023-09-24,2460211.5,-2.4158634195,-0.7633237076,197.5346141538,2.5336558707
2023-09-25,2460212.5,-2.4081419642,-0.7915729861,198.1960533197,2.5349700732
2023-09-26,2460213.5,-2.4000252754,-0.8197600022,198.8582722318,2.5362276440
2023-09-27,2460214.5,-2.3915136777,-0.8478788178,199.5212729930,2.5374287077
2023-09-28,2460215.5,-2.3826075891,-0.8759234896,200.1850576854,2.5385733930
2023-09-29,2460216.5,-2.3733075212,-0.9038880706,200.8496283694,2.5396618324
2023-09-30,2460217.5,-2.3636140793,-0.9317666122,201.5149870827,2.5406941622
2023-10-01,2460218.5,-2.3535279632,-0.9595531648,202.1811358386,2.5416705230
2023-10-02,2460219.5,-2.3430499667,-0.9872417799,202.8480766256,2.5425910590
2023-10-03,2460220.5,-2.3321809785,-1.0148265117,203.5158114059,2.5434559187
2023-10-04,2460221.5,-2.3209219819,-1.0423014182,204.1843421144,2.5442652545
2023-10-05,2460222.5,-2.3092740554,-1.0696605632,204.8536706574,2.5450192227
2023-10-06,2460223.5,-2.2972383725,-1.0968980176,205.5237989118,2.5457179839
2023-10-07,2460224.5,-2.2848162020,-1.1240078610,206.1947287242,2.5463617026
2023-10-08,2460225.5,-2.2720089078,-1.1509841834,206.8664619092,2.5469505472
2023-10-09,2460226.5,-2.2588179496,-1.1778210868,207.5390002488,2.5474846905
2023-10-10,2460227.5,-2.2452448821,-1.2045126865,208.2123454912,2.5479643091
2023-10-11,2460228.5,-2.2312913559,-1.2310531132,208.8864993500,2.5483895840
2023-10-12,2460229.5,-2.2169591166,-1.2574365142,209.5614635027,2.5487607001
2023-10-13,2460230.5,-2.2022500054,-1.2836570551,210.2372395900,2.5490778464
2023-10-14,2460231.5,-2.1871659588,-1.3097089216,210.9138292147,2.5493412162
2023-10-15,2460232.5,-2.1717090084,-1.3355863212,211.5912339406,2.5495510067
2023-10-16,2460233.5,-2.1558812810,-1.3612834843,212.2694552916,2.5497074196
2023-10-17,2460234.5,-2.1396849981,-1.3867946664,212.9484947505,2.5498106604
2023-10-18,2460235.5,-2.1231224762,-1.4121141497,213.6283537584,2.5498609390
2023-10-19,2460236.5,-2.1061961260,-1.4372362444,214.3090337131,2.5498584693
2023-10-20,2460237.5,-2.0889084526,-1.4621552906,214.9905359686,2.5498034697
2023-10-21,2460238.5,-2.0712620550,-1.4868656600,215.6728618340,2.5496961624
2023-10-22,2460239.5,-2.0532596257,-1.5113617575,216.3560125723,2.5495367740
2023-10-23,2460240.5,-2.0349039507,-1.5356380228,217.0399893997,2.5493255352
2023-10-24,2460241.5,-2.0161979088,-1.5596889319,217.7247934847,2.5490626810
2023-10-25,2460242.5,-1.9971444712,-1.5835089994,218.4104259466,2.5487484504
2023-10-26,2460243.5,-1.9777467014,-1.6070927792,219.0968878553,2.5483830869
2023-10-27,2460244.5,-1.9580077541,-1.6304348670,219.7841802297,2.5479668380
2023-10-28,2460245.5,-1.9379308754,-1.6535299016,220.4723040371,2.5474999553
2023-10-29,2460246.5,-1.9175194018,-1.6763725665,221.1612601923,2.5469826948
2023-10-30,2460247.5,-1.8967767596,-1.6989575917,221.8510495565,2.5464153164
2023-10-31,2460248.5,-1.8757064647,-1.7212797550,222.5416729365,2.5457980846
2023-11-01,2460249.5,-1.8543121216,-1.7433338842,223.2331310835,2.5451312678
2023-11-02,2460250.5,-1.8325974228,-1.7651148584,223.9254246928,2.5444151384
2023-11-03,2460251.5,-1.8105661481,-1.7866176096,224.6185544021,2.5436499734
2023-11-04,2460252.5,-1.7882221639,-1.8078371242,225.3125207915,2.5428360535
2023-11-05,2460253.5,-1.7655694226,-1.8287684451,226.0073243817,2.5419736639
2023-11-06,2460254.5,-1.7426119613,-1.8494066728,226.7029656338,2.5410630936
2023-11-07,2460255.5,-1.7193539015,-1.8697469671,227.3994449480,2.5401046360
2023-11-08,2460256.5,-1.6957994480,-1.8897845490,228.0967626631,2.5390985883
2023-11-09,2460257.5,-1.6719528879,-1.9095147017,228.7949190552,2.5380452521
2023-11-10,2460258.5,-1.6478185897,-1.9289327728,229.4939143372,2.5369449327
2023-11-11,2460259.5,-1.6234010026,-1.9480341752,230.1937486579,2.5357979398
2023-11-12,2460260.5,-1.5987046551,-1.9668143893,230.8944221009,2.5346045868
2023-11-13,2460261.5,-1.5737341543,-1.9852689638,231.5959346839,2.5333651912
2023-11-14,2460262.5,-1.5484941845,-2.0033935178,232.2982863581,2.5320800746
2023-11-15,2460263.5,-1.5229895064,-2.0211837419,233.0014770070,2.5307495623
2023-11-16,2460264.5,-1.4972249559,-2.0386354000,233.7055064458,2.5293739837
2023-11-17,2460265.5,-1.4712054427,-2.0557443303,234.4103744205,2.5279536720
2023-11-18,2460266.5,-1.4449359495,-2.0725064471,235.1160806071,2.5264889643
2023-11-19,2460267.5,-1.4184215304,-2.0889177423,235.8226246108,2.5249802014
2023-11-20,2460268.5,-1.3916673099,-2.1049742862,236.5300059654,2.5234277281
2023-11-21,2460269.5,-1.3646784813,-2.1206722295,237.2382241319,2.5218318927
2023-11-22,2460270.5,-1.3374603060,-2.1360078043,237.9472784987,2.5201930474
2023-11-23,2460271.5,-1.3100181112,-2.1509773257,238.6571683797,2.5185115480
2023-11-24,2460272.5,-1.2823572894,-2.1655771926,239.3678930145,2.5167877539
2023-11-25,2460273.5,-1.2544832967,-2.1798038895,240.0794515669,2.5150220281
2023-11-26,2460274.5,-1.2264016511,-2.1936539877,240.7918431247,2.5132147372
2023-11-27,2460275.5,-1.1981179313,-2.2071241460,241.5050666986,2.5113662512
2023-11-28,2460276.5,-1.1696377752,-2.2202111126,242.2191212216,2.5094769436
2023-11-29,2460277.5,-1.1409668783,-2.2329117257,242.9340055481,2.5075471914
2023-11-30,2460278.5,-1.1121109922,-2.2452229151,243.6497184533,2.5055773747
2023-12-01,2460279.5,-1.0830759229,-2.2571417030,244.3662586327,2.5035678770
2023-12-02,2460280.5,-1.0538675295,-2.2686652051,245.0836247008,2.5015190852
2023-12-03,2460281.5,-1.0244917221,-2.2797906320,245.8018151908,2.4994313892
2023-12-04,2460282.5,-0.9949544607,-2.2905152896,246.5208285540,2.4973051820
2023-12-05,2460283.5,-0.9652617530,-2.3008365808,247.2406631587,2.4951408598
2023-12-06,2460284.5,-0.9354196533,-2.3107520059,247.9613172897,2.4929388216
2023-12-07,2460285.5,-0.9054342602,-2.3202591638,248.6827891478,2.4906994695
2023-12-08,2460286.5,-0.8753117150,-2.3293557530,249.4050768488,2.4884232083
2023-12-09,2460287.5,-0.8450582003,-2.3380395721,250.1281784229,2.4861104458
2023-12-10,2460288.5,-0.8146799378,-2.3463085209,250.8520918143,2.4837615924
2023-12-11,2460289.5,-0.7841831868,-2.3541606011,251.5768148801,2.4813770611
2023-12-12,2460290.5,-0.7535742420,-2.3615939172,252.3023453901,2.4789572675
2023-12-13,2460291.5,-0.7228594322,-2.3686066769,253.0286810259,2.4765026299
2023-12-14,2460292.5,-0.6920451179,-2.3751971922,253.7558193801,2.4740135686
2023-12-15,2460293.5,-0.6611376898,-2.3813638796,254.4837579561,2.4714905068
2023-12-16,2460294.5,-0.6301435669,-2.3871052611,255.2124941671,2.4689338693
2023-12-17,2460295.5,-0.5990691943,-2.3924199645,255.9420253356,2.4663440838
2023-12-18,2460296.5,-0.5679210416,-2.3973067242,256.6723486931,2.4637215795
2023-12-19,2460297.5,-0.5367056009,-2.4017643813,257.4034613788,2.4610667878
2023-12-20,2460298.5,-0.5054293846,-2.4057918845,258.1353604397,2.4583801422
2023-12-21,2460299.5,-0.4740989241,-2.4093882902,258.8680428297,2.4556620779
2023-12-22,2460300.5,-0.4427207670,-2.4125527630,259.6015054091,2.4529130316
2023-12-23,2460301.5,-0.4113014758,-2.4152845760,260.3357449438,2.4501334421
2023-12-24,2460302.5,-0.3798476257,-2.4175831110,261.0707581052,2.4473237494
2023-12-25,2460303.5,-0.3483658024,-2.4194478592,261.8065414692,2.4444843950
2023-12-26,2460304.5,-0.3168626005,-2.4208784206,262.5430915159,2.4416158220
2023-12-27,2460305.5,-0.2853446213,-2.4218745051,263.2804046292,2.4387184743
2023-12-28,2460306.5,-0.2538184709,-2.4224359319,264.0184770959,2.4357927975
2023-12-29,2460307.5,-0.2222907580,-2.4225626300,264.7573051054,2.4328392378
2023-12-30,2460308.5,-0.1907680920,-2.4222546382,265.4968847492,2.4298582425
2023-12-31,2460309.5,-0.1592570813,-2.4215121047,266.2372120207,2.4268502599
2024-01-01,2460310.5,-0.1277643307,-2.4203352879,266.9782828140,2.4238157388
2024-01-02,2460311.5,-0.0962964401,-2.4187245554,267.7200929240,2.4207551287
2024-01-03,2460312.5,-0.0648600017,-2.4166803845,268.4626380460,2.4176688797
2024-01-04,2460313.5,-0.0334615989,-2.4142033621,269.2059137749,2.4145574422
2024-01-05,2460314.5,-0.0021078034,-2.4112941838,269.9499156049,2.4114212670
2024-01-06,2460315.5,0.0291948258,-2.4079536544,270.6946389292,2.4082608050
2024-01-07,2460316.5,0.0604397455,-2.4041826875,271.4400790394,2.4050765071
2024-01-08,2460317.5,0.0916204293,-2.3999823048,272.1862311253,2.4018688244
2024-01-09,2460318.5,0.1227303701,-2.3953536360,272.9330902745,2.3986382075
2024-01-10,2460319.5,0.1537630818,-2.3902979186,273.6806514717,2.3953851071
2024-01-11,2460320.5,0.1847121015,-2.3848164970,274.4289095990,2.3921099732
2024-01-12,2460321.5,0.2155709912,-2.3789108224,275.1778594347,2.3888132553
2024-01-13,2460322.5,0.2463333398,-2.3725824522,275.9274956540,2.3854954025
2024-01-14,2460323.5,0.2769927653,-2.3658330494,276.6778128277,2.3821568630
2024-01-15,2460324.5,0.3075429161,-2.3586643818,277.4288054226,2.3787980840
2024-01-16,2460325.5,0.3379774733,-2.3510783220,278.1804678009,2.3754195120
2024-01-17,2460326.5,0.3682901526,-2.3430768459,278.9327942200,2.3720215920
2024-01-18,2460327.5,0.3984747060,-2.3346620326,279.6857788325,2.3686047680
2024-01-19,2460328.5,0.4285249236,-2.3258360635,280.4394156854,2.3651694828
2024-01-20,2460329.5,0.4584346356,-2.3166012214,281.1936987205,2.3617161772
2024-01-21,2460330.5,0.4881977141,-2.3069598899,281.9486217741,2.3582452909
2024-01-22,2460331.5,0.5178080744,-2.2969145522,282.7041785765,2.3547572616
2024-01-23,2460332.5,0.5472596776,-2.2864677908,283.4603627521,2.3512525252
2024-01-24,2460333.5,0.5765465316,-2.2756222858,284.2171678193,2.3477315156
2024-01-25,2460334.5,0.6056626932,-2.2643808147,284.9745871905,2.3441946645
2024-01-26,2460335.5,0.6346022698,-2.2527462510,285.7326141715,2.3406424016
2024-01-27,2460336.5,0.6633594207,-2.2407215632,286.4912419620,2.3370751541
2024-01-28,2460337.5,0.6919283593,-2.2283098139,287.2504636556,2.3334933466
2024-01-29,2460338.5,0.7203033544,-2.2155141586,288.0102722391,2.3298974013
2024-01-30,2460339.5,0.7484787318,-2.2023378448,288.7706605932,2.3262877375
2024-01-31,2460340.5,0.7764488759,-2.1887842104,289.5316214924,2.3226647718
2024-02-01,2460341.5,0.8042082313,-2.1748566830,290.2931476047,2.3190289178
2024-02-02,2460342.5,0.8317513045,-2.1605587786,291.0552314922,2.3153805857
2024-02-03,2460343.5,0.8590726649,-2.1458941003,291.8178656107,2.3117201830
2024-02-04,2460344.5,0.8861669468,-2.1308663368,292.5810423101,2.3080481134
2024-02-05,2460345.5,0.9130288504,-2.1154792618,293.3447538348,2.3043647773
2024-02-06,2460346.5,0.9396531437,-2.0997367320,294.1089923233,2.3006705716
2024-02-07,2460347.5,0.9660346633,-2.0836426861,294.8737498089,2.2969658893
2024-02-08,2460348.5,0.9921683163,-2.0672011435,295.6390182199,2.2932511198
2024-02-09,2460349.5,1.0180490811,-2.0504162027,296.4047893795,2.2895266483
2024-02-10,2460350.5,1.0436720093,-2.0332920402,297.1710550065,2.2857928562
2024-02-11,2460351.5,1.0690322265,-2.0158329087,297.9378067155,2.2820501205
2024-02-12,2460352.5,1.0941249334,-1.9980431363,298.7050360172,2.2782988141
2024-02-13,2460353.5,1.1189454077,-1.9799271241,299.4727343190,2.2745393053
2024-02-14,2460354.5,1.1434890045,-1.9614893458,300.2408929251,2.2707719580
2024-02-15,2460355.5,1.1677511579,-1.9427343451,301.0095030372,2.2669971315
2024-02-16,2460356.5,1.1917273818,-1.9236667353,301.7785557549,2.2632151802
2024-02-17,2460357.5,1.2154132714,-1.9042911969,302.5480420762,2.2594264538
2024-02-18,2460358.5,1.2388045038,-1.8846124765,303.3179528981,2.2556312970
2024-02-19,2460359.5,1.2618968391,-1.8646353850,304.0882790173,2.2518300495
2024-02-20,2460360.5,1.2846861217,-1.8443647964,304.8590111304,2.2480230456
2024-02-21,2460361.5,1.3071682806,-1.8238056457,305.6301398351,2.2442106147
2024-02-22,2460362.5,1.3293393310,-1.8029629278,306.4016556304,2.2403930805
2024-02-23,2460363.5,1.3511953749,-1.7818416956,307.1735489177,2.2365707614
2024-02-24,2460364.5,1.3727326016,-1.7604470583,307.9458100013,2.2327439701
2024-02-25,2460365.5,1.3939472890,-1.7387841801,308.7184290893,2.2289130139
2024-02-26,2460366.5,1.4148358043,-1.7168582783,309.4913962943,2.2250781940
2024-02-27,2460367.5,1.4353946044,-1.6946746217,310.2647016345,2.2212398060
2024-02-28,2460368.5,1.4556202369,-1.6722385291,311.0383350342,2.2173981395
2024-02-29,2460369.5,1.4755093407,-1.6495553673,311.8122863251,2.2135534781
2024-03-01,2460370.5,1.4950586467,-1.6266305497,312.5865452472,2.2097060991
2024-03-02,2460371.5,1.5142649783,-1.6034695348,313.3611014493,2.2058562739
2024-03-03,2460372.5,1.5331252520,-1.5800778239,314.1359444910,2.2020042675
2024-03-04,2460373.5,1.5516364779,-1.5564609601,314.9110638426,2.1981503384
2024-03-05,2460374.5,1.5697957605,-1.5326245260,315.6864488872,2.1942947388
2024-03-06,2460375.5,1.5876002988,-1.5085741427,316.4620889212,2.1904377145
2024-03-07,2460376.5,1.6050473868,-1.4843154674,317.2379731556,2.1865795046
2024-03-08,2460377.5,1.6221344141,-1.4598541922,318.0140907174,2.1827203415
2024-03-09,2460378.5,1.6388588662,-1.4351960421,318.7904306507,2.1788604510
2024-03-10,2460379.5,1.6552183248,-1.4103467735,319.5669819176,2.1750000520
2024-03-11,2460380.5,1.6712104682,-1.3853121725,320.3437334003,2.1711393567
2024-03-12,2460381.5,1.6868330714,-1.3600980530,321.1206739016,2.1672785703
2024-03-13,2460382.5,1.7020840066,-1.3347102553,321.8977921468,2.1634178911
2024-03-14,2460383.5,1.7169612433,-1.3091546441,322.6750767847,2.1595575103
2024-03-15,2460384.5,1.7314628485,-1.2834371071,323.4525163894,2.1556976121
2024-03-16,2460385.5,1.7455869867,-1.2575635531,324.2300994615,2.1518383736
2024-03-17,2460386.5,1.7593319204,-1.2315399104,325.0078144295,2.1479799648
2024-03-18,2460387.5,1.7726960098,-1.2053721252,325.7856496515,2.1441225482
2024-03-19,2460388.5,1.7856777133,-1.1790661597,326.5635934167,2.1402662794
2024-03-20,2460389.5,1.7982755872,-1.1526279909,327.3416339468,2.1364113066
2024-03-21,2460390.5,1.8104882858,-1.1260636082,328.1197593977,2.1325577706
2024-03-22,2460391.5,1.8223145613,-1.0993790125,328.8979578613,2.1287058048
2024-03-23,2460392.5,1.8337532641,-1.0725802141,329.6762173666,2.1248555355
2024-03-24,2460393.5,1.8448033424,-1.0456732311,330.4545258818,2.1210070812
2024-03-25,2460394.5,1.8554638422,-1.0186640880,331.2328713158,2.1171605533
2024-03-26,2460395.5,1.8657339071,-0.9915588139,332.0112415202,2.1133160556
2024-03-27,2460396.5,1.8756127784,-0.9643634408,332.7896242904,2.1094736843
2024-03-28,2460397.5,1.8850997946,-0.9370840023,333.5680073679,2.1056335283
2024-03-29,2460398.5,1.8941943914,-0.9097265315,334.3463784417,2.1017956689
2024-03-30,2460399.5,1.9028961015,-0.8822970601,335.1247251503,2.0979601799
2024-03-31,2460400.5,1.9112045541,-0.8548016162,335.9030350833,2.0941271275
2024-04-01,2460401.5,1.9191194751,-0.8272462230,336.6812957834,2.0902965705
2024-04-02,2460402.5,1.9266406860,-0.7996368972,337.4594947480,2.0864685601
2024-04-03,2460403.5,1.9337681045,-0.7719796476,338.2376194310,2.0826431399
2024-04-04,2460404.5,1.9405017435,-0.7442804734,339.0156572448,2.0788203460
2024-04-05,2460405.5,1.9468417110,-0.7165453626,339.7935955622,2.0750002070
2024-04-06,2460406.5,1.9527882097,-0.6887802907,340.5714217179,2.0711827441
2024-04-07,2460407.5,1.9583415362,-0.6609912192,341.3491230106,2.0673679707
2024-04-08,2460408.5,1.9635020813,-0.6331840939,342.1266867048,2.0635558929
2024-04-09,2460409.5,1.9682703289,-0.6053648436,342.9041000326,2.0597465093
2024-04-10,2460410.5,1.9726468557,-0.5775393785,343.6813501956,2.0559398111
2024-04-11,2460411.5,1.9766323307,-0.5497135891,344.4584243668,2.0521357820
2024-04-12,2460412.5,1.9802275149,-0.5218933443,345.2353096922,2.0483343982
2024-04-13,2460413.5,1.9834332603,-0.4940844902,346.0119932930,2.0445356287
2024-04-14,2460414.5,1.9862505097,-0.4662928488,346.7884622672,2.0407394351
2024-04-15,2460415.5,1.9886802959,-0.4385242166,347.5647036913,2.0369457715
2024-04-16,2460416.5,1.9907237414,-0.4107843628,348.3407046226,2.0331545850
2024-04-17,2460417.5,1.9923820572,-0.3830790285,349.1164521003,2.0293658152
2024-04-18,2460418.5,1.9936565428,-0.3554139251,349.8919331479,2.0255793946
2024-04-19,2460419.5,1.9945485852,-0.3277947330,350.6671347748,2.0217952487
2024-04-20,2460420.5,1.9950596581,-0.3002271002,351.4420439778,2.0180132957
2024-04-21,2460421.5,1.9951913216,-0.2727166411,352.2166477431,2.0142334467
2024-04-22,2460422.5,1.9949452211,-0.2452689351,352.9909330480,2.0104556058
2024-04-23,2460423.5,1.9943230867,-0.2178895256,353.7648868624,2.0066796703
2024-04-24,2460424.5,1.9933267326,-0.1905839183,354.5384961507,2.0029055305
2024-04-25,2460425.5,1.9919580561,-0.1633575804,355.3117478732,1.9991330697
2024-04-26,2460426.5,1.9902190369,-0.1362159391,356.0846289881,1.9953621647
2024-04-27,2460427.5,1.9881117365,-0.1091643804,356.8571264524,1.9915926853
2024-04-28,2460428.5,1.9856382969,-0.0822082482,357.6292272243,1.9878244948
2024-04-29,2460429.5,1.9828009404,-0.0553528426,358.4009182639,1.9840574499
2024-04-30,2460430.5,1.9796019683,-0.0286034192,359.1721865353,1.9802914006
2024-05-01,2460431.5,1.9760437602,-0.0019651879,359.9430190076,1.9765261907
2024-05-02,2460432.5,1.9721287731,0.0245566886,0.7134026567,1.9727616573
2024-05-03,2460433.5,1.9678595405,0.0509570955,1.4833244661,1.9689976316
2024-05-04,2460434.5,1.9632386716,0.0772309672,2.2527714289,1.9652339383
2024-05-05,2460435.5,1.9582688503,0.1033732883,3.0217305485,1.9614703959
2024-05-06,2460436.5,1.9529528343,0.1293790948,3.7901888400,1.9577068170
2024-05-07,2460437.5,1.9472934540,0.1552434748,4.5581333315,1.9539430081
2024-05-08,2460438.5,1.9412936120,0.1809615701,5.3255510652,1.9501787698
2024-05-09,2460439.5,1.9349562817,0.2065285768,6.0924290981,1.9464138970
2024-05-10,2460440.5,1.9282845063,0.2319397462,6.8587545035,1.9426481787
2024-05-11,2460441.5,1.9212813982,0.2571903862,7.6245143717,1.9388813985
2024-05-12,2460442.5,1.9139501377,0.2822758621,8.3896958109,1.9351133341
2024-05-13,2460443.5,1.9062939722,0.3071915972,9.1542859482,1.9313437580
2024-05-14,2460444.5,1.8983162148,0.3319330742,9.9182719300,1.9275724374
2024-05-15,2460445.5,1.8900202438,0.3564958361,10.6816409232,1.9237991340
2024-05-16,2460446.5,1.8814095012,0.3808754867,11.4443801156,1.9200236044
2024-05-17,2460447.5,1.8724874920,0.4050676917,12.2064767163,1.9162456004
2024-05-18,2460448.5,1.8632577827,0.4290681799,12.9679179565,1.9124648685
2024-05-19,2460449.5,1.8537240009,0.4528727434,13.7286910900,1.9086811505
2024-05-20,2460450.5,1.8438898334,0.4764772388,14.4887833931,1.9048941834
2024-05-21,2460451.5,1.8337590258,0.4998775883,15.2481821654,1.9011036996
2024-05-22,2460452.5,1.8233353811,0.5230697797,16.0068747300,1.8973094267
2024-05-23,2460453.5,1.8126227586,0.5460498681,16.7648484331,1.8935110883
2024-05-24,2460454.5,1.8016250727,0.5688139759,17.5220906446,1.8897084034
2024-05-25,2460455.5,1.7903462921,0.5913582940,18.2785887582,1.8859010867
2024-05-26,2460456.5,1.7787904383,0.6136790825,19.0343301907,1.8820888490
2024-05-27,2460457.5,1.7669615847,0.6357726710,19.7893023823,1.8782713969
2024-05-28,2460458.5,1.7548638552,0.6576354598,20.5434927962,1.8744484333
2024-05-29,2460459.5,1.7425014234,0.6792639205,21.2968889185,1.8706196572
2024-05-30,2460460.5,1.7298785111,0.7006545963,22.0494782571,1.8667847639
2024-05-31,2460461.5,1.7169993874,0.7218041029,22.8012483422,1.8629434454
2024-06-01,2460462.5,1.7038683673,0.7427091293,23.5521867246,1.8590953900
2024-06-02,2460463.5,1.6904898105,0.7633664380,24.3022809759,1.8552402828
2024-06-03,2460464.5,1.6768681206,0.7837728658,25.0515186873,1.8513778058
2024-06-04,2460465.5,1.6630077433,0.8039253246,25.7998874687,1.8475076377
2024-06-05,2460466.5,1.6489131658,0.8238208015,26.5473749478,1.8436294545
2024-06-06,2460467.5,1.6345889150,0.8434563596,27.2939687690,1.8397429292
2024-06-07,2460468.5,1.6200395568,0.8628291386,28.0396565925,1.8358477322
2024-06-08,2460469.5,1.6052696947,0.8819363551,28.7844260926,1.8319435311
2024-06-09,2460470.5,1.5902839682,0.9007753033,29.5282649566,1.8280299913
2024-06-10,2460471.5,1.5750870524,0.9193433551,30.2711608833,1.8241067758
2024-06-11,2460472.5,1.5596836557,0.9376379610,31.0131015813,1.8201735453
2024-06-12,2460473.5,1.5440785196,0.9556566503,31.7540747677,1.8162299583
2024-06-13,2460474.5,1.5282764166,0.9733970315,32.4940681657,1.8122756716
2024-06-14,2460475.5,1.5122821495,0.9908567928,33.2330695034,1.8083103399
2024-06-15,2460476.5,1.4961005501,1.0080337023,33.9710665114,1.8043336164
2024-06-16,2460477.5,1.4797364774,1.0249256087,34.7080469208,1.8003451525
2024-06-17,2460478.5,1.4631948170,1.0415304413,35.4439984610,1.7963445983
2024-06-18,2460479.5,1.4464804795,1.0578462104,36.1789088573,1.7923316025
2024-06-19,2460480.5,1.4295983993,1.0738710078,36.9127658286,1.7883058125
2024-06-20,2460481.5,1.4125535333,1.0896030069,37.6455570849,1.7842668748
2024-06-21,2460482.5,1.3953508596,1.1050404630,38.3772703244,1.7802144348
2024-06-22,2460483.5,1.3779953763,1.1201817136,39.1078932309,1.7761481371
2024-06-23,2460484.5,1.3604920999,1.1350251788,39.8374134710,1.7720676255
2024-06-24,2460485.5,1.3428460647,1.1495693611,40.5658186907,1.7679725436
2024-06-25,2460486.5,1.3250623206,1.1638128460,41.2930965127,1.7638625341
2024-06-26,2460487.5,1.3071459328,1.1777543020,42.0192345329,1.7597372396
2024-06-27,2460488.5,1.2891019794,1.1913924807,42.7442203172,1.7555963026
2024-06-28,2460489.5,1.2709355511,1.2047262174,43.4680413977,1.7514393654
2024-06-29,2460490.5,1.2526517494,1.2177544304,44.1906852693,1.7472660705
2024-06-30,2460491.5,1.2342556852,1.2304761220,44.9121393857,1.7430760606
2024-07-01,2460492.5,1.2157524778,1.2428903779,45.6323911560,1.7388689785
2024-07-02,2460493.5,1.1971472535,1.2549963677,46.3514279401,1.7346444679
2024-07-03,2460494.5,1.1784451442,1.2667933449,47.0692370447,1.7304021728
2024-07-04,2460495.5,1.1596512861,1.2782806466,47.7858057194,1.7261417381
2024-07-05,2460496.5,1.1407708186,1.2894576941,48.5011211514,1.7218628094
2024-07-06,2460497.5,1.1218088825,1.3003239923,49.2151704620,1.7175650335
2024-07-07,2460498.5,1.1027706194,1.3108791302,49.9279407010,1.7132480583
2024-07-08,2460499.5,1.0836611698,1.3211227805,50.6394188422,1.7089115328
2024-07-09,2460500.5,1.0644856720,1.3310546997,51.3495917783,1.7045551076
2024-07-10,2460501.5,1.0452492608,1.3406747280,52.0584463159,1.7001784348
2024-07-11,2460502.5,1.0259570663,1.3499827892,52.7659691698,1.6957811682
2024-07-12,2460503.5,1.0066142123,1.3589788908,53.4721469581,1.6913629633
2024-07-13,2460504.5,0.9872258151,1.3676631234,54.1769661960,1.6869234778
2024-07-14,2460505.5,0.9677969825,1.3760356610,54.8804132902,1.6824623711
2024-07-15,2460506.5,0.9483328121,1.3840967606,55.5824745332,1.6779793052
2024-07-16,2460507.5,0.9288383900,1.3918467623,56.2831360968,1.6734739442
2024-07-17,2460508.5,0.9093187899,1.3992860886,56.9823840261,1.6689459550
2024-07-18,2460509.5,0.8897790713,1.4064152447,57.6802042328,1.6643950067
2024-07-19,2460510.5,0.8702242786,1.4132348179,58.3765824886,1.6598207715
2024-07-20,2460511.5,0.8506594395,1.4197454775,59.0715044187,1.6552229245
2024-07-21,2460512.5,0.8310895638,1.4259479745,59.7649554944,1.6506011437
2024-07-22,2460513.5,0.8115196424,1.4318431413,60.4569210259,1.6459551104
2024-07-23,2460514.5,0.7919546454,1.4374318915,61.1473861553,1.6412845092
2024-07-24,2460515.5,0.7723995215,1.4427152192,61.8363358487,1.6365890283
2024-07-25,2460516.5,0.7528591960,1.4476941991,62.5237548886,1.6318683593
2024-07-26,2460517.5,0.7333385702,1.4523699860,63.2096278657,1.6271221978
2024-07-27,2460518.5,0.7138425197,1.4567438141,63.8939391709,1.6223502430
2024-07-28,2460519.5,0.6943758934,1.4608169970,64.5766729870,1.6175521986
2024-07-29,2460520.5,0.6749435117,1.4645909270,65.2578132796,1.6127277720
2024-07-30,2460521.5,0.6555501660,1.4680670748,65.9373437890,1.6078766753
2024-07-31,2460522.5,0.6362006168,1.4712469890,66.6152480204,1.6029986251
2024-08-01,2460523.5,0.6168995929,1.4741322956,67.2915092351,1.5980933423
2024-08-02,2460524.5,0.5976517898,1.4767246975,67.9661104406,1.5931605531
2024-08-03,2460525.5,0.5784618687,1.4790259739,68.6390343812,1.5881999881
2024-08-04,2460526.5,0.5593344550,1.4810379798,69.3102635276,1.5832113835
2024-08-05,2460527.5,0.5402741374,1.4827626456,69.9797800668,1.5781944803
2024-08-06,2460528.5,0.5212854664,1.4842019762,70.6475658914,1.5731490254
2024-08-07,2460529.5,0.5023729533,1.4853580508,71.3136025890,1.5680747708
2024-08-08,2460530.5,0.4835410688,1.4862330218,71.9778714307,1.5629714744
2024-08-09,2460531.5,0.4647942418,1.4868291147,72.6403533602,1.5578389002
2024-08-10,2460532.5,0.4461368583,1.4871486268,73.3010289817,1.5526768178
2024-08-11,2460533.5,0.4275732603,1.4871939271,73.9598785479,1.5474850034
2024-08-12,2460534.5,0.4091077443,1.4869674553,74.6168819482,1.5422632394
2024-08-13,2460535.5,0.3907445604,1.4864717213,75.2720186953,1.5370113148
2024-08-14,2460536.5,0.3724879110,1.4857093041,75.9252679129,1.5317290251
2024-08-15,2460537.5,0.3543419499,1.4846828514,76.5766083223,1.5264161730
2024-08-16,2460538.5,0.3363107807,1.4833950786,77.2260182283,1.5210725681
2024-08-17,2460539.5,0.3183984559,1.4818487681,77.8734755059,1.5156980270
2024-08-18,2460540.5,0.3006089758,1.4800467685,78.5189575855,1.5102923742
2024-08-19,2460541.5,0.2829462876,1.4779919938,79.1624414381,1.5048554412
2024-08-20,2460542.5,0.2654142836,1.4756874224,79.8039035606,1.4993870678
2024-08-21,2460543.5,0.2480168009,1.4731360962,80.4433199600,1.4938871013
2024-08-22,2460544.5,0.2307576197,1.4703411200,81.0806661376,1.4883553975
2024-08-23,2460545.5,0.2136404627,1.4673056605,81.7159170726,1.4827918202
2024-08-24,2460546.5,0.1966689937,1.4640329449,82.3490472052,1.4771962420
2024-08-25,2460547.5,0.1798468165,1.4605262606,82.9800304199,1.4715685440
2024-08-26,2460548.5,0.1631774743,1.4567889540,83.6088400271,1.4659086164
2024-08-27,2460549.5,0.1466644482,1.4528244293,84.2354487456,1.4602163583
2024-08-28,2460550.5,0.1303111563,1.4486361478,84.8598286837,1.4544916783
2024-08-29,2460551.5,0.1141209531,1.4442276266,85.4819513200,1.4487344944
2024-08-30,2460552.5,0.0980971277,1.4396024378,86.1017874840,1.4429447345
2024-08-31,2460553.5,0.0822429037,1.4347642073,86.7193073359,1.4371223363
2024-09-01,2460554.5,0.0665614377,1.4297166138,87.3344803458,1.4312672478
2024-09-02,2460555.5,0.0510558185,1.4244633875,87.9472752726,1.4253794274
2024-09-03,2460556.5,0.0357290660,1.4190083093,88.5576601421,1.4194588441
2024-09-04,2460557.5,0.0205841308,1.4133552094,89.1656022247,1.4135054778
2024-09-05,2460558.5,0.0056238926,1.4075079662,89.7710680122,1.4075193194
2024-09-06,2460559.5,-0.0091488400,1.4014705054,90.3740231945,1.4015003714
2024-09-07,2460560.5,-0.0237313310,1.3952467982,90.9744326351,1.3954486478
2024-09-08,2460561.5,-0.0381209174,1.3888408608,91.5722603466,1.3893641744
2024-09-09,2460562.5,-0.0523150101,1.3822567527,92.1674694643,1.3832469892
2024-09-10,2460563.5,-0.0663110949,1.3754985755,92.7600222211,1.3770971426
2024-09-11,2460564.5,-0.0801067331,1.3685704720,93.3498799196,1.3709146976
2024-09-12,2460565.5,-0.0936995625,1.3614766245,93.9370029049,1.3646997304
2024-09-13,2460566.5,-0.1070872978,1.3542212535,94.5213505362,1.3584523301
2024-09-14,2460567.5,-0.1202677318,1.3468086169,95.1028811575,1.3521725995
2024-09-15,2460568.5,-0.1332387356,1.3392430080,95.6815520676,1.3458606554
2024-09-16,2460569.5,-0.1459982598,1.3315287548,96.2573194898,1.3395166283
2024-09-17,2460570.5,-0.1585443348,1.3236702180,96.8301385399,1.3331406637
2024-09-18,2460571.5,-0.1708750716,1.3156717901,97.3999631941,1.3267329216
2024-09-19,2460572.5,-0.1829886625,1.3075378939,97.9667462558,1.3202935770
2024-09-20,2460573.5,-0.1948833816,1.2992729810,98.5304393214,1.3138228207
2024-09-21,2460574.5,-0.2065575854,1.2908815304,99.0909927458,1.3073208590
2024-09-22,2460575.5,-0.2180097135,1.2823680470,99.6483556062,1.3007879145
2024-09-23,2460576.5,-0.2292382889,1.2737370605,100.2024756653,1.2942242266
2024-09-24,2460577.5,-0.2402419187,1.2649931234,100.7532993343,1.2876300511
2024-09-25,2460578.5,-0.2510192947,1.2561408098,101.3007716336,1.2810056616
2024-09-26,2460579.5,-0.2615691934,1.2471847142,101.8448361540,1.2743513491
2024-09-27,2460580.5,-0.2718904771,1.2381294494,102.3854350156,1.2676674230
2024-09-28,2460581.5,-0.2819820938,1.2289796454,102.9225088271,1.2609542112
2024-09-29,2460582.5,-0.2918430779,1.2197399476,103.4559966428,1.2542120604
2024-09-30,2460583.5,-0.3014725503,1.2104150157,103.9858359199,1.2474413371
2024-10-01,2460584.5,-0.3108697190,1.2010095215,104.5119624734,1.2406424274
2024-10-02,2460585.5,-0.3200338792,1.1915281479,105.0343104319,1.2338157380
2024-10-03,2460586.5,-0.3289644140,1.1819755871,105.5528121903,1.2269616965
2024-10-04,2460587.5,-0.3376607938,1.1723565389,106.0673983635,1.2200807519
2024-10-05,2460588.5,-0.3461225777,1.1626757095,106.5779977378,1.2131733751
2024-10-06,2460589.5,-0.3543494127,1.1529378092,107.0845372218,1.2062400595
2024-10-07,2460590.5,-0.3623410344,1.1431475515,107.5869417969,1.1992813215
2024-10-08,2460591.5,-0.3700972669,1.1333096512,108.0851344661,1.1922977013
2024-10-09,2460592.5,-0.3776180232,1.1234288226,108.5790362022,1.1852897630
2024-10-10,2460593.5,-0.3849033050,1.1135097782,109.0685658960,1.1782580959
2024-10-11,2460594.5,-0.3919532029,1.1035572266,109.5536403023,1.1712033144
2024-10-12,2460595.5,-0.3987678963,1.0935758714,110.0341739864,1.1641260592
2024-10-13,2460596.5,-0.4053476537,1.0835704092,110.5100792694,1.1570269979
2024-10-14,2460597.5,-0.4116928323,1.0735455279,110.9812661731,1.1499068254
2024-10-15,2460598.5,-0.4178038780,1.0635059052,111.4476423645,1.1427662647
2024-10-16,2460599.5,-0.4236813257,1.0534562068,111.9091130997,1.1356060681
2024-10-17,2460600.5,-0.4293257985,1.0434010850,112.3655811676,1.1284270173
2024-10-18,2460601.5,-0.4347380080,1.0333451766,112.8169468337,1.1212299247
2024-10-19,2460602.5,-0.4399187542,1.0232931015,113.2631077836,1.1140156337
2024-10-20,2460603.5,-0.4448689248,1.0132494611,113.7039590668,1.1067850202
2024-10-21,2460604.5,-0.4495894953,1.0032188363,114.1393930411,1.0995389928
2024-10-22,2460605.5,-0.4540815287,0.9932057862,114.5692993168,1.0922784943
2024-10-23,2460606.5,-0.4583461748,0.9832148459,114.9935647027,1.0850045022
2024-10-24,2460607.5,-0.4623846705,0.9732505254,115.4120731522,1.0777180295
2024-10-25,2460608.5,-0.4661983386,0.9633173078,115.8247057111,1.0704201264
2024-10-26,2460609.5,-0.4697885883,0.9534196472,116.2313404674,1.0631118806
2024-10-27,2460610.5,-0.4731569137,0.9435619674,116.6318525020,1.0557944185
2024-10-28,2460611.5,-0.4763048941,0.9337486604,117.0261138429,1.0484689066
2024-10-29,2460612.5,-0.4792341933,0.9239840842,117.4139934211,1.0411365520
2024-10-30,2460613.5,-0.4819465586,0.9142725616,117.7953570305,1.0337986043
2024-10-31,2460614.5,-0.4844438208,0.9046183784,118.1700672906,1.0264563560
2024-11-01,2460615.5,-0.4867278933,0.8950257817,118.5379836146,1.0191111440
2024-11-02,2460616.5,-0.4888007711,0.8854989785,118.8989621806,1.0117643511
2024-11-03,2460617.5,-0.4906645309,0.8760421337,119.2528559102,1.0044174066
2024-11-04,2460618.5,-0.4923213294,0.8666593689,119.5995144514,0.9970717884
2024-11-05,2460619.5,-0.4937734034,0.8573547605,119.9387841696,0.9897290235
2024-11-06,2460620.5,-0.4950230684,0.8481323380,120.2705081460,0.9823906899
2024-11-07,2460621.5,-0.4960727179,0.8389960831,120.5945261840,0.9750584175
2024-11-08,2460622.5,-0.4969248227,0.8299499272,120.9106748266,0.9677338902
2024-11-09,2460623.5,-0.4975819299,0.8209977506,121.2187873824,0.9604188464
2024-11-10,2460624.5,-0.4980466618,0.8121433806,121.5186939654,0.9531150811
2024-11-11,2460625.5,-0.4983217152,0.8033905899,121.8102215463,0.9458244472
2024-11-12,2460626.5,-0.4984098601,0.7947430955,122.0931940184,0.9385488569
2024-11-13,2460627.5,-0.4983139388,0.7862045567,122.3674322800,0.9312902830
2024-11-14,2460628.5,-0.4980368649,0.7777785742,122.6327543320,0.9240507609
2024-11-15,2460629.5,-0.4975816222,0.7694686880,122.8889753966,0.9168323895
2024-11-16,2460630.5,-0.4969512632,0.7612783766,123.1359080543,0.9096373333
2024-11-17,2460631.5,-0.4961489084,0.7532110550,123.3733624038,0.9024678233
2024-11-18,2460632.5,-0.4951777448,0.7452700739,123.6011462466,0.8953261590
2024-11-19,2460633.5,-0.4940410247,0.7374587179,123.8190652963,0.8882147094
2024-11-20,2460634.5,-0.4927420647,0.7297802043,124.0269234167,0.8811359148
2024-11-21,2460635.5,-0.4912842440,0.7222376817,124.2245228902,0.8740922882
2024-11-22,2460636.5,-0.4896710031,0.7148342289,124.4116647178,0.8670864161
2024-11-23,2460637.5,-0.4879058430,0.7075728536,124.5881489548,0.8601209607
2024-11-24,2460638.5,-0.4859923230,0.7004564907,124.7537750830,0.8531986602
2024-11-25,2460639.5,-0.4839340599,0.6934880019,124.9083424225,0.8463223308
2024-11-26,2460640.5,-0.4817347262,0.6866701737,125.0516505853,0.8394948669
2024-11-27,2460641.5,-0.4793980491,0.6800057168,125.1834999739,0.8327192428
2024-11-28,2460642.5,-0.4769278081,0.6734972646,125.3036923260,0.8259985131
2024-11-29,2460643.5,-0.4743278346,0.6671473725,125.4120313085,0.8193358132
2024-11-30,2460644.5,-0.4716020094,0.6609585163,125.5083231636,0.8127343603
2024-12-01,2460645.5,-0.4687542616,0.6549330918,125.5923774078,0.8061974533
2024-12-02,2460646.5,-0.4657885671,0.6490734131,125.6640075872,0.7997284731
2024-12-03,2460647.5,-0.4627089465,0.6433817122,125.7230320895,0.7933308821
2024-12-04,2460648.5,-0.4595194639,0.6378601377,125.7692750156,0.7870082245
2024-12-05,2460649.5,-0.4562242250,0.6325107541,125.8025671107,0.7807641247
2024-12-06,2460650.5,-0.4528273754,0.6273355408,125.8227467562,0.7746022872
2024-12-07,2460651.5,-0.4493330991,0.6223363914,125.8296610230,0.7685264946
2024-12-08,2460652.5,-0.4457456164,0.6175151127,125.8231667845,0.7625406060
2024-12-09,2460653.5,-0.4420691826,0.6128734240,125.8031318893,0.7566485552
2024-12-10,2460654.5,-0.4383080859,0.6084129566,125.7694363921,0.7508543477
2024-12-11,2460655.5,-0.4344666455,0.6041352529,125.7219738386,0.7451620580
2024-12-12,2460656.5,-0.4305492103,0.6000417655,125.6606526021,0.7395758260
2024-12-13,2460657.5,-0.4265601567,0.5961338573,125.5853972665,0.7340998527
2024-12-14,2460658.5,-0.4225038866,0.5924128001,125.4961500501,0.7287383961
2024-12-15,2460659.5,-0.4183848260,0.5888797746,125.3928722624,0.7234957656
2024-12-16,2460660.5,-0.4142074229,0.5855358699,125.2755457870,0.7183763162
2024-12-17,2460661.5,-0.4099761455,0.5823820825,125.1441745786,0.7133844423
2024-12-18,2460662.5,-0.4056954800,0.5794193168,124.9987861653,0.7085245707
2024-12-19,2460663.5,-0.4013699293,0.5766483839,124.8394331416,0.7038011525
2024-12-20,2460664.5,-0.3970040105,0.5740700015,124.6661946392,0.6992186550
2024-12-21,2460665.5,-0.3926022533,0.5716847939,124.4791777601,0.6947815528
2024-12-22,2460666.5,-0.3881691982,0.5694932914,124.2785189540,0.6904943175
2024-12-23,2460667.5,-0.3837093942,0.5674959303,124.0643853240,0.6863614078
2024-12-24,2460668.5,-0.3792273970,0.5656930526,123.8369758402,0.6823872583
2024-12-25,2460669.5,-0.3747277673,0.5640849060,123.5965224411,0.6785762679
2024-12-26,2460670.5,-0.3702150688,0.5626716437,123.3432910039,0.6749327877
2024-12-27,2460671.5,-0.3656938657,0.5614533245,123.0775821610,0.6714611079
2024-12-28,2460672.5,-0.3611687217,0.5604299126,122.7997319439,0.6681654451
2024-12-29,2460673.5,-0.3566441972,0.5596012778,122.5101122327,0.6650499285
2024-12-30,2460674.5,-0.3521248480,0.5589671955,122.2091309925,0.6621185858
2024-12-31,2460675.5,-0.3476152229,0.5585273472,121.8972322792,0.6593753293
2025-01-01,2460676.5,-0.3431198619,0.5582813198,121.5748959978,0.6568239418
2025-01-02,2460677.5,-0.3386432946,0.5582286069,121.2426373992,0.6544680619
2025-01-03,2460678.5,-0.3341900378,0.5583686082,120.9010063049,0.6523111701
2025-01-04,2460679.5,-0.3297645937,0.5587006302,120.5505860518,0.6503565747
2025-01-05,2460680.5,-0.3253714482,0.5592238866,120.1919921522,0.6486073983
2025-01-06,2460681.5,-0.3210150688,0.5599374985,119.8258706693,0.6470665644
2025-01-07,2460682.5,-0.3166999029,0.5608404946,119.4528963121,0.6457367850
2025-01-08,2460683.5,-0.3124303757,0.5619318124,119.0737702582,0.6446205488
2025-01-09,2460684.5,-0.3082108882,0.5632102979,118.6892177178,0.6437201099
2025-01-10,2460685.5,-0.3040458160,0.5646747067,118.2999852559,0.6430374783
2025-01-11,2460686.5,-0.2999395066,0.5663237043,117.9068378953,0.6425744103
2025-01-12,2460687.5,-0.2958962782,0.5681558668,117.5105560264,0.6423324013
2025-01-13,2460688.5,-0.2919204176,0.5701696815,117.1119321529,0.6423126790
2025-01-14,2460689.5,-0.2880161787,0.5723635479,116.7117675077,0.6425161986
2025-01-15,2460690.5,-0.2841877800,0.5747357781,116.3108685732,0.6429436385
2025-01-16,2460691.5,-0.2804394038,0.5772845977,115.9100435447,0.6435953985
2025-01-17,2460692.5,-0.2767751937,0.5800081466,115.5100987745,0.6444715989
2025-01-18,2460693.5,-0.2731992532,0.5829044800,115.1118352372,0.6455720811
2025-01-19,2460694.5,-0.2697156442,0.5859715691,114.7160450533,0.6468964097
2025-01-20,2460695.5,-0.2663283847,0.5892073022,114.3235081097,0.6484438762
2025-01-21,2460696.5,-0.2630414479,0.5926094854,113.9349888120,0.6502135039
2025-01-22,2460697.5,-0.2598587597,0.5961758439,113.5512330020,0.6522040540
2025-01-23,2460698.5,-0.2567841982,0.5999040230,113.1729650694,0.6544140334
2025-01-24,2460699.5,-0.2538215908,0.6037915887,112.8008852843,0.6568417031
2025-01-25,2460700.5,-0.2509747140,0.6078360297,112.4356673716,0.6594850881
2025-01-26,2460701.5,-0.2482472907,0.6120347576,112.0779563454,0.6623419878
2025-01-27,2460702.5,-0.2456429893,0.6163851085,111.7283666157,0.6654099877
2025-01-28,2460703.5,-0.2431654224,0.6208843444,111.3874803762,0.6686864713
2025-01-29,2460704.5,-0.2408181446,0.6255296540,111.0558462763,0.6721686327
2025-01-30,2460705.5,-0.2386046520,0.6303181541,110.7339783781,0.6758534899
2025-01-31,2460706.5,-0.2365283800,0.6352468909,110.4223553930,0.6797378981
2025-02-01,2460707.5,-0.2345927026,0.6403128414,110.1214201899,0.6838185633
2025-02-02,2460708.5,-0.2328009303,0.6455129146,109.8315795644,0.6880920559
2025-02-03,2460709.5,-0.2311563099,0.6508439530,109.5532042545,0.6925548244
2025-02-04,2460710.5,-0.2296620221,0.6563027337,109.2866291867,0.6972032087
2025-02-05,2460711.5,-0.2283211809,0.6618859700,109.0321539344,0.7020334536
2025-02-06,2460712.5,-0.2271368324,0.6675903131,108.7900433693,0.7070417214
2025-02-07,2460713.5,-0.2261119535,0.6734123528,108.5605284848,0.7122241047
2025-02-08,2460714.5,-0.2252494505,0.6793486200,108.3438073723,0.7175766383
2025-02-09,2460715.5,-0.2245521585,0.6853955870,108.1400463280,0.7230953111
2025-02-10,2460716.5,-0.2240228402,0.6915496702,107.9493810705,0.7287760768
2025-02-11,2460717.5,-0.2236641846,0.6978072309,107.7719180498,0.7346148643
2025-02-12,2460718.5,-0.2234788062,0.7041645768,107.6077358278,0.7406075880
2025-02-13,2460719.5,-0.2234692441,0.7106179640,107.4568865127,0.7467501569
2025-02-14,2460720.5,-0.2236379609,0.7171635985,107.3193972312,0.7530384828
2025-02-15,2460721.5,-0.2239873420,0.7237976373,107.1952716225,0.7594684890
2025-02-16,2460722.5,-0.2245196948,0.7305161907,107.0844913395,0.7660361171
2025-02-17,2460723.5,-0.2252372474,0.7373153235,106.9870175464,0.7727373340
2025-02-18,2460724.5,-0.2261421484,0.7441910566,106.9027923999,0.7795681379
2025-02-19,2460725.5,-0.2272364660,0.7511393690,106.8317405048,0.7865245643
2025-02-20,2460726.5,-0.2285221871,0.7581561990,106.7737703362,0.7936026905
2025-02-21,2460727.5,-0.2300012167,0.7652374462,106.7287756203,0.8007986402
2025-02-22,2460728.5,-0.2316753774,0.7723789733,106.6966366688,0.8081085877
2025-02-23,2460729.5,-0.2335464088,0.7795766071,106.6772216618,0.8155287611
2025-02-24,2460730.5,-0.2356159668,0.7868261410,106.6703878758,0.8230554453
2025-02-25,2460731.5,-0.2378856230,0.7941233362,106.6759828536,0.8306849850
2025-02-26,2460732.5,-0.2403568645,0.8014639236,106.6938455152,0.8384137862
2025-02-27,2460733.5,-0.2430310933,0.8088436054,106.7238072079,0.8462383185
2025-02-28,2460734.5,-0.2459096259,0.8162580568,106.7656926958,0.8541551166
2025-03-01,2460735.5,-0.2489936929,0.8237029278,106.8193210882,0.8621607809
2025-03-02,2460736.5,-0.2522844386,0.8311738450,106.8845067080,0.8702519789
2025-03-03,2460737.5,-0.2557829208,0.8386664129,106.9610599022,0.8784254456
2025-03-04,2460738.5,-0.2594901105,0.8461762161,107.0487877938,0.8866779837
2025-03-05,2460739.5,-0.2634068916,0.8536988207,107.1474949788,0.8950064637
2025-03-06,2460740.5,-0.2675340609,0.8612297762,107.2569841698,0.9034078242
2025-03-07,2460741.5,-0.2718723277,0.8687646171,107.3770567879,0.9118790711
2025-03-08,2460742.5,-0.2764223137,0.8762988645,107.5075135055,0.9204172776
2025-03-09,2460743.5,-0.2811845530,0.8838280281,107.6481547423,0.9290195833
2025-03-10,2460744.5,-0.2861594921,0.8913476076,107.7987811178,0.9376831939
2025-03-11,2460745.5,-0.2913474895,0.8988530944,107.9591938606,0.9464053800
2025-03-12,2460746.5,-0.2967488164,0.9063399737,108.1291951797,0.9551834765
2025-03-13,2460747.5,-0.3023636559,0.9138037255,108.3085885977,0.9640148814
2025-03-14,2460748.5,-0.3081921036,0.9212398270,108.4971792505,0.9728970550
2025-03-15,2460749.5,-0.3142341678,0.9286437536,108.6947741534,0.9818275188
2025-03-16,2460750.5,-0.3204897691,0.9360109809,108.9011824384,0.9908038541
2025-03-17,2460751.5,-0.3269587410,0.9433369865,109.1162155628,0.9998237009
2025-03-18,2460752.5,-0.3336408301,0.9506172512,109.3396874917,1.0088847570
2025-03-19,2460753.5,-0.3405356960,0.9578472609,109.5714148579,1.0179847764
2025-03-20,2460754.5,-0.3476429118,0.9650225082,109.8112170979,1.0271215681
2025-03-21,2460755.5,-0.3549619645,0.9721384939,110.0589165692,1.0362929952
2025-03-22,2460756.5,-0.3624922550,0.9791907288,110.3143386483,1.0454969730
2025-03-23,2460757.5,-0.3702330987,0.9861747350,110.5773118116,1.0547314686
2025-03-24,2460758.5,-0.3781837257,0.9930860476,110.8476677010,1.0639944986
2025-03-25,2460759.5,-0.3863432812,0.9999202163,111.1252411751,1.0732841289
2025-03-26,2460760.5,-0.3947108263,1.0066728067,111.4098703480,1.0825984727
2025-03-27,2460761.5,-0.4032853377,1.0133394022,111.7013966157,1.0919356895
2025-03-28,2460762.5,-0.4120657091,1.0199156051,111.9996646725,1.1012939841
2025-03-29,2460763.5,-0.4210507510,1.0263970386,112.3045225176,1.1106716053
2025-03-30,2460764.5,-0.4302391914,1.0327793477,112.6158214534,1.1200668445
2025-03-31,2460765.5,-0.4396296765,1.0390582009,112.9334160759,1.1294780349
2025-04-01,2460766.5,-0.4492207714,1.0452292918,113.2571642585,1.1389035501
2025-04-02,2460767.5,-0.4590109602,1.0512883403,113.5869271291,1.1483418032
2025-04-03,2460768.5,-0.4689986471,1.0572310942,113.9225690430,1.1577912457
2025-04-04,2460769.5,-0.4791821569,1.0630533304,114.2639575497,1.1672503664
2025-04-05,2460770.5,-0.4895597356,1.0687508564,114.6109633566,1.1767176903
2025-04-06,2460771.5,-0.5001295511,1.0743195114,114.9634602883,1.1861917776
2025-04-07,2460772.5,-0.5108896940,1.0797551683,115.3213252434,1.1956712232
2025-04-08,2460773.5,-0.5218381784,1.0850537341,115.6844381483,1.2051546549
2025-04-09,2460774.5,-0.5329729424,1.0902111519,116.0526819086,1.2146407333
2025-04-10,2460775.5,-0.5442918490,1.0952234019,116.4259423588,1.2241281505
2025-04-11,2460776.5,-0.5557926872,1.1000865028,116.8041082107,1.2336156291
2025-04-12,2460777.5,-0.5674731721,1.1047965128,117.1870709996,1.2431019217
2025-04-13,2460778.5,-0.5793309464,1.1093495310,117.5747250306,1.2525858100
2025-04-14,2460779.5,-0.5913635810,1.1137416986,117.9669673235,1.2620661039
2025-04-15,2460780.5,-0.6035685759,1.1179692000,118.3636975572,1.2715416407
2025-04-16,2460781.5,-0.6159433607,1.1220282641,118.7648180143,1.2810112845
2025-04-17,2460782.5,-0.6284852963,1.1259151654,119.1702335248,1.2904739254
2025-04-18,2460783.5,-0.6411916751,1.1296262248,119.5798514104,1.2999284788
2025-04-19,2460784.5,-0.6540597220,1.1331578113,119.9935814286,1.3093738848
2025-04-20,2460785.5,-0.6670865959,1.1365063427,120.4113357172,1.3188091073
2025-04-21,2460786.5,-0.6802693900,1.1396682865,120.8330287397,1.3282331338
2025-04-22,2460787.5,-0.6936051329,1.1426401614,121.2585772299,1.3376449743
2025-04-23,2460788.5,-0.7070907901,1.1454185380,121.6879001387,1.3470436610
2025-04-24,2460789.5,-0.7207232642,1.1480000399,122.1209185802,1.3564282477
2025-04-25,2460790.5,-0.7344993965,1.1503813446,122.5575557794,1.3657978092
2025-04-26,2460791.5,-0.7484159678,1.1525591846,122.9977370199,1.3751514407
2025-04-27,2460792.5,-0.7624696993,1.1545303484,123.4413895936,1.3844882573
2025-04-28,2460793.5,-0.7766572541,1.1562916809,123.8884427498,1.3938073937
2025-04-29,2460794.5,-0.7909752374,1.1578400849,124.3388276464,1.4031080034
2025-04-30,2460795.5,-0.8054201986,1.1591725220,124.7924773011,1.4123892582
2025-05-01,2460796.5,-0.8199886316,1.1602860127,125.2493265444,1.4216503484
2025-05-02,2460797.5,-0.8346769760,1.1611776381,125.7093119729,1.4308904813
2025-05-03,2460798.5,-0.8494816185,1.1618445403,126.1723719041,1.4401088817
2025-05-04,2460799.5,-0.8643988938,1.1622839232,126.6384463312,1.4493047911
2025-05-05,2460800.5,-0.8794250855,1.1624930533,127.1074768803,1.4584774671
2025-05-06,2460801.5,-0.8945564276,1.1624692607,127.5794067677,1.4676261834
2025-05-07,2460802.5,-0.9097891054,1.1622099395,128.0541807577,1.4767502292
2025-05-08,2460803.5,-0.9251192564,1.1617125485,128.5317451229,1.4858489089
2025-05-09,2460804.5,-0.9405429720,1.1609746121,129.0120476041,1.4949215418
2025-05-10,2460805.5,-0.9560562981,1.1599937212,129.4950373715,1.5039674615
2025-05-11,2460806.5,-0.9716552364,1.1587675332,129.9806649872,1.5129860160
2025-05-12,2460807.5,-0.9873357457,1.1572937733,130.4688823686,1.5219765669
2025-05-13,2460808.5,-1.0030937428,1.1555702345,130.9596427522,1.5309384896
2025-05-14,2460809.5,-1.0189251040,1.1535947788,131.4529006586,1.5398711725
2025-05-15,2460810.5,-1.0348256658,1.1513653375,131.9486118592,1.5487740170
2025-05-16,2460811.5,-1.0507912264,1.1488799115,132.4467333419,1.5576464373
2025-05-17,2460812.5,-1.0668175468,1.1461365724,132.9472232798,1.5664878597
2025-05-18,2460813.5,-1.0829003519,1.1431334627,133.4500409994,1.5752977229
2025-05-19,2460814.5,-1.0990353318,1.1398687960,133.9551469498,1.5840754773
2025-05-20,2460815.5,-1.1152181428,1.1363408583,134.4625026731,1.5928205849
2025-05-21,2460816.5,-1.1314444088,1.1325480076,134.9720707755,1.6015325191
2025-05-22,2460817.5,-1.1477097220,1.1284886750,135.4838148990,1.6102107646
2025-05-23,2460818.5,-1.1640096450,1.1241613647,135.9976996938,1.6188548168
2025-05-24,2460819.5,-1.1803397109,1.1195646545,136.5136907918,1.6274641818
2025-05-25,2460820.5,-1.1966954254,1.1146971966,137.0317547806,1.6360383762
2025-05-26,2460821.5,-1.2130722674,1.1095577174,137.5518591779,1.6445769269
2025-05-27,2460822.5,-1.2294656904,1.1041450181,138.0739724075,1.6530793709
2025-05-28,2460823.5,-1.2458711238,1.0984579751,138.5980637749,1.6615452550
2025-05-29,2460824.5,-1.2622839739,1.0924955403,139.1241034442,1.6699741357
2025-05-30,2460825.5,-1.2786996253,1.0862567415,139.6520624155,1.6783655789
2025-05-31,2460826.5,-1.2951134418,1.0797406823,140.1819125030,1.6867191601
2025-06-01,2460827.5,-1.3115207679,1.0729465428,140.7136263133,1.6950344636
2025-06-02,2460828.5,-1.3279169299,1.0658735797,141.2471772250,1.7033110829
2025-06-03,2460829.5,-1.3442972370,1.0585211267,141.7825393680,1.7115486202
2025-06-04,2460830.5,-1.3606569825,1.0508885943,142.3196876043,1.7197466864
2025-06-05,2460831.5,-1.3769914453,1.0429754704,142.8585975084,1.7279049009
2025-06-06,2460832.5,-1.3932958906,1.0347813204,143.3992453492,1.7360228914
2025-06-07,2460833.5,-1.4095655716,1.0263057873,143.9416080713,1.7441002938
2025-06-08,2460834.5,-1.4257957302,1.0175485920,144.4856632780,1.7521367522
2025-06-09,2460835.5,-1.4419815988,1.0085095331,145.0313892136,1.7601319185
2025-06-10,2460836.5,-1.4581184008,0.9991884877,145.5787647472,1.7680854523
2025-06-11,2460837.5,-1.4742013524,0.9895854106,146.1277693561,1.7759970211
2025-06-12,2460838.5,-1.4902256634,0.9797003353,146.6783831105,1.7838662996
2025-06-13,2460839.5,-1.5061865386,0.9695333735,147.2305866576,1.7916929702
2025-06-14,2460840.5,-1.5220791790,0.9590847152,147.7843612072,1.7994767225
2025-06-15,2460841.5,-1.5378987827,0.9483546290,148.3396885167,1.8072172532
2025-06-16,2460842.5,-1.5536405466,0.9373434622,148.8965508775,1.8149142661
2025-06-17,2460843.5,-1.5692996670,0.9260516404,149.4549311007,1.8225674720
2025-06-18,2460844.5,-1.5848713413,0.9144796677,150.0148125041,1.8301765885
2025-06-19,2460845.5,-1.6003507689,0.9026281271,150.5761788989,1.8377413398
2025-06-20,2460846.5,-1.6157331526,0.8904976796,151.1390145774,1.8452614571
2025-06-21,2460847.5,-1.6310136993,0.8780890651,151.7033043001,1.8527366776
2025-06-22,2460848.5,-1.6461876218,0.8654031017,152.2690332843,1.8601667455
2025-06-23,2460849.5,-1.6612501396,0.8524406860,152.8361871918,1.8675514109
2025-06-24,2460850.5,-1.6761964803,0.8392027926,153.4047521179,1.8748904305
2025-06-25,2460851.5,-1.6910218804,0.8256904747,153.9747145802,1.8821835669
2025-06-26,2460852.5,-1.7057215871,0.8119048631,154.5460615077,1.8894305888
2025-06-27,2460853.5,-1.7202908586,0.7978471669,155.1187802304,1.8966312712
2025-06-28,2460854.5,-1.7347249662,0.7835186727,155.6928584689,1.9037853946
2025-06-29,2460855.5,-1.7490191949,0.7689207451,156.2682843245,1.9108927457
2025-06-30,2460856.5,-1.7631688446,0.7540548258,156.8450462692,1.9179531167
2025-07-01,2460857.5,-1.7771692314,0.7389224340,157.4231331368,1.9249663055
2025-07-02,2460858.5,-1.7910156887,0.7235251659,158.0025341129,1.9319321159
2025-07-03,2460859.5,-1.8047035686,0.7078646948,158.5832387264,1.9388503568
2025-07-04,2460860.5,-1.8182282426,0.6919427704,159.1652368403,1.9457208430
2025-07-05,2460861.5,-1.8315851029,0.6757612188,159.7485186437,1.9525433944
2025-07-06,2460862.5,-1.8447695639,0.6593219426,160.3330746427,1.9593178364
2025-07-07,2460863.5,-1.8577770629,0.6426269199,160.9188956527,1.9660439996
2025-07-08,2460864.5,-1.8706030616,0.6256782047,161.5059727903,1.9727217199
2025-07-09,2460865.5,-1.8832430468,0.6084779263,162.0942974656,1.9793508381
2025-07-10,2460866.5,-1.8956925320,0.5910282888,162.6838613744,1.9859312006
2025-07-11,2460867.5,-1.9079470583,0.5733315712,163.2746564910,1.9924626583
2025-07-12,2460868.5,-1.9200021957,0.5553901269,163.8666750609,1.9989450673
2025-07-13,2460869.5,-1.9318535438,0.5372063830,164.4599095937,2.0053782889
2025-07-14,2460870.5,-1.9434967335,0.5187828406,165.0543528564,2.0117621887
2025-07-15,2460871.5,-1.9549274278,0.5001220738,165.6499978660,2.0180966377
2025-07-16,2460872.5,-1.9661413229,0.4812267298,166.2468378841,2.0243815114
2025-07-17,2460873.5,-1.9771341496,0.4620995280,166.8448664091,2.0306166900
2025-07-18,2460874.5,-1.9879016738,0.4427432600,167.4440771710,2.0368020585
2025-07-19,2460875.5,-1.9984396985,0.4231607889,168.0444641247,2.0429375065
2025-07-20,2460876.5,-2.0087440641,0.4033550492,168.6460214440,2.0490229282
2025-07-21,2460877.5,-2.0188106499,0.3833290457,169.2487435162,2.0550582223
2025-07-22,2460878.5,-2.0286353752,0.3630858538,169.8526249356,2.0610432922
2025-07-23,2460879.5,-2.0382142003,0.3426286182,170.4576604985,2.0669780455
2025-07-24,2460880.5,-2.0475431277,0.3219605532,171.0638451974,2.0728623945
2025-07-25,2460881.5,-2.0566182027,0.3010849416,171.6711742156,2.0786962557
2025-07-26,2460882.5,-2.0654355155,0.2800051342,172.2796429222,2.0844795501
2025-07-27,2460883.5,-2.0739912011,0.2587245497,172.8892468667,2.0902122030
2025-07-28,2460884.5,-2.0822814414,0.2372466737,173.4999817739,2.0958941439
2025-07-29,2460885.5,-2.0903024654,0.2155750580,174.1118435390,2.1015253067
2025-07-30,2460886.5,-2.0980505509,0.1937133207,174.7248282231,2.1071056294
2025-07-31,2460887.5,-2.1055220253,0.1716651448,175.3389320478,2.1126350543
2025-08-01,2460888.5,-2.1127132668,0.1494342780,175.9541513911,2.1181135278
2025-08-02,2460889.5,-2.1196207050,0.1270245320,176.5704827825,2.1235410006
2025-08-03,2460890.5,-2.1262408227,0.1044397819,177.1879228987,2.1289174272
2025-08-04,2460891.5,-2.1325701562,0.0816839652,177.8064685592,2.1342427665
2025-08-05,2460892.5,-2.1386052968,0.0587610816,178.4261167219,2.1395169814
2025-08-06,2460893.5,-2.1443428916,0.0356751920,179.0468644788,2.1447400386
2025-08-07,2460894.5,-2.1497796448,0.0124304177,179.6687090522,2.1499119092
2025-08-08,2460895.5,-2.1549123183,-0.0109690600,180.2916477902,2.1550325679
2025-08-09,2460896.5,-2.1597377330,-0.0345190009,180.9156781630,2.1601019936
2025-08-10,2460897.5,-2.1642527697,-0.0582151065,181.5407977589,2.1651201691
2025-08-11,2460898.5,-2.1684543703,-0.0820530206,182.1670042803,2.1700870811
2025-08-12,2460899.5,-2.1723395385,-0.1060283306,182.7942955400,2.1750027203
2025-08-13,2460900.5,-2.1759053408,-0.1301365676,183.4226694577,2.1798670811
2025-08-14,2460901.5,-2.1791489077,-0.1543732079,184.0521240559,2.1846801620
2025-08-15,2460902.5,-2.1820674346,-0.1787336736,184.6826574568,2.1894419651
2025-08-16,2460903.5,-2.1846581826,-0.2032133333,185.3142678782,2.1941524965
2025-08-17,2460904.5,-2.1869184796,-0.2278075030,185.9469536305,2.1988117661
2025-08-18,2460905.5,-2.1888457212,-0.2525114473,186.5807131130,2.2034197876
2025-08-19,2460906.5,-2.1904373716,-0.2773203801,187.2155448106,2.2079765784
2025-08-20,2460907.5,-2.1916909647,-0.3022294653,187.8514472906,2.2124821597
2025-08-21,2460908.5,-2.1926041046,-0.3272338181,188.4884191993,2.2169365566
2025-08-22,2460909.5,-2.1931744671,-0.3523285060,189.1264592586,2.2213397977
2025-08-23,2460910.5,-2.1933998001,-0.3775085492,189.7655662632,2.2256919156
2025-08-24,2460911.5,-2.1932779248,-0.4027689223,190.4057390773,2.2299929465
2025-08-25,2460912.5,-2.1928067363,-0.4281045549,191.0469766316,2.2342429301
2025-08-26,2460913.5,-2.1919842047,-0.4535103327,191.6892779199,2.2384419102
2025-08-27,2460914.5,-2.1908083760,-0.4789810986,192.3326419966,2.2425899340
2025-08-28,2460915.5,-2.1892773725,-0.5045116537,192.9770679736,2.2466870524
2025-08-29,2460916.5,-2.1873893944,-0.5300967582,193.6225550172,2.2507333201
2025-08-30,2460917.5,-2.1851427199,-0.5557311330,194.2691023453,2.2547287954
2025-08-31,2460918.5,-2.1825357063,-0.5814094602,194.9167092249,2.2586735401
2025-09-01,2460919.5,-2.1795667908,-0.6071263846,195.5653749686,2.2625676199
2025-09-02,2460920.5,-2.1762344914,-0.6328765148,196.2150989327,2.2664111039
2025-09-03,2460921.5,-2.1725374075,-0.6586544242,196.8658805137,2.2702040650
2025-09-04,2460922.5,-2.1684742205,-0.6844546524,197.5177191461,2.2739465797
2025-09-05,2460923.5,-2.1640436951,-0.7102717061,198.1706142996,2.2776387278
2025-09-06,2460924.5,-2.1592446795,-0.7361000605,198.8245654762,2.2812805932
2025-09-07,2460925.5,-2.1540761062,-0.7619341605,199.4795722082,2.2848722631
2025-09-08,2460926.5,-2.1485369930,-0.7877684220,200.1356340551,2.2884138283
2025-09-09,2460927.5,-2.1426264434,-0.8135972331,200.7927506013,2.2919053832
2025-09-10,2460928.5,-2.1363436474,-0.8394149551,201.4509214534,2.2953470258
2025-09-11,2460929.5,-2.1296878820,-0.8652159242,202.1101462379,2.2987388577
2025-09-12,2460930.5,-2.1226585121,-0.8909944528,202.7704245990,2.3020809841
2025-09-13,2460931.5,-2.1152549907,-0.9167448304,203.4317561954,2.3053735136
2025-09-14,2460932.5,-2.1074768602,-0.9424613252,204.0941406987,2.3086165585
2025-09-15,2460933.5,-2.0993237522,-0.9681381857,204.7575777906,2.3118102347
2025-09-16,2460934.5,-2.0907953886,-0.9937696416,205.4220671606,2.3149546613
2025-09-17,2460935.5,-2.0818915818,-1.0193499054,206.0876085038,2.3180499615
2025-09-18,2460936.5,-2.0726122357,-1.0448731739,206.7542015185,2.3210962615
2025-09-19,2460937.5,-2.0629573455,-1.0703336293,207.4218459038,2.3240936913
2025-09-20,2460938.5,-2.0529269989,-1.0957254411,208.0905413576,2.3270423844
2025-09-21,2460939.5,-2.0425213763,-1.1210427670,208.7602875742,2.3299424778
2025-09-22,2460940.5,-2.0317407509,-1.1462797549,209.4310842422,2.3327941120
2025-09-23,2460941.5,-2.0205854898,-1.1714305438,210.1029310422,2.3355974310
2025-09-24,2460942.5,-2.0090560538,-1.1964892659,210.7758276447,2.3383525824
2025-09-25,2460943.5,-1.9971529982,-1.2214500475,211.4497737076,2.3410597171
2025-09-26,2460944.5,-1.9848769728,-1.2463070110,212.1247688749,2.3437189897
2025-09-27,2460945.5,-1.9722287227,-1.2710542760,212.8008127737,2.3463305581
2025-09-28,2460946.5,-1.9592090880,-1.2956859614,213.4779050125,2.3488945839
2025-09-29,2460947.5,-1.9458190046,-1.3201961862,214.1560451794,2.3514112319
2025-09-30,2460948.5,-1.9320595045,-1.3445790717,214.8352328395,2.3538806706
2025-10-01,2460949.5,-1.9179317154,-1.3688287428,215.5154675331,2.3563030718
2025-10-02,2460950.5,-1.9034368617,-1.3929393298,216.1967487738,2.3586786109
2025-10-03,2460951.5,-1.8885762642,-1.4169049695,216.8790760465,2.3610074665
2025-10-04,2460952.5,-1.8733513405,-1.4407198074,217.5624488053,2.3632898210
2025-10-05,2460953.5,-1.8577636048,-1.4643779989,218.2468664714,2.3655258598
2025-10-06,2460954.5,-1.8418146686,-1.4878737112,218.9323284316,2.3677157720
2025-10-07,2460955.5,-1.8255062401,-1.5112011249,219.6188340359,2.3698597501
2025-10-08,2460956.5,-1.8088401248,-1.5343544353,220.3063825961,2.3719579899
2025-10-09,2460957.5,-1.7918182253,-1.5573278546,220.9949733832,2.3740106906
2025-10-10,2460958.5,-1.7744425411,-1.5801156132,221.6846056264,2.3760180547
2025-10-11,2460959.5,-1.7567151690,-1.6027119615,222.3752785105,2.3779802883
2025-10-12,2460960.5,-1.7386383027,-1.6251111714,223.0669911745,2.3798976007
2025-10-13,2460961.5,-1.7202142330,-1.6473075384,223.7597427098,2.3817702044
2025-10-14,2460962.5,-1.7014453472,-1.6692953829,224.4535321580,2.3835983155
2025-10-15,2460963.5,-1.6823341296,-1.6910690520,225.1483585095,2.3853821533
2025-10-16,2460964.5,-1.6628831607,-1.7126229213,225.8442207017,2.3871219402
2025-10-17,2460965.5,-1.6430951173,-1.7339513965,226.5411176171,2.3888179023
2025-10-18,2460966.5,-1.6229727724,-1.7550489152,227.2390480816,2.3904702685
2025-10-19,2460967.5,-1.6025189944,-1.7759099486,227.9380108630,2.3920792712
2025-10-20,2460968.5,-1.5817367476,-1.7965290032,228.6380046692,2.3936451461
2025-10-21,2460969.5,-1.5606290909,-1.8169006223,229.3390281462,2.3951681320
2025-10-22,2460970.5,-1.5391991781,-1.8370193884,230.0410798770,2.3966484708
2025-10-23,2460971.5,-1.5174502575,-1.8568799240,230.7441583797,2.3980864078
2025-10-24,2460972.5,-1.4953856709,-1.8764768940,231.4482621057,2.3994821911
2025-10-25,2460973.5,-1.4730088537,-1.8958050073,232.1533894386,2.4008360724
2025-10-26,2460974.5,-1.4503233342,-1.9148590181,232.8595386921,2.4021483061
2025-10-27,2460975.5,-1.4273327329,-1.9336337284,233.5667081087,2.4034191498
2025-10-28,2460976.5,-1.4040407622,-1.9521239889,234.2748958582,2.4046488643
2025-10-29,2460977.5,-1.3804512256,-1.9703247013,234.9841000362,2.4058377132
2025-10-30,2460978.5,-1.3565680170,-1.9882308196,235.6943186624,2.4069859633
2025-10-31,2460979.5,-1.3323951202,-2.0058373522,236.4055496792,2.4080938843
2025-11-01,2460980.5,-1.3079366082,-2.0231393634,237.1177909505,2.4091617488
2025-11-02,2460981.5,-1.2831966423,-2.0401319747,237.8310402600,2.4101898323
2025-11-03,2460982.5,-1.2581794712,-2.0568103674,238.5452953097,2.4111784133
2025-11-04,2460983.5,-1.2328894307,-2.0731697835,239.2605537188,2.4121277731
2025-11-05,2460984.5,-1.2073309421,-2.0892055274,239.9768130223,2.4130381958
2025-11-06,2460985.5,-1.1815085121,-2.1049129682,240.6940706694,2.4139099682
2025-11-07,2460986.5,-1.1554267312,-2.1202875406,241.4123240224,2.4147433800
2025-11-08,2460987.5,-1.1290902732,-2.1353247469,242.1315703553,2.4155387236
2025-11-09,2460988.5,-1.1025038939,-2.1500201588,242.8518068526,2.4162962939
2025-11-10,2460989.5,-1.0756724303,-2.1643694185,243.5730306081,2.4170163886
2025-11-11,2460990.5,-1.0486007994,-2.1783682406,244.2952386235,2.4176993078
2025-11-12,2460991.5,-1.0212939971,-2.1920124139,245.0184278071,2.4183453545
2025-11-13,2460992.5,-0.9937570973,-2.2052978026,245.7425949732,2.4189548339
2025-11-14,2460993.5,-0.9659952504,-2.2182203478,246.4677368402,2.4195280537
2025-11-15,2460994.5,-0.9380136820,-2.2307760695,247.1938500300,2.4200653240
2025-11-16,2460995.5,-0.9098176924,-2.2429610676,247.9209310668,2.4205669575
2025-11-17,2460996.5,-0.8814126544,-2.2547715237,248.6489763757,2.4210332688
2025-11-18,2460997.5,-0.8528040127,-2.2662037026,249.3779822822,2.4214645753
2025-11-19,2460998.5,-0.8239972821,-2.2772539534,250.1079450106,2.4218611960
2025-11-20,2460999.5,-0.7949980464,-2.2879187113,250.8388606837,2.4222234527
2025-11-21,2461000.5,-0.7658119570,-2.2981944989,251.5707253210,2.4225516687
2025-11-22,2461001.5,-0.7364447312,-2.3080779277,252.3035348384,2.4228461699
2025-11-23,2461002.5,-0.7069021512,-2.3175656989,253.0372850471,2.4231072837
2025-11-24,2461003.5,-0.6771900620,-2.3266546056,253.7719716528,2.4233353398
2025-11-25,2461004.5,-0.6473143704,-2.3353415335,254.5075902547,2.4235306697
2025-11-26,2461005.5,-0.6172810432,-2.3436234624,255.2441363446,2.4236936066
2025-11-27,2461006.5,-0.5870961056,-2.3514974673,255.9816053066,2.4238244855
2025-11-28,2461007.5,-0.5567656396,-2.3589607198,256.7199924159,2.4239236432
2025-11-29,2461008.5,-0.5262957825,-2.3660104894,257.4592928380,2.4239914180
2025-11-30,2461009.5,-0.4956927249,-2.3726441443,258.1995016286,2.4240281498
2025-12-01,2461010.5,-0.4649627096,-2.3788591527,258.9406137323,2.4240341799
2025-12-02,2461011.5,-0.4341120289,-2.3846530843,259.6826239823,2.4240098512
2025-12-03,2461012.5,-0.4031470239,-2.3900236105,260.4255270998,2.4239555079
2025-12-04,2461013.5,-0.3720740820,-2.3949685065,261.1693176934,2.4238714953
2025-12-05,2461014.5,-0.3408996353,-2.3994856514,261.9139902586,2.4237581601
2025-12-06,2461015.5,-0.3096301589,-2.4035730298,262.6595391773,2.4236158502
2025-12-07,2461016.5,-0.2782721688,-2.4072287322,263.4059587173,2.4234449142
2025-12-08,2461017.5,-0.2468322204,-2.4104509564,264.1532430321,2.4232457021
2025-12-09,2461018.5,-0.2153169059,-2.4132380082,264.9013861601,2.4230185645
2025-12-10,2461019.5,-0.1837328533,-2.4155883019,265.6503820248,2.4227638529
2025-12-11,2461020.5,-0.1520867237,-2.4175003617,266.4002244342,2.4224819196
2025-12-12,2461021.5,-0.1203852097,-2.4189728219,267.1509070804,2.4221731175
2025-12-13,2461022.5,-0.0886350334,-2.4200044279,267.9024235396,2.4218378001
2025-12-14,2461023.5,-0.0568429441,-2.4205940368,268.6547672720,2.4214763214
2025-12-15,2461024.5,-0.0250157167,-2.4207406182,269.4079316214,2.4210890357
2025-12-16,2461025.5,0.0068398504,-2.4204432545,270.1619098151,2.4206762978
2025-12-17,2461026.5,0.0387169379,-2.4197011415,270.9166949642,2.4202384624
2025-12-18,2461027.5,0.0706087067,-2.4185135891,271.6722800631,2.4197758848
2025-12-19,2461028.5,0.1025083009,-2.4168800219,272.4286579897,2.4192889199
2025-12-20,2461029.5,0.1344088494,-2.4147999791,273.1858215056,2.4187779229
2025-12-21,2461030.5,0.1663034681,-2.4122731153,273.9437632560,2.4182432487
2025-12-22,2461031.5,0.1981852620,-2.4092992007,274.7024757698,2.4176852519
2025-12-23,2461032.5,0.2300473273,-2.4058781216,275.4619514601,2.4171042870
2025-12-24,2461033.5,0.2618827536,-2.4020098803,276.2221826240,2.4165007078
2025-12-25,2461034.5,0.2936846262,-2.3976945956,276.9831614431,2.4158748678
2025-12-26,2461035.5,0.3254460278,-2.3929325030,277.7448799838,2.4152271199
2025-12-27,2461036.5,0.3571600409,-2.3877239544,278.5073301976,2.4145578162
2025-12-28,2461037.5,0.3888197503,-2.3820694187,279.2705039216,2.4138673079
2025-12-29,2461038.5,0.4204182445,-2.3759694816,280.0343928785,2.4131559456
2025-12-30,2461039.5,0.4519486185,-2.3694248457,280.7989886779,2.4124240785
2025-12-31,2461040.5,0.4834039757,-2.3624363301,281.5642828158,2.4116720551
2026-01-01,2461041.5,0.5147774301,-2.3550048708,282.3302666762,2.4109002224
2026-01-02,2461042.5,0.5460621086,-2.3471315202,283.0969315308,2.4101089263
2026-01-03,2461043.5,0.5772511527,-2.3388174472,283.8642685404,2.4092985111
2026-01-04,2461044.5,0.6083377213,-2.3300639365,284.6322687550,2.4084693197
2026-01-05,2461045.5,0.6393149924,-2.3208723889,285.4009231149,2.4076216935
2026-01-06,2461046.5,0.6701761653,-2.3112443206,286.1702224515,2.4067559720
2026-01-07,2461047.5,0.7009144630,-2.3011813629,286.9401574877,2.4058724930
2026-01-08,2461048.5,0.7315231339,-2.2906852620,287.7107188395,2.4049715923
2026-01-09,2461049.5,0.7619954546,-2.2797578782,288.4818970162,2.4040536038
2026-01-10,2461050.5,0.7923247310,-2.2684011856,289.2536824219,2.4031188592
2026-01-11,2461051.5,0.8225043016,-2.2566172717,290.0260653561,2.4021676880
2026-01-12,2461052.5,0.8525275385,-2.2444083364,290.7990360152,2.4012004174
2026-01-13,2461053.5,0.8823878503,-2.2317766918,291.5725844930,2.4002173721
2026-01-14,2461054.5,0.9120786836,-2.2187247614,292.3467007826,2.3992188743
2026-01-15,2461055.5,0.9415935255,-2.2052550791,293.1213747768,2.3982052436
2026-01-16,2461056.5,0.9709259054,-2.1913702890,293.8965962699,2.3971767968
2026-01-17,2461057.5,1.0000693969,-2.1770731442,294.6723549589,2.3961338480
2026-01-18,2461058.5,1.0290176200,-2.1623665058,295.4486404443,2.3950767083
2026-01-19,2461059.5,1.0577642432,-2.1472533426,296.2254422323,2.3940056855
2026-01-20,2461060.5,1.0863029851,-2.1317367297,297.0027497356,2.3929210848
2026-01-21,2461061.5,1.1146276167,-2.1158198478,297.7805522749,2.3918232076
2026-01-22,2461062.5,1.1427319631,-2.0995059820,298.5588390805,2.3907123523
2026-01-23,2461063.5,1.1706099056,-2.0827985210,299.3375992942,2.3895888138
2026-01-24,2461064.5,1.1982553832,-2.0657009556,300.1168219700,2.3884528834
2026-01-25,2461065.5,1.2256623949,-2.0482168783,300.8964960765,2.3873048489
2026-01-26,2461066.5,1.2528250015,-2.0303499813,301.6766104983,2.3861449942
2026-01-27,2461067.5,1.2797373269,-2.0121040562,302.4571540375,2.3849735994
2026-01-28,2461068.5,1.3063935605,-1.9934829920,303.2381154156,2.3837909409
2026-01-29,2461069.5,1.3327879586,-1.9744907742,304.0194832755,2.3825972908
2026-01-30,2461070.5,1.3589148461,-1.9551314836,304.8012461829,2.3813929172
2026-01-31,2461071.5,1.3847686186,-1.9354092949,305.5833926282,2.3801780842
2026-02-01,2461072.5,1.4103437434,-1.9153284751,306.3659110287,2.3789530512
2026-02-02,2461073.5,1.4356347618,-1.8948933825,307.1487897303,2.3777180737
2026-02-03,2461074.5,1.4606362903,-1.8741084651,307.9320170094,2.3764734024
2026-02-04,2461075.5,1.4853430224,-1.8529782590,308.7155810751,2.3752192835
2026-02-05,2461076.5,1.5097497298,-1.8315073873,309.4994700710,2.3739559588
2026-02-06,2461077.5,1.5338512645,-1.8097005581,310.2836720774,2.3726836650
2026-02-07,2461078.5,1.5576425595,-1.7875625635,311.0681751132,2.3714026344
2026-02-08,2461079.5,1.5811186311,-1.7650982776,311.8529671384,2.3701130941
2026-02-09,2461080.5,1.6042745797,-1.7423126551,312.6380360559,2.3688152664
2026-02-10,2461081.5,1.6271055912,-1.7192107298,313.4233697136,2.3675093686
2026-02-11,2461082.5,1.6496069388,-1.6957976127,314.2089559072,2.3661956128
2026-02-12,2461083.5,1.6717739838,-1.6720784905,314.9947823818,2.3648742059
2026-02-13,2461084.5,1.6936021772,-1.6480586239,315.7808368342,2.3635453497
2026-02-14,2461085.5,1.7150870608,-1.6237433459,316.5671069159,2.3622092404
2026-02-15,2461086.5,1.7362242684,-1.5991380601,317.3535802344,2.3608660692
2026-02-16,2461087.5,1.7570095269,-1.5742482387,318.1402443563,2.3595160215
2026-02-17,2461088.5,1.7774386575,-1.5490794213,318.9270868093,2.3581592772
2026-02-18,2461089.5,1.7975075770,-1.5236372124,319.7140950848,2.3567960109
2026-02-19,2461090.5,1.8172122984,-1.4979272802,320.5012566399,2.3554263912
2026-02-20,2461091.5,1.8365489323,-1.4719553544,321.2885589002,2.3540505812
2026-02-21,2461092.5,1.8555136875,-1.4457272245,322.0759892623,2.3526687382
2026-02-22,2461093.5,1.8741028725,-1.4192487381,322.8635350957,2.3512810136
2026-02-23,2461094.5,1.8923128956,-1.3925257988,323.6511837458,2.3498875531
2026-02-24,2461095.5,1.9101402666,-1.3655643645,324.4389225363,2.3484884963
2026-02-25,2461096.5,1.9275815970,-1.3383704452,325.2267387714,2.3470839770
2026-02-26,2461097.5,1.9446336010,-1.3109501016,326.0146197385,2.3456741228
2026-02-27,2461098.5,1.9612930965,-1.2833094428,326.8025527106,2.3442590554
2026-02-28,2461099.5,1.9775570051,-1.2554546246,327.5905249491,2.3428388904
2026-03-01,2461100.5,1.9934223536,-1.2273918473,328.3785237060,2.3414137371
2026-03-02,2461101.5,2.0088862741,-1.1991273543,329.1665362264,2.3399836988
2026-03-03,2461102.5,2.0239460044,-1.1706674295,329.9545497513,2.3385488726
2026-03-04,2461103.5,2.0385988894,-1.1420183958,330.7425515200,2.3371093492
2026-03-05,2461104.5,2.0528423807,-1.1131866130,331.5305287725,2.3356652131
2026-03-06,2461105.5,2.0666740374,-1.0841784759,332.3184687523,2.3342165427
2026-03-07,2461106.5,2.0800915268,-1.0550004122,333.1063587085,2.3327634097
2026-03-08,2461107.5,2.0930926244,-1.0256588809,333.8941858989,2.3313058799
2026-03-09,2461108.5,2.1056752143,-0.9961603699,334.6819375920,2.3298440123
2026-03-10,2461109.5,2.1178372898,-0.9665113943,335.4696010698,2.3283778598
2026-03-11,2461110.5,2.1295769533,-0.9367184944,336.2571636301,2.3269074688
2026-03-12,2461111.5,2.1408924169,-0.9067882336,337.0446125892,2.3254328794
2026-03-13,2461112.5,2.1517820022,-0.8767271967,337.8319352843,2.3239541252
2026-03-14,2461113.5,2.1622441410,-0.8465419878,338.6191190757,2.3224712332
2026-03-15,2461114.5,2.1722773748,-0.8162392283,339.4061513500,2.3209842243
2026-03-16,2461115.5,2.1818803554,-0.7858255551,340.1930195214,2.3194931128
2026-03-17,2461116.5,2.1910518446,-0.7553076183,340.9797110352,2.3179979065
2026-03-18,2461117.5,2.1997907144,-0.7246920799,341.7662133696,2.3164986068
2026-03-19,2461118.5,2.2080959471,-0.6939856113,342.5525140381,2.3149952088
2026-03-20,2461119.5,2.2159666348,-0.6631948916,343.3386005922,2.3134877009
2026-03-21,2461120.5,2.2234019799,-0.6323266056,344.1244606234,2.3119760653
2026-03-22,2461121.5,2.2304012945,-0.6013874421,344.9100817655,2.3104602778
2026-03-23,2461122.5,2.2369640003,-0.5703840918,345.6954516972,2.3089403076
2026-03-24,2461123.5,2.2430896288,-0.5393232454,346.4805581440,2.3074161178
2026-03-25,2461124.5,2.2487778206,-0.5082115919,347.2653888806,2.3058876648
2026-03-26,2461125.5,2.2540283253,-0.4770558165,348.0499317332,2.3043548990
2026-03-27,2461126.5,2.2588410014,-0.4458625990,348.8341745813,2.3028177642
2026-03-28,2461127.5,2.2632158156,-0.4146386117,349.6181053603,2.3012761981
2026-03-29,2461128.5,2.2671528427,-0.3833905179,350.4017120633,2.2997301319
2026-03-30,2461129.5,2.2706522653,-0.3521249695,351.1849827430,2.2981794908
2026-03-31,2461130.5,2.2737143730,-0.3208486059,351.9679055141,2.2966241936
2026-04-01,2461131.5,2.2763395624,-0.2895680518,352.7504685554,2.2950641531
2026-04-02,2461132.5,2.2785283362,-0.2582899154,353.5326601109,2.2934992757
2026-04-03,2461133.5,2.2802813030,-0.2270207870,354.3144684928,2.2919294618
2026-04-04,2461134.5,2.2815991766,-0.1957672366,355.0958820826,2.2903546058
2026-04-05,2461135.5,2.2824827755,-0.1645358129,355.8768893331,2.2887745961
2026-04-06,2461136.5,2.2829330222,-0.1333330412,356.6574787705,2.2871893149
2026-04-07,2461137.5,2.2829509428,-0.1021654216,357.4376389956,2.2855986385
2026-04-08,2461138.5,2.2825376660,-0.0710394277,358.2173586859,2.2840024375
2026-04-09,2461139.5,2.2816944228,-0.0399615047,358.9966265971,2.2824005765
2026-04-10,2461140.5,2.2804225454,-0.0089380675,359.7754315648,2.2807929142
2026-04-11,2461141.5,2.2787234668,0.0220245002,0.5537625057,2.2791793037
2026-04-12,2461142.5,2.2765987199,0.0529198483,1.3316084194,2.2775595922
2026-04-13,2461143.5,2.2740499368,0.0837416613,2.1089583901,2.2759336216
2026-04-14,2461144.5,2.2710788478,0.1144836602,2.8858015872,2.2743012279
2026-04-15,2461145.5,2.2676872808,0.1451396039,3.6621272674,2.2726622416
2026-04-16,2461146.5,2.2638771602,0.1757032908,4.4379247757,2.2710164879
2026-04-17,2461147.5,2.2596505064,0.2061685602,5.2131835465,2.2693637863
2026-04-18,2461148.5,2.2550094344,0.2365292938,5.9878931050,2.2677039513
2026-04-19,2461149.5,2.2499561534,0.2667794175,6.7620430682,2.2660367918
2026-04-20,2461150.5,2.2444929654,0.2969129021,7.5356231461,2.2643621117
2026-04-21,2461151.5,2.2386222647,0.3269237655,8.3086231426,2.2626797096
2026-04-22,2461152.5,2.2323465364,0.3568060738,9.0810329564,2.2609893791
2026-04-23,2461153.5,2.2256683559,0.3865539424,9.8528425820,2.2592909087
2026-04-24,2461154.5,2.2185903875,0.4161615377,10.6240421106,2.2575840820
2026-04-25,2461155.5,2.2111153836,0.4456230786,11.3946217308,2.2558686777
2026-04-26,2461156.5,2.2032461835,0.4749328371,12.1645717293,2.2541444697
2026-04-27,2461157.5,2.1949857125,0.5040851404,12.9338824916,2.2524112272
2026-04-28,2461158.5,2.1863369805,0.5330743717,13.7025445026,2.2506687147
2026-04-29,2461159.5,2.1773030813,0.5618949713,14.4705483473,2.2489166922
2026-04-30,2461160.5,2.1678871912,0.5905414384,15.2378847110,2.2471549150
2026-05-01,2461161.5,2.1580925678,0.6190083318,16.0045443799,2.2453831343
2026-05-02,2461162.5,2.1479225492,0.6472902713,16.7705182415,2.2436010966
2026-05-03,2461163.5,2.1373805526,0.6753819386,17.5357972849,2.2418085445
2026-05-04,2461164.5,2.1264700729,0.7032780790,18.3003726009,2.2400052159
2026-05-05,2461165.5,2.1151946820,0.7309735017,19.0642353824,2.2381908452
2026-05-06,2461166.5,2.1035580272,0.7584630815,19.8273769243,2.2363651623
2026-05-07,2461167.5,2.0915638301,0.7857417596,20.5897886239,2.2345278935
2026-05-08,2461168.5,2.0792158856,0.8128045448,21.3514619806,2.2326787609
2026-05-09,2461169.5,2.0665180602,0.8396465142,22.1123885959,2.2308174831
2026-05-10,2461170.5,2.0534742911,0.8662628147,22.8725601733,2.2289437750
2026-05-11,2461171.5,2.0400885848,0.8926486632,23.6319685185,2.2270573478
2026-05-12,2461172.5,2.0263650159,0.9187993485,24.3906055383,2.2251579091
2026-05-13,2461173.5,2.0123077256,0.9447102313,25.1484632413,2.2232451634
2026-05-14,2461174.5,1.9979209209,0.9703767457,25.9055337369,2.2213188114
2026-05-15,2461175.5,1.9832088725,0.9957943999,26.6618092350,2.2193785510
2026-05-16,2461176.5,1.9681759145,1.0209587770,27.4172820458,2.2174240766
2026-05-17,2461177.5,1.9528264422,1.0458655358,28.1719445788,2.2154550796
2026-05-18,2461178.5,1.9371649110,1.0705104117,28.9257893426,2.2134712487
2026-05-19,2461179.5,1.9211958356,1.0948892174,29.6788089443,2.2114722692
2026-05-20,2461180.5,1.9049237879,1.1189978437,30.4309960882,2.2094578240
2026-05-21,2461181.5,1.8883533961,1.1428322603,31.1823435759,2.2074275931
2026-05-22,2461182.5,1.8714893432,1.1663885163,31.9328443047,2.2053812539
2026-05-23,2461183.5,1.8543363657,1.1896627410,32.6824912671,2.2033184813
2026-05-24,2461184.5,1.8368992523,1.2126511448,33.4312775498,2.2012389476
2026-05-25,2461185.5,1.8191828422,1.2353500195,34.1791963328,2.1991423231
2026-05-26,2461186.5,1.8011920242,1.2577557388,34.9262408881,2.1970282754
2026-05-27,2461187.5,1.7829317349,1.2798647596,35.6724045787,2.1948964702
2026-05-28,2461188.5,1.7644069577,1.3016736218,36.4176808577,2.1927465710
2026-05-29,2461189.5,1.7456227211,1.3231789493,37.1620632665,2.1905782394
2026-05-30,2461190.5,1.7265840973,1.3443774502,37.9055454340,2.1883911350
2026-05-31,2461191.5,1.7072962011,1.3652659177,38.6481210752,2.1861849156
2026-06-01,2461192.5,1.6877641883,1.3858412305,39.3897839897,2.1839592375
2026-06-02,2461193.5,1.6679932543,1.4061003528,40.1305280601,2.1817137550
2026-06-03,2461194.5,1.6479886328,1.4260403354,40.8703472509,2.1794481212
2026-06-04,2461195.5,1.6277555940,1.4456583157,41.6092356066,2.1771619876
2026-06-05,2461196.5,1.6072994440,1.4649515183,42.3471872505,2.1748550043
2026-06-06,2461197.5,1.5866255227,1.4839172551,43.0841963824,2.1725268203
2026-06-07,2461198.5,1.5657392023,1.5025529261,43.8202572775,2.1701770833
2026-06-08,2461199.5,1.5446458868,1.5208560194,44.5553642844,2.1678054400
2026-06-09,2461200.5,1.5233510094,1.5388241115,45.2895118233,2.1654115361
2026-06-10,2461201.5,1.5018600321,1.5564548680,46.0226943840,2.1629950164
2026-06-11,2461202.5,1.4801784435,1.5737460431,46.7549065243,2.1605555248
2026-06-12,2461203.5,1.4583117581,1.5906954809,47.4861428676,2.1580927048
2026-06-13,2461204.5,1.4362655142,1.6073011146,48.2163981016,2.1556061989
2026-06-14,2461205.5,1.4140452732,1.6235609674,48.9456669753,2.1530956493
2026-06-15,2461206.5,1.3916566175,1.6394731525,49.6739442975,2.1505606978
2026-06-16,2461207.5,1.3691051496,1.6550358731,50.4012249347,2.1480009856
2026-06-17,2461208.5,1.3463964904,1.6702474228,51.1275038084,2.1454161540
2026-06-18,2461209.5,1.3235362780,1.6851061856,51.8527758934,2.1428058439
2026-06-19,2461210.5,1.3005301661,1.6996106362,52.5770362148,2.1401696962
2026-06-20,2461211.5,1.2773838227,1.7137593396,53.3002798465,2.1375073517
2026-06-21,2461212.5,1.2541029289,1.7275509519,54.0225019081,2.1348184516
2026-06-22,2461213.5,1.2306931770,1.7409842196,54.7436975626,2.1321026371
2026-06-23,2461214.5,1.2071602695,1.7540579803,55.4638620142,2.1293595496
2026-06-24,2461215.5,1.1835099179,1.7667711624,56.1829905055,2.1265888310
2026-06-25,2461216.5,1.1597478405,1.7791227849,56.9010783147,2.1237901238
2026-06-26,2461217.5,1.1358797619,1.7911119578,57.6181207534,2.1209630708
2026-06-27,2461218.5,1.1119114111,1.8027378819,58.3341131636,2.1181073157
2026-06-28,2461219.5,1.0878485204,1.8139998485,59.0490509151,2.1152225028
2026-06-29,2461220.5,1.0636968238,1.8248972398,59.7629294026,2.1123082772
2026-06-30,2461221.5,1.0394620555,1.8354295284,60.4757440429,2.1093642850
2026-07-01,2461222.5,1.0151499491,1.8455962772,61.1874902720,2.1063901733
2026-07-02,2461223.5,0.9907662357,1.8553971397,61.8981635424,2.1033855902
2026-07-03,2461224.5,0.9663166427,1.8648318592,62.6077593196,2.1003501853
2026-07-04,2461225.5,0.9418068924,1.8739002694,63.3162730796,2.0972836091
2026-07-05,2461226.5,0.9172427008,1.8826022934,64.0237003055,2.0941855136
2026-07-06,2461227.5,0.8926297761,1.8909379441,64.7300364847,2.0910555523
2026-07-07,2461228.5,0.8679738173,1.8989073237,65.4352771050,2.0878933804
2026-07-08,2461229.5,0.8432805130,1.9065106238,66.1394176525,2.0846986543
2026-07-09,2461230.5,0.8185555400,1.9137481244,66.8424536072,2.0814710326
2026-07-10,2461231.5,0.7938045621,1.9206201946,67.5443804404,2.0782101754
2026-07-11,2461232.5,0.7690332285,1.9271272915,68.2451936111,2.0749157448
2026-07-12,2461233.5,0.7442471726,1.9332699604,68.9448885625,2.0715874050
2026-07-13,2461234.5,0.7194520109,1.9390488343,69.6434607186,2.0682248221
2026-07-14,2461235.5,0.6946533411,1.9444646333,70.3409054808,2.0648276644
2026-07-15,2461236.5,0.6698567416,1.9495181649,71.0372182240,2.0613956026
2026-07-16,2461237.5,0.6450677696,1.9542103229,71.7323942933,2.0579283097
2026-07-17,2461238.5,0.6202919600,1.9585420874,72.4264290000,2.0544254610
2026-07-18,2461239.5,0.5955348240,1.9625145245,73.1193176181,2.0508867344
2026-07-19,2461240.5,0.5708018480,1.9661287855,73.8110553804,2.0473118106
2026-07-20,2461241.5,0.5460984921,1.9693861067,74.5016374746,2.0437003727
2026-07-21,2461242.5,0.5214301893,1.9722878088,75.1910590397,2.0400521068
2026-07-22,2461243.5,0.4968023434,1.9748352968,75.8793151614,2.0363667018
2026-07-23,2461244.5,0.4722203286,1.9770300590,76.5664008686,2.0326438497
2026-07-24,2461245.5,0.4476894877,1.9788736667,77.2523111292,2.0288832454
2026-07-25,2461246.5,0.4232151310,1.9803677738,77.9370408458,2.0250845870
2026-07-26,2461247.5,0.3988025352,1.9815141162,78.6205848515,2.0212475760
2026-07-27,2461248.5,0.3744569419,1.9823145108,79.3029379060,2.0173719171
2026-07-28,2461249.5,0.3501835566,1.9827708559,79.9840946906,2.0134573183
2026-07-29,2461250.5,0.3259875475,1.9828851295,80.6640498042,2.0095034914
2026-07-30,2461251.5,0.3018740440,1.9826593895,81.3427977588,2.0055101517
2026-07-31,2461252.5,0.2778481358,1.9820957727,82.0203329750,2.0014770181
2026-08-01,2461253.5,0.2539148716,1.9811964943,82.6966497771,1.9974038135
2026-08-02,2461254.5,0.2300792578,1.9799638470,83.3717423887,1.9932902645
2026-08-03,2461255.5,0.2063462574,1.9784002007,84.0456049276,1.9891361017
2026-08-04,2461256.5,0.1827207891,1.9765080015,84.7182314013,1.9849410600
2026-08-05,2461257.5,0.1592077256,1.9742897712,85.3896157020,1.9807048783
2026-08-06,2461258.5,0.1358118928,1.9717481065,86.0597516013,1.9764272996
2026-08-07,2461259.5,0.1125380687,1.9688856780,86.7286327455,1.9721080715
2026-08-08,2461260.5,0.0893909818,1.9657052300,87.3962526502,1.9677469461
2026-08-09,2461261.5,0.0663753108,1.9622095793,88.0626046950,1.9633436798
2026-08-10,2461262.5,0.0434956826,1.9584016143,88.7276821184,1.9588980339
2026-08-11,2461263.5,0.0207566716,1.9542842948,89.3914780120,1.9544097742
2026-08-12,2461264.5,-0.0018372012,1.9498606505,90.0539853153,1.9498786715
2026-08-13,2461265.5,-0.0242814697,1.9451337805,90.7151968098,1.9453045016
2026-08-14,2461266.5,-0.0465717235,1.9401068526,91.3751051134,1.9406870451
2026-08-15,2461267.5,-0.0687036093,1.9347831020,92.0337026745,1.9360260879
2026-08-16,2461268.5,-0.0906728315,1.9291658306,92.6909817663,1.9313214211
2026-08-17,2461269.5,-0.1124751535,1.9232584063,93.3469344802,1.9265728412
2026-08-18,2461270.5,-0.1341063989,1.9170642619,94.0015527202,1.9217801500
2026-08-19,2461271.5,-0.1555624521,1.9105868940,94.6548281965,1.9169431549
2026-08-20,2461272.5,-0.1768392599,1.9038298624,95.3067524186,1.9120616689
2026-08-21,2461273.5,-0.1979328319,1.8967967889,95.9573166895,1.9071355109
2026-08-22,2461274.5,-0.2188392419,1.8894913563,96.6065120987,1.9021645055
2026-08-23,2461275.5,-0.2395546287,1.8819173074,97.2543295154,1.8971484832
2026-08-24,2461276.5,-0.2600751974,1.8740784443,97.9007595815,1.8920872807
2026-08-25,2461277.5,-0.2803972196,1.8659786267,98.5457927049,1.8869807408
2026-08-26,2461278.5,-0.3005170352,1.8576217718,99.1894190522,1.8818287125
2026-08-27,2461279.5,-0.3204310528,1.8490118521,99.8316285409,1.8766310513
2026-08-28,2461280.5,-0.3401357510,1.8401528953,100.4724108327,1.8713876190
2026-08-29,2461281.5,-0.3596276788,1.8310489826,101.1117553253,1.8660982842
2026-08-30,2461282.5,-0.3789034569,1.8217042479,101.7496511447,1.8607629222
2026-08-31,2461283.5,-0.3979597785,1.8121228765,102.3860871375,1.8553814149
2026-09-01,2461284.5,-0.4167934101,1.8023091041,103.0210518624,1.8499536513
2026-09-02,2461285.5,-0.4354011923,1.7922672153,103.6545335821,1.8444795275
2026-09-03,2461286.5,-0.4537800408,1.7820015429,104.2865202548,1.8389589466
2026-09-04,2461287.5,-0.4719269470,1.7715164664,104.9169995257,1.8333918191
2026-09-05,2461288.5,-0.4898389789,1.7608164108,105.5459587178,1.8277780629
2026-09-06,2461289.5,-0.5075132821,1.7499058455,106.1733848230,1.8221176032
2026-09-07,2461290.5,-0.5249470802,1.7387892831,106.7992644928,1.8164103731
2026-09-08,2461291.5,-0.5421376757,1.7274712777,107.4235840290,1.8106563134
2026-09-09,2461292.5,-0.5590824508,1.7159564242,108.0463293739,1.8048553727
2026-09-10,2461293.5,-0.5757788680,1.7042493569,108.6674861001,1.7990075076
2026-09-11,2461294.5,-0.5922244711,1.6923547478,109.2870394011,1.7931126829
2026-09-12,2461295.5,-0.6084168853,1.6802773056,109.9049740800,1.7871708717
2026-09-13,2461296.5,-0.6243538184,1.6680217746,110.5212745395,1.7811820553
2026-09-14,2461297.5,-0.6400330614,1.6555929327,111.1359247710,1.7751462238
2026-09-15,2461298.5,-0.6554524885,1.6429955906,111.7489083432,1.7690633757
2026-09-16,2461299.5,-0.6706100588,1.6302345904,112.3602083907,1.7629335183
2026-09-17,2461300.5,-0.6855038157,1.6173148039,112.9698076026,1.7567566680
2026-09-18,2461301.5,-0.7001318884,1.6042411312,113.5776882104,1.7505328501
2026-09-19,2461302.5,-0.7144924918,1.5910184997,114.1838319756,1.7442620993
2026-09-20,2461303.5,-0.7285839276,1.5776518623,114.7882201771,1.7379444593
2026-09-21,2461304.5,-0.7424045842,1.5641461961,115.3908335989,1.7315799836
2026-09-22,2461305.5,-0.7559529376,1.5505065009,115.9916525161,1.7251687352
2026-09-23,2461306.5,-0.7692275516,1.5367377977,116.5906566818,1.7187107870
2026-09-24,2461307.5,-0.7822270786,1.5228451275,117.1878253134,1.7122062215
2026-09-25,2461308.5,-0.7949502596,1.5088335492,117.7831370777,1.7056551317
2026-09-26,2461309.5,-0.8073959247,1.4947081388,118.3765700771,1.6990576206
2026-09-27,2461310.5,-0.8195629935,1.4804739873,118.9681018342,1.6924138017
2026-09-28,2461311.5,-0.8314504757,1.4661361998,119.5577092764,1.6857237990
2026-09-29,2461312.5,-0.8430574709,1.4516998932,120.1453687204,1.6789877471
2026-09-30,2461313.5,-0.8543831692,1.4371701953,120.7310558559,1.6722057919
2026-10-01,2461314.5,-0.8654268515,1.4225522428,121.3147457288,1.6653780898
2026-10-02,2461315.5,-0.8761878897,1.4078511802,121.8964127247,1.6585048089
2026-10-03,2461316.5,-0.8866657466,1.3930721577,122.4760305511,1.6515861285
2026-10-04,2461317.5,-0.8968599766,1.3782203301,123.0535722191,1.6446222395
2026-10-05,2461318.5,-0.9067702256,1.3633008546,123.6290100260,1.6376133445
2026-10-06,2461319.5,-0.9163962309,1.3483188900,124.2023155352,1.6305596583
2026-10-07,2461320.5,-0.9257378218,1.3332795943,124.7734595580,1.6234614076
2026-10-08,2461321.5,-0.9347949194,1.3181881238,125.3424121325,1.6163188314
2026-10-09,2461322.5,-0.9435675364,1.3030496308,125.9091425042,1.6091321816
2026-10-10,2461323.5,-0.9520557776,1.2878692624,126.4736191043,1.6019017224
2026-10-11,2461324.5,-0.9602598396,1.2726521589,127.0358095286,1.5946277312
2026-10-12,2461325.5,-0.9681800110,1.2574034517,127.5956805150,1.5873104985
2026-10-13,2461326.5,-0.9758166718,1.2421282624,128.1531979211,1.5799503282
2026-10-14,2461327.5,-0.9831702940,1.2268317003,128.7083267006,1.5725475377
2026-10-15,2461328.5,-0.9902414409,1.2115188614,129.2610308796,1.5651024583
2026-10-16,2461329.5,-0.9970307673,1.1961948264,129.8112735319,1.5576154354
2026-10-17,2461330.5,-1.0035390191,1.1808646593,130.3590167537,1.5500868285
2026-10-18,2461331.5,-1.0097670332,1.1655334054,130.9042216377,1.5425170118
2026-10-19,2461332.5,-1.0157157371,1.1502060899,131.4468482467,1.5349063741
2026-10-20,2461333.5,-1.0213861490,1.1348877163,131.9868555860,1.5272553195
2026-10-21,2461334.5,-1.0267793768,1.1195832645,132.5242015757,1.5195642671
2026-10-22,2461335.5,-1.0318966185,1.1042976890,133.0588430215,1.5118336517
2026-10-23,2461336.5,-1.0367391611,1.0890359179,133.5907355858,1.5040639240
2026-10-24,2461337.5,-1.0413083810,1.0738028505,134.1198337567,1.4962555507
2026-10-25,2461338.5,-1.0456057428,1.0586033562,134.6460908179,1.4884090148
2026-10-26,2461339.5,-1.0496327991,1.0434422723,135.1694588159,1.4805248163
2026-10-27,2461340.5,-1.0533911902,1.0283244030,135.6898885280,1.4726034720
2026-10-28,2461341.5,-1.0568826434,1.0132545171,136.2073294286,1.4646455160
2026-10-29,2461342.5,-1.0601089721,0.9982373470,136.7217296550,1.4566515001
2026-10-30,2461343.5,-1.0630720759,0.9832775864,137.2330359722,1.4486219942
2026-10-31,2461344.5,-1.0657739392,0.9683798892,137.7411937370,1.4405575862
2026-11-01,2461345.5,-1.0682166310,0.9535488677,138.2461468613,1.4324588830
2026-11-02,2461346.5,-1.0704023041,0.9387890910,138.7478377740,1.4243265103
2026-11-03,2461347.5,-1.0723331943,0.9241050832,139.2462073829,1.4161611135
2026-11-04,2461348.5,-1.0740116194,0.9095013221,139.7411950351,1.4079633573
2026-11-05,2461349.5,-1.0754399790,0.8949822377,140.2327384767,1.3997339271
2026-11-06,2461350.5,-1.0766207531,0.8805522101,140.7207738117,1.3914735285
2026-11-07,2461351.5,-1.0775565013,0.8662155685,141.2052354599,1.3831828884
2026-11-08,2461352.5,-1.0782498622,0.8519765894,141.6860561142,1.3748627551
2026-11-09,2461353.5,-1.0787035521,0.8378394950,142.1631666967,1.3665138986
2026-11-10,2461354.5,-1.0789203642,0.8238084520,142.6364963146,1.3581371114
2026-11-11,2461355.5,-1.0789031676,0.8098875696,143.1059722143,1.3497332089
2026-11-12,2461356.5,-1.0786549062,0.7960808986,143.5715197359,1.3413030298
2026-11-13,2461357.5,-1.0781785977,0.7823924294,144.0330622659,1.3328474365
2026-11-14,2461358.5,-1.0774773324,0.7688260911,144.4905211902,1.3243673159
2026-11-15,2461359.5,-1.0765542720,0.7553857493,144.9438158455,1.3158635798
2026-11-16,2461360.5,-1.0754126487,0.7420752057,145.3928634708,1.3073371654
2026-11-17,2461361.5,-1.0740557639,0.7288981956,145.8375791581,1.2987890360
2026-11-18,2461362.5,-1.0724869866,0.7158583875,146.2778758027,1.2902201814
2026-11-19,2461363.5,-1.0707097527,0.7029593812,146.7136640529,1.2816316189
2026-11-20,2461364.5,-1.0687275633,0.6902047067,147.1448522597,1.2730243934
2026-11-21,2461365.5,-1.0665439837,0.6775978226,147.5713464263,1.2643995785
2026-11-22,2461366.5,-1.0641626418,0.6651421153,147.9930501575,1.2557582771
2026-11-23,2461367.5,-1.0615872266,0.6528408973,148.4098646087,1.2471016217
2026-11-24,2461368.5,-1.0588214873,0.6406974063,148.8216884362,1.2384307757
2026-11-25,2461369.5,-1.0558692313,0.6287148038,149.2284177468,1.2297469337
2026-11-26,2461370.5,-1.0527343231,0.6168961740,149.6299460486,1.2210513227
2026-11-27,2461371.5,-1.0494206827,0.6052445227,150.0261642021,1.2123452022
2026-11-28,2461372.5,-1.0459322839,0.5937627760,150.4169603732,1.2036298659
2026-11-29,2461373.5,-1.0422731530,0.5824537796,150.8022199865,1.1949066418
2026-11-30,2461374.5,-1.0384473674,0.5713202972,151.1818256804,1.1861768933
2026-12-01,2461375.5,-1.0344590534,0.5603650101,151.5556572647,1.1774420202
2026-12-02,2461376.5,-1.0303123851,0.5495905155,151.9235916793,1.1687034596
2026-12-03,2461377.5,-1.0260115826,0.5389993263,152.2855029565,1.1599626867
2026-12-04,2461378.5,-1.0215609102,0.5285938697,152.6412621858,1.1512212159
2026-12-05,2461379.5,-1.0169646751,0.5183764862,152.9907374817,1.1424806016
2026-12-06,2461380.5,-1.0122272252,0.5083494292,153.3337939567,1.1337424395
2026-12-07,2461381.5,-1.0073529477,0.4985148637,153.6702936970,1.1250083674
2026-12-08,2461382.5,-1.0023462671,0.4888748661,154.0000957450,1.1162800662
2026-12-09,2461383.5,-0.9972116439,0.4794314227,154.3230560859,1.1075592615
2026-12-10,2461384.5,-0.9919535723,0.4701864296,154.6390276419,1.0988477240
2026-12-11,2461385.5,-0.9865765785,0.4611416917,154.9478602726,1.0901472712
2026-12-12,2461386.5,-0.9810852193,0.4522989222,155.2494007838,1.0814597682
2026-12-13,2461387.5,-0.9754840795,0.4436597421,155.5434929446,1.0727871291
2026-12-14,2461388.5,-0.9697777709,0.4352256792,155.8299775148,1.0641313180
2026-12-15,2461389.5,-0.9639709299,0.4269981681,156.1086922825,1.0554943506
2026-12-16,2461390.5,-0.9580682156,0.4189785494,156.3794721134,1.0468782949
2026-12-17,2461391.5,-0.9520743084,0.4111680693,156.6421490137,1.0382852726
2026-12-18,2461392.5,-0.9459939074,0.4035678794,156.8965522061,1.0297174606
2026-12-19,2461393.5,-0.9398317292,0.3961790361,157.1425082222,1.0211770920
2026-12-20,2461394.5,-0.9335925054,0.3890025002,157.3798410114,1.0126664574
2026-12-21,2461395.5,-0.9272809810,0.3820391370,157.6083720679,1.0041879062
2026-12-22,2461396.5,-0.9209019124,0.3752897158,157.8279205780,0.9957438475
2026-12-23,2461397.5,-0.9144600655,0.3687549094,158.0383035892,0.9873367520
2026-12-24,2461398.5,-0.9079602137,0.3624352949,158.2393362016,0.9789691524
2026-12-25,2461399.5,-0.9014071358,0.3563313523,158.4308317856,0.9706436450
2026-12-26,2461400.5,-0.8948056145,0.3504434656,158.6126022258,0.9623628909
2026-12-27,2461401.5,-0.8881604339,0.3447719219,158.7844581944,0.9541296165
2026-12-28,2461402.5,-0.8814763779,0.3393169120,158.9462094556,0.9459466152
2026-12-29,2461403.5,-0.8747582281,0.3340785302,159.0976652027,0.9378167480
2026-12-30,2461404.5,-0.8680107621,0.3290567742,159.2386344308,0.9297429442
2026-12-31,2461405.5,-0.8612387512,0.3242515457,159.3689263473,0.9217282025
2027-01-01,2461406.5,-0.8544469586,0.3196626502,159.4883508208,0.9137755912
2027-01-02,2461407.5,-0.8476401375,0.3152897975,159.5967188734,0.9058882494
2027-01-03,2461408.5,-0.8408230290,0.3111326017,159.6938432154,0.8980693866
2027-01-04,2461409.5,-0.8340003606,0.3071905817,159.7795388268,0.8903222834
2027-01-05,2461410.5,-0.8271768438,0.3034631613,159.8536235862,0.8826502914
2027-01-06,2461411.5,-0.8203571723,0.2999496701,159.9159189498,0.8750568331
2027-01-07,2461412.5,-0.8135460202,0.2966493433,159.9662506811,0.8675454013
2027-01-08,2461413.5,-0.8067480403,0.2935613227,160.0044496341,0.8601195589
2027-01-09,2461414.5,-0.7999678616,0.2906846567,160.0303525895,0.8527829376
2027-01-10,2461415.5,-0.7932100880,0.2880183015,160.0438031460,0.8455392367
2027-01-11,2461416.5,-0.7864792964,0.2855611211,160.0446526658,0.8383922219
2027-01-12,2461417.5,-0.7797800346,0.2833118882,160.0327612758,0.8313457235
2027-01-13,2461418.5,-0.7731168194,0.2812692848,160.0079989216,0.8244036335
2027-01-14,2461419.5,-0.7664941353,0.2794319032,159.9702464753,0.8175699039
2027-01-15,2461420.5,-0.7599164322,0.2777982461,159.9193968930,0.8108485429
2027-01-16,2461421.5,-0.7533881240,0.2763667282,159.8553564204,0.8042436119
2027-01-17,2461422.5,-0.7469135863,0.2751356763,159.7780458425,0.7977592213
2027-01-18,2461423.5,-0.7404971555,0.2741033308,159.6874017719,0.7913995260
2027-01-19,2461424.5,-0.7341431261,0.2732678459,159.5833779714,0.7851687205
2027-01-20,2461425.5,-0.7278557500,0.2726272912,159.4659467027,0.7790710332
2027-01-21,2461426.5,-0.7216392340,0.2721796523,159.3351000936,0.7731107206
2027-01-22,2461427.5,-0.7154977388,0.2719228320,159.1908515152,0.7672920601
2027-01-23,2461428.5,-0.7094353767,0.2718546509,159.0332369567,0.7616193430
2027-01-24,2461429.5,-0.7034562107,0.2719728493,158.8623163891,0.7560968666
2027-01-25,2461430.5,-0.6975642525,0.2722750873,158.6781751009,0.7507289256
2027-01-26,2461431.5,-0.6917634610,0.2727589469,158.4809249960,0.7455198029
2027-01-27,2461432.5,-0.6860577411,0.2734219325,158.2707058343,0.7404737599
2027-01-28,2461433.5,-0.6804509416,0.2742614722,158.0476864022,0.7355950264
2027-01-29,2461434.5,-0.6749468544,0.2752749194,157.8120655933,0.7308877894
2027-01-30,2461435.5,-0.6695492125,0.2764595537,157.5640733835,0.7263561820
2027-01-31,2461436.5,-0.6642616891,0.2778125822,157.3039716807,0.7220042715
2027-02-01,2461437.5,-0.6590878959,0.2793311410,157.0320550316,0.7178360468
2027-02-02,2461438.5,-0.6540313818,0.2810122964,156.7486511671,0.7138554061
2027-02-03,2461439.5,-0.6490956317,0.2828530463,156.4541213686,0.7100661437
2027-02-04,2461440.5,-0.6442840652,0.2848503218,156.1488606381,0.7064719371
2027-02-05,2461441.5,-0.6396000351,0.2870009880,155.8332976568,0.7030763332
2027-02-06,2461442.5,-0.6350468267,0.2893018463,155.5078945180,0.6998827352
2027-02-07,2461443.5,-0.6306276562,0.2917496352,155.1731462227,0.6968943893
2027-02-08,2461444.5,-0.6263456697,0.2943410318,154.8295799281,0.6941143715
2027-02-09,2461445.5,-0.6222039419,0.2970726539,154.4777539427,0.6915455746
2027-02-10,2461446.5,-0.6182054755,0.2999410608,154.1182564652,0.6891906960
2027-02-11,2461447.5,-0.6143531997,0.3029427553,153.7517040669,0.6870522253
2027-02-12,2461448.5,-0.6106499693,0.3060741851,153.3787399211,0.6851324334
2027-02-13,2461449.5,-0.6070985639,0.3093317444,153.0000317893,0.6834333616
2027-02-14,2461450.5,-0.6037016867,0.3127117753,152.6162697738,0.6819568122
2027-02-15,2461451.5,-0.6004619639,0.3162105699,152.2281638539,0.6807043393
2027-02-16,2461452.5,-0.5973819435,0.3198243713,151.8364412250,0.6796772417
2027-02-17,2461453.5,-0.5944640950,0.3235493758,151.4418434634,0.6788765558
2027-02-18,2461454.5,-0.5917108079,0.3273817341,151.0451235445,0.6783030508
2027-02-19,2461455.5,-0.5891243915,0.3313175532,150.6470427412,0.6779572244
2027-02-20,2461456.5,-0.5867070739,0.3353528980,150.2483674368,0.6778393004
2027-02-21,2461457.5,-0.5844610015,0.3394837930,149.8498658830,0.6779492273
2027-02-22,2461458.5,-0.5823882384,0.3437062241,149.4523049400,0.6782866785
2027-02-23,2461459.5,-0.5804907654,0.3480161399,149.0564468302,0.6788510539
2027-02-24,2461460.5,-0.5787704798,0.3524094538,148.6630459422,0.6796414828
2027-02-25,2461461.5,-0.5772291949,0.3568820456,148.2728457177,0.6806568283
2027-02-26,2461462.5,-0.5758686393,0.3614297632,147.8865756531,0.6818956927
2027-02-27,2461463.5,-0.5746904564,0.3660484243,147.5049484444,0.6833564244
2027-02-28,2461464.5,-0.5736962042,0.3707338179,147.1286573039,0.6850371259
2027-03-01,2461465.5,-0.5728873548,0.3754817066,146.7583734709,0.6869356629
2027-03-02,2461466.5,-0.5722652941,0.3802878277,146.3947439370,0.6890496743
2027-03-03,2461467.5,-0.5718313214,0.3851478953,146.0383894024,0.6913765827
2027-03-04,2461468.5,-0.5715866491,0.3900576018,145.6899024750,0.6939136067
2027-03-05,2461469.5,-0.5715324025,0.3950126201,145.3498461215,0.6966577725
2027-03-06,2461470.5,-0.5716696197,0.4000086044,145.0187523743,0.6996059270
2027-03-07,2461471.5,-0.5719992514,0.4050411930,144.6971212949,0.7027547506
2027-03-08,2461472.5,-0.5725221606,0.4101060092,144.3854201919,0.7061007710
2027-03-09,2461473.5,-0.5732391226,0.4151986633,144.0840830859,0.7096403765
2027-03-10,2461474.5,-0.5741508250,0.4203147546,143.7935104139,0.7133698295
2027-03-11,2461475.5,-0.5752578674,0.4254498726,143.5140689603,0.7172852802
2027-03-12,2461476.5,-0.5765607619,0.4305995989,143.2460920014,0.7213827800
2027-03-13,2461477.5,-0.5780599326,0.4357595090,142.9898796484,0.7256582943
2027-03-14,2461478.5,-0.5797557160,0.4409251740,142.7456993709,0.7301077158
2027-03-15,2461479.5,-0.5816483609,0.4460921619,142.5137866844,0.7347268764
2027-03-16,2461480.5,-0.5837380288,0.4512560399,142.2943459833,0.7395115596
2027-03-17,2461481.5,-0.5860247936,0.4564123755,142.0875515000,0.7444575119
2027-03-18,2461482.5,-0.5885086423,0.4615567382,141.8935483742,0.7495604533
2027-03-19,2461483.5,-0.5911894749,0.4666847017,141.7124538113,0.7548160883
2027-03-20,2461484.5,-0.5940671049,0.4717918447,141.5443583155,0.7602201151
2027-03-21,2461485.5,-0.5971412593,0.4768737531,141.3893269803,0.7657682353
2027-03-22,2461486.5,-0.6004115790,0.4819260216,141.2474008197,0.7714561618
2027-03-23,2461487.5,-0.6038776194,0.4869442549,141.1185981280,0.7772796273
2027-03-24,2461488.5,-0.6075388503,0.4919240695,141.0029158532,0.7832343913
2027-03-25,2461489.5,-0.6113946568,0.4968610954,140.9003309737,0.7893162466
2027-03-26,2461490.5,-0.6154443394,0.5017509774,140.8108018660,0.7955210256
2027-03-27,2461491.5,-0.6196871145,0.5065893770,140.7342696553,0.8018446061
2027-03-28,2461492.5,-0.6241221151,0.5113719732,140.6706595405,0.8082829155
2027-03-29,2461493.5,-0.6287483909,0.5160944649,140.6198820864,0.8148319357
2027-03-30,2461494.5,-0.6335649092,0.5207525719,140.5818344766,0.8214877070
2027-03-31,2461495.5,-0.6385705554,0.5253420362,140.5564017244,0.8282463312
2027-04-01,2461496.5,-0.6437641333,0.5298586239,140.5434578349,0.8351039747
2027-04-02,2461497.5,-0.6491443662,0.5342981264,140.5428669178,0.8420568711
2027-04-03,2461498.5,-0.6547098969,0.5386563618,140.5544842470,0.8491013231
2027-04-04,2461499.5,-0.6604592889,0.5429291764,140.5781572673,0.8562337043
2027-04-05,2461500.5,-0.6663910270,0.5471124460,140.6137265454,0.8634504604
2027-04-06,2461501.5,-0.6725035175,0.5512020774,140.6610266666,0.8707481106
2027-04-07,2461502.5,-0.6787950897,0.5551940096,140.7198870768,0.8781232482
2027-04-08,2461503.5,-0.6852639959,0.5590842152,140.7901328706,0.8855725406
2027-04-09,2461504.5,-0.6919084126,0.5628687016,140.8715855263,0.8930927305
2027-04-10,2461505.5,-0.6987264413,0.5665435126,140.9640635900,0.9006806349
2027-04-11,2461506.5,-0.7057161089,0.5701047293,141.0673833090,0.9083331455
2027-04-12,2461507.5,-0.7128753690,0.5735484715,141.1813592177,0.9160472283
2027-04-13,2461508.5,-0.7202021024,0.5768708993,141.3058046774,0.9238199227
2027-04-14,2461509.5,-0.7276941180,0.5800682135,141.4405323713,0.9316483411
2027-04-15,2461510.5,-0.7353491541,0.5831366575,141.5853547581,0.9395296683
2027-04-16,2461511.5,-0.7431648783,0.5860725182,141.7400844857,0.9474611600
2027-04-17,2461512.5,-0.7511388897,0.5888721274,141.9045347664,0.9554401421
2027-04-18,2461513.5,-0.7592687187,0.5915318623,142.0785197181,0.9634640099
2027-04-19,2461514.5,-0.7675518285,0.5940481473,142.2618546706,0.9715302265
2027-04-20,2461515.5,-0.7759856159,0.5964174550,142.4543564414,0.9796363215
2027-04-21,2461516.5,-0.7845674125,0.5986363067,142.6558435818,0.9877798903
2027-04-22,2461517.5,-0.7932944851,0.6007012742,142.8661365966,0.9959585922
2027-04-23,2461518.5,-0.8021640373,0.6026089802,143.0850581372,1.0041701494
2027-04-24,2461519.5,-0.8111732103,0.6043560998,143.3124331722,1.0124123455
2027-04-25,2461520.5,-0.8203190837,0.6059393613,143.5480891356,1.0206830241
2027-04-26,2461521.5,-0.8295986768,0.6073555470,143.7918560551,1.0289800876
2027-04-27,2461522.5,-0.8390089496,0.6086014943,144.0435666621,1.0373014956
2027-04-28,2461523.5,-0.8485468035,0.6096740968,144.3030564841,1.0456452636
2027-04-29,2461524.5,-0.8582090831,0.6105703048,144.5701639221,1.0540094615
2027-04-30,2461525.5,-0.8679925764,0.6112871267,144.8447303130,1.0623922124
2027-05-01,2461526.5,-0.8778940165,0.6118216292,145.1265999799,1.0707916913
2027-05-02,2461527.5,-0.8879100825,0.6121709388,145.4156202694,1.0792061235
2027-05-03,2461528.5,-0.8980374005,0.6123322422,145.7116415790,1.0876337833
2027-05-04,2461529.5,-0.9082725447,0.6123027874,146.0145173739,1.0960729928
2027-05-05,2461530.5,-0.9186120388,0.6120798842,146.3241041960,1.1045221209
2027-05-06,2461531.5,-0.9290523568,0.6116609051,146.6402616637,1.1129795813
2027-05-07,2461532.5,-0.9395899243,0.6110432860,146.9628524656,1.1214438320
2027-05-08,2461533.5,-0.9502211195,0.6102245271,147.2917423468,1.1299133736
2027-05-09,2461534.5,-0.9609422745,0.6092021932,147.6268000906,1.1383867486
2027-05-10,2461535.5,-0.9717496764,0.6079739148,147.9678974939,1.1468625395
2027-05-11,2461536.5,-0.9826395683,0.6065373885,148.3149093391,1.1553393686
2027-05-12,2461537.5,-0.9936081507,0.6048903778,148.6677133613,1.1638158960
2027-05-13,2461538.5,-1.0046515826,0.6030307137,149.0261902126,1.1722908193
2027-05-14,2461539.5,-1.0157659824,0.6009562950,149.3902234230,1.1807628720
2027-05-15,2461540.5,-1.0269474296,0.5986650894,149.7596993589,1.1892308227
2027-05-16,2461541.5,-1.0381919655,0.5961551336,150.1345071791,1.1976934742
2027-05-17,2461542.5,-1.0494955945,0.5934245341,150.5145387893,1.2061496624
2027-05-18,2461543.5,-1.0608542854,0.5904714677,150.8996887947,1.2145982555
2027-05-19,2461544.5,-1.0722639728,0.5872941820,151.2898544517,1.2230381528
2027-05-20,2461545.5,-1.0837205576,0.5838909955,151.6849356180,1.2314682843
2027-05-21,2461546.5,-1.0952199090,0.5802602989,152.0848347022,1.2398876094
2027-05-22,2461547.5,-1.1067578650,0.5764005547,152.4894566131,1.2482951164
2027-05-23,2461548.5,-1.1183302342,0.5723102981,152.8987087084,1.2566898213
2027-05-24,2461549.5,-1.1299327966,0.5679881374,153.3125007426,1.2650707677
2027-05-25,2461550.5,-1.1415613051,0.5634327540,153.7307448159,1.2734370253
2027-05-26,2461551.5,-1.1532114863,0.5586429033,154.1533553220,1.2817876896
2027-05-27,2461552.5,-1.1648790421,0.5536174148,154.5802488974,1.2901218812
2027-05-28,2461553.5,-1.1765596507,0.5483551924,155.0113443696,1.2984387449
2027-05-29,2461554.5,-1.1882489681,0.5428552147,155.4465627067,1.3067374492
2027-05-30,2461555.5,-1.1999426289,0.5371165356,155.8858269669,1.3150171857
2027-05-31,2461556.5,-1.2116362478,0.5311382840,156.3290622490,1.3232771684
2027-06-01,2461557.5,-1.2233254205,0.5249196647,156.7761956430,1.3315166330
2027-06-02,2461558.5,-1.2350057255,0.5184599583,157.2271561818,1.3397348364
2027-06-03,2461559.5,-1.2466727247,0.5117585216,157.6818747933,1.3479310565
2027-06-04,2461560.5,-1.2583219650,0.5048147876,158.1402842535,1.3561045909
2027-06-05,2461561.5,-1.2699489793,0.4976282659,158.6023191400,1.3642547571
2027-06-06,2461562.5,-1.2815492879,0.4901985426,159.0679157870,1.3723808916
2027-06-07,2461563.5,-1.2931183996,0.4825252811,159.5370122400,1.3804823494
2027-06-08,2461564.5,-1.3046518128,0.4746082214,160.0095482129,1.3885585039
2027-06-09,2461565.5,-1.3161450171,0.4664471808,160.4854650444,1.3966087460
2027-06-10,2461566.5,-1.3275934941,0.4580420541,160.9647056563,1.4046324838
2027-06-11,2461567.5,-1.3389927188,0.4493928130,161.4472145123,1.4126291422
2027-06-12,2461568.5,-1.3503381608,0.4404995071,161.9329375777,1.4205981626
2027-06-13,2461569.5,-1.3616252854,0.4313622633,162.4218222803,1.4285390024
2027-06-14,2461570.5,-1.3728495552,0.4219812861,162.9138174713,1.4364511345
2027-06-15,2461571.5,-1.3840064308,0.4123568577,163.4088733885,1.4443340469
2027-06-16,2461572.5,-1.3950913721,0.4024893378,163.9069416187,1.4521872427
2027-06-17,2461573.5,-1.4060998400,0.3923791639,164.4079750626,1.4600102394
2027-06-18,2461574.5,-1.4170272970,0.3820268509,164.9119278993,1.4678025686
2027-06-19,2461575.5,-1.4278692086,0.3714329916,165.4187555524,1.4755637758
2027-06-20,2461576.5,-1.4386210448,0.3605982561,165.9284146564,1.4832934200
2027-06-21,2461577.5,-1.4492782807,0.3495233922,166.4408630244,1.4909910735
2027-06-22,2461578.5,-1.4598363983,0.3382092250,166.9560596163,1.4986563213
2027-06-23,2461579.5,-1.4702908874,0.3266566570,167.4739645080,1.5062887611
2027-06-24,2461580.5,-1.4806372467,0.3148666681,167.9945388612,1.5138880030
2027-06-25,2461581.5,-1.4908709853,0.3028403150,168.5177448940,1.5214536690
2027-06-26,2461582.5,-1.5009876236,0.2905787317,169.0435458523,1.5289853932
2027-06-27,2461583.5,-1.5109826946,0.2780831290,169.5719059820,1.5364828209
2027-06-28,2461584.5,-1.5208517452,0.2653547942,170.1027905019,1.5439456089
2027-06-29,2461585.5,-1.5305903371,0.2523950913,170.6361655771,1.5513734249
2027-06-30,2461586.5,-1.5401940483,0.2392054607,171.1719982932,1.5587659477
2027-07-01,2461587.5,-1.5496584740,0.2257874187,171.7102566313,1.5661228664
2027-07-02,2461588.5,-1.5589792279,0.2121425577,172.2509094438,1.5734438806
2027-07-03,2461589.5,-1.5681519436,0.1982725455,172.7939264302,1.5807287001
2027-07-04,2461590.5,-1.5771722753,0.1841791258,173.3392781140,1.5879770447
2027-07-05,2461591.5,-1.5860358993,0.1698641169,173.8869358205,1.5951886438
2027-07-06,2461592.5,-1.5947385150,0.1553294124,174.4368716544,1.6023632366
2027-07-07,2461593.5,-1.6032758462,0.1405769802,174.9890584785,1.6095005715
2027-07-08,2461594.5,-1.6116436423,0.1256088627,175.5434698931,1.6166004062
2027-07-09,2461595.5,-1.6198376791,0.1104271761,176.1000802155,1.6236625074
2027-07-10,2461596.5,-1.6278537605,0.0950341102,176.6588644601,1.6306866507
2027-07-11,2461597.5,-1.6356877190,0.0794319282,177.2197983197,1.6376726204
2027-07-12,2461598.5,-1.6433354175,0.0636229661,177.7828581460,1.6446202093
2027-07-13,2461599.5,-1.6507927499,0.0476096324,178.3480209322,1.6515292187
2027-07-14,2461600.5,-1.6580556427,0.0313944079,178.9152642943,1.6583994578
2027-07-15,2461601.5,-1.6651200558,0.0149798448,179.4845664547,1.6652307443
2027-07-16,2461602.5,-1.6719819837,-0.0016314331,180.0559062247,1.6720229036
2027-07-17,2461603.5,-1.6786374566,-0.0184367314,180.6292629883,1.6787757691
2027-07-18,2461604.5,-1.6850825418,-0.0354332851,181.2046166862,1.6854891815
2027-07-19,2461605.5,-1.6913133445,-0.0526182595,181.7819478003,1.6921629894
2027-07-20,2461606.5,-1.6973260090,-0.0699887502,182.3612373380,1.6987970487
2027-07-21,2461607.5,-1.7031167198,-0.0875417842,182.9424668184,1.7053912226
2027-07-22,2461608.5,-1.7086817029,-0.1052743197,183.5256182566,1.7119453814
2027-07-23,2461609.5,-1.7140172266,-0.1231832473,184.1106741507,1.7184594025
2027-07-24,2461610.5,-1.7191196027,-0.1412653901,184.6976174677,1.7249331704
2027-07-25,2461611.5,-1.7239851879,-0.1595175044,185.2864316297,1.7313665760
2027-07-26,2461612.5,-1.7286103843,-0.1779362804,185.8771005016,1.7377595175
2027-07-27,2461613.5,-1.7329916410,-0.1965183426,186.4696083780,1.7441118992
2027-07-28,2461614.5,-1.7371254550,-0.2152602504,187.0639399707,1.7504236323
2027-07-29,2461615.5,-1.7410083721,-0.2341584989,187.6600803969,1.7566946342
2027-07-30,2461616.5,-1.7446369884,-0.2532095195,188.2580151671,1.7629248287
2027-07-31,2461617.5,-1.7480079508,-0.2724096802,188.8577301739,1.7691141459
2027-08-01,2461618.5,-1.7511179586,-0.2917552869,189.4592116804,1.7752625218
2027-08-02,2461619.5,-1.7539637641,-0.3112425835,190.0624463096,1.7813698988
2027-08-03,2461620.5,-1.7565421739,-0.3308677530,190.6674210334,1.7874362250
2027-08-04,2461621.5,-1.7588500501,-0.3506269178,191.2741231622,1.7934614545
2027-08-05,2461622.5,-1.7608843109,-0.3705161409,191.8825403348,1.7994455472
2027-08-06,2461623.5,-1.7626419318,-0.3905314264,192.4926605086,1.8053884686
2027-08-07,2461624.5,-1.7641199468,-0.4106687202,193.1044719492,1.8112901900
2027-08-08,2461625.5,-1.7653154494,-0.4309239108,193.7179632217,1.8171506883
2027-08-09,2461626.5,-1.7662255932,-0.4512928303,194.3331231807,1.8229699456
2027-08-10,2461627.5,-1.7668475934,-0.4717712550,194.9499409618,1.8287479498
2027-08-11,2461628.5,-1.7671787275,-0.4923549062,195.5684059723,1.8344846938
2027-08-12,2461629.5,-1.7672163364,-0.5130394513,196.1885078826,1.8401801761
2027-08-13,2461630.5,-1.7669578253,-0.5338205044,196.8102366178,1.8458344002
2027-08-14,2461631.5,-1.7664006648,-0.5546936273,197.4335823495,1.8514473749
2027-08-15,2461632.5,-1.7655423917,-0.5756543301,198.0585354872,1.8570191139
2027-08-16,2461633.5,-1.7643806100,-0.5966980728,198.6850866710,1.8625496360
2027-08-17,2461634.5,-1.7629129919,-0.6178202654,199.3132267632,1.8680389650
2027-08-18,2461635.5,-1.7611372787,-0.6390162695,199.9429468411,1.8734871296
2027-08-19,2461636.5,-1.7590512817,-0.6602813988,200.5742381893,1.8788941634
2027-08-20,2461637.5,-1.7566528833,-0.6816109204,201.2070922927,1.8842601046
2027-08-21,2461638.5,-1.7539400374,-0.7030000554,201.8415008290,1.8895849962
2027-08-22,2461639.5,-1.7509107709,-0.7244439806,202.4774556618,1.8948688860
2027-08-23,2461640.5,-1.7475631842,-0.7459378285,203.1149488338,1.9001118262
2027-08-24,2461641.5,-1.7438954523,-0.7674766895,203.7539725601,1.9053138738
2027-08-25,2461642.5,-1.7399058254,-0.7890556120,204.3945192215,1.9104750901
2027-08-26,2461643.5,-1.7355926300,-0.8106696039,205.0365813582,1.9155955409
2027-08-27,2461644.5,-1.7309542697,-0.8323136339,205.6801516633,1.9206752965
2027-08-28,2461645.5,-1.7259892257,-0.8539826321,206.3252229765,1.9257144316
2027-08-29,2461646.5,-1.7206960582,-0.8756714914,206.9717882785,1.9307130249
2027-08-30,2461647.5,-1.7150734067,-0.8973750688,207.6198406843,1.9356711598
2027-08-31,2461648.5,-1.7091199908,-0.9190881863,208.2693734378,1.9405889235
2027-09-01,2461649.5,-1.7028346116,-0.9408056321,208.9203799063,1.9454664077
2027-09-02,2461650.5,-1.6962161515,-0.9625221619,209.5728535740,1.9503037079
2027-09-03,2461651.5,-1.6892635757,-0.9842325002,210.2267880374,1.9551009240
2027-09-04,2461652.5,-1.6819759327,-1.0059313412,210.8821769991,1.9598581598
2027-09-05,2461653.5,-1.6743523548,-1.0276133503,211.5390142629,1.9645755229
2027-09-06,2461654.5,-1.6663920591,-1.0492731654,212.1972937286,1.9692531251
2027-09-07,2461655.5,-1.6580943480,-1.0709053980,212.8570093863,1.9738910819
2027-09-08,2461656.5,-1.6494586101,-1.0925046346,213.5181553122,1.9784895129
2027-09-09,2461657.5,-1.6404843206,-1.1140654380,214.1807256626,1.9830485413
2027-09-10,2461658.5,-1.6311710418,-1.1355823485,214.8447146701,1.9875682940
2027-09-11,2461659.5,-1.6215184242,-1.1570498856,215.5101166377,1.9920489019
2027-09-12,2461660.5,-1.6115262068,-1.1784625489,216.1769259351,1.9964904993
2027-09-13,2461661.5,-1.6011942177,-1.1998148198,216.8451369933,2.0008932244
2027-09-14,2461662.5,-1.5905223745,-1.2211011628,217.5147443003,2.0052572188
2027-09-15,2461663.5,-1.5795106852,-1.2423160267,218.1857423970,2.0095826278
2027-09-16,2461664.5,-1.5681592485,-1.2634538464,218.8581258719,2.0138696001
2027-09-17,2461665.5,-1.5564682544,-1.2845090443,219.5318893578,2.0181182880
2027-09-18,2461666.5,-1.5444379844,-1.3054760312,220.2070275266,2.0223288471
2027-09-19,2461667.5,-1.5320688124,-1.3263492085,220.8835350859,2.0265014365
2027-09-20,2461668.5,-1.5193612048,-1.3471229692,221.5614067744,2.0306362185
2027-09-21,2461669.5,-1.5063157210,-1.3677916997,222.2406373578,2.0347333591
2027-09-22,2461670.5,-1.4929330141,-1.3883497810,222.9212216252,2.0387930271
2027-09-23,2461671.5,-1.4792138305,-1.4087915905,223.6031543849,2.0428153948
2027-09-24,2461672.5,-1.4651590113,-1.4291115034,224.2864304606,2.0468006376
2027-09-25,2461673.5,-1.4507694917,-1.4493038944,224.9710446876,2.0507489343
2027-09-26,2461674.5,-1.4360463017,-1.4693631389,225.6569919090,2.0546604663
2027-09-27,2461675.5,-1.4209905665,-1.4892836151,226.3442669724,2.0585354187
2027-09-28,2461676.5,-1.4056035064,-1.5090597051,227.0328647257,2.0623739791
2027-09-29,2461677.5,-1.3898864375,-1.5286857969,227.7227800141,2.0661763383
2027-09-30,2461678.5,-1.3738407713,-1.5481562858,228.4140076762,2.0699426901
2027-10-01,2461679.5,-1.3574680154,-1.5674655760,229.1065425409,2.0736732312
2027-10-02,2461680.5,-1.3407697734,-1.5866080824,229.8003794238,2.0773681611
2027-10-03,2461681.5,-1.3237477449,-1.6055782322,230.4955131240,2.0810276821
2027-10-04,2461682.5,-1.3064037259,-1.6243704664,231.1919384209,2.0846519993
2027-10-05,2461683.5,-1.2887396086,-1.6429792416,231.8896500709,2.0882413206
2027-10-06,2461684.5,-1.2707573817,-1.6613990317,232.5886428041,2.0917958566
2027-10-07,2461685.5,-1.2524591301,-1.6796243297,233.2889113217,2.0953158204
2027-10-08,2461686.5,-1.2338470349,-1.6976496490,233.9904502925,2.0988014279
2027-10-09,2461687.5,-1.2149233737,-1.7154695255,234.6932543502,2.1022528974
2027-10-10,2461688.5,-1.1956905200,-1.7330785192,235.3973180902,2.1056704498
2027-10-11,2461689.5,-1.1761509437,-1.7504712157,236.1026360671,2.1090543085
2027-10-12,2461690.5,-1.1563072102,-1.7676422285,236.8092027916,2.1124046993
2027-10-13,2461691.5,-1.1361619809,-1.7845861998,237.5170127280,2.1157218503
2027-10-14,2461692.5,-1.1157180125,-1.8012978032,238.2260602912,2.1190059920
2027-10-15,2461693.5,-1.0949781572,-1.8177717449,238.9363398443,2.1222573572
2027-10-16,2461694.5,-1.0739453620,-1.8340027655,239.6478456958,2.1254761810
2027-10-17,2461695.5,-1.0526226686,-1.8499856419,240.3605720974,2.1286627006
2027-10-18,2461696.5,-1.0310132131,-1.8657151888,241.0745132410,2.1318171553
2027-10-19,2461697.5,-1.0091202255,-1.8811862608,241.7896632567,2.1349397866
2027-10-20,2461698.5,-0.9869470292,-1.8963937538,242.5060162105,2.1380308380
2027-10-21,2461699.5,-0.9644970410,-1.9113326071,243.2235661014,2.1410905550
2027-10-22,2461700.5,-0.9417737701,-1.9259978047,243.9423068598,2.1441191850
2027-10-23,2461701.5,-0.9187808179,-1.9403843777,244.6622323448,2.1471169773
2027-10-24,2461702.5,-0.8955218771,-1.9544874053,245.3833363423,2.1500841832
2027-10-25,2461703.5,-0.8720007318,-1.9683020172,246.1056125630,2.1530210555
2027-10-26,2461704.5,-0.8482212560,-1.9818233948,246.8290546399,2.1559278490
2027-10-27,2461705.5,-0.8241874138,-1.9950467736,247.5536561269,2.1588048200
2027-10-28,2461706.5,-0.7999032578,-2.0079674440,248.2794104964,2.1616522266
2027-10-29,2461707.5,-0.7753729293,-2.0205807542,249.0063111375,2.1644703282
2027-10-30,2461708.5,-0.7506006570,-2.0328821108,249.7343513546,2.1672593859
2027-10-31,2461709.5,-0.7255907561,-2.0448669813,250.4635243650,2.1700196623
2027-11-01,2461710.5,-0.7003476279,-2.0565308954,251.1938232978,2.1727514213
2027-11-02,2461711.5,-0.6748757585,-2.0678694471,251.9252411916,2.1754549281
2027-11-03,2461712.5,-0.6491797183,-2.0788782957,252.6577709936,2.1781304492
2027-11-04,2461713.5,-0.6232641606,-2.0895531683,253.3914055576,2.1807782525
2027-11-05,2461714.5,-0.5971338209,-2.0998898608,254.1261376427,2.1833986069
2027-11-06,2461715.5,-0.5707935161,-2.1098842401,254.8619599118,2.1859917823
2027-11-07,2461716.5,-0.5442481428,-2.1195322454,255.5988649305,2.1885580498
2027-11-08,2461717.5,-0.5175026767,-2.1288298897,256.3368451653,2.1910976815
2027-11-09,2461718.5,-0.4905621715,-2.1377732620,257.0758929828,2.1936109503
2027-11-10,2461719.5,-0.4634317575,-2.1463585283,257.8160006487,2.1960981299
2027-11-11,2461720.5,-0.4361166405,-2.1545819334,258.5571603259,2.1985594951
2027-11-12,2461721.5,-0.4086221004,-2.1624398027,259.2993640743,2.2009953209
2027-11-13,2461722.5,-0.3809534903,-2.1699285432,260.0426038492,2.2034058834
2027-11-14,2461723.5,-0.3531162349,-2.1770446458,260.7868715010,2.2057914592
2027-11-15,2461724.5,-0.3251158291,-2.1837846861,261.5321587736,2.2081523252
2027-11-16,2461725.5,-0.2969578371,-2.1901453261,262.2784573041,2.2104887589
2027-11-17,2461726.5,-0.2686478902,-2.1961233158,263.0257586220,2.2128010383
2027-11-18,2461727.5,-0.2401916861,-2.2017154947,263.7740541483,2.2150894415
2027-11-19,2461728.5,-0.2115949870,-2.2069187929,264.5233351952,2.2173542469
2027-11-20,2461729.5,-0.1828636182,-2.2117302328,265.2735929655,2.2195957331
2027-11-21,2461730.5,-0.1540034666,-2.2161469302,266.0248185517,2.2218141788
2027-11-22,2461731.5,-0.1250204789,-2.2201660960,266.7770029362,2.2240098628
2027-11-23,2461732.5,-0.0959206605,-2.2237850370,267.5301369905,2.2261830637
2027-11-24,2461733.5,-0.0667100733,-2.2270011577,268.2842114752,2.2283340602
2027-11-25,2461734.5,-0.0373948340,-2.2298119614,269.0392170397,2.2304631304
2027-11-26,2461735.5,-0.0079811132,-2.2322150511,269.7951442218,2.2325705527
2027-11-27,2461736.5,0.0215248675,-2.2342081311,270.5519834481,2.2346566046
2027-11-28,2461737.5,0.0511168363,-2.2357890080,271.3097250336,2.2367215637
2027-11-29,2461738.5,0.0807884734,-2.2369555919,272.0683591817,2.2387657066
2027-11-30,2461739.5,0.1105334129,-2.2377058972,272.8278759848,2.2407893098
2027-12-01,2461740.5,0.1403452446,-2.2380380442,273.5882654239,2.2427926489
2027-12-02,2461741.5,0.1702175156,-2.2379502597,274.3495173693,2.2447759987
2027-12-03,2461742.5,0.2001437326,-2.2374408779,275.1116215806,2.2467396334
2027-12-04,2461743.5,0.2301173636,-2.2365083419,275.8745677072,2.2486838263
2027-12-05,2461744.5,0.2601318399,-2.2351512041,276.6383452889,2.2506088497
2027-12-06,2461745.5,0.2901805581,-2.2333681272,277.4029437561,2.2525149748
2027-12-07,2461746.5,0.3202568821,-2.2311578852,278.1683524308,2.2544024717
2027-12-08,2461747.5,0.3503541450,-2.2285193640,278.9345605268,2.2562716095
2027-12-09,2461748.5,0.3804656515,-2.2254515624,279.7015571508,2.2581226558
2027-12-10,2461749.5,0.4105846794,-2.2219535924,280.4693313029,2.2599558769
2027-12-11,2461750.5,0.4407044824,-2.2180246804,281.2378718777,2.2617715378
2027-12-12,2461751.5,0.4708182914,-2.2136641673,282.0071676649,2.2635699019
2027-12-13,2461752.5,0.5009193173,-2.2088715095,282.7772073506,2.2653512309
2027-12-14,2461753.5,0.5310007528,-2.2036462795,283.5479795184,2.2671157850
2027-12-15,2461754.5,0.5610557746,-2.1979881658,284.3194726500,2.2688638227
2027-12-16,2461755.5,0.5910775455,-2.1918969740,285.0916751269,2.2705956004
2027-12-17,2461756.5,0.6210592169,-2.1853726270,285.8645752314,2.2723113728
2027-12-18,2461757.5,0.6509939305,-2.1784151653,286.6381611482,2.2740113926
2027-12-19,2461758.5,0.6808748210,-2.1710247473,287.4124209651,2.2756959104
2027-12-20,2461759.5,0.7106950178,-2.1632016497,288.1873426752,2.2773651746
2027-12-21,2461760.5,0.7404476479,-2.1549462678,288.9629141781,2.2790194315
2027-12-22,2461761.5,0.7701258372,-2.1462591153,289.7391232811,2.2806589249
2027-12-23,2461762.5,0.7997227139,-2.1371408249,290.5159577014,2.2822838964
2027-12-24,2461763.5,0.8292314095,-2.1275921481,291.2934050674,2.2838945850
2027-12-25,2461764.5,0.8586450622,-2.1176139554,292.0714529207,2.2854912272
2027-12-26,2461765.5,0.8879568183,-2.1072072361,292.8500887175,2.2870740570
2027-12-27,2461766.5,0.9171598348,-2.0963730985,293.6292998309,2.2886433055
2027-12-28,2461767.5,0.9462472818,-2.0851127697,294.4090735524,2.2901992011
2027-12-29,2461768.5,0.9752123445,-2.0734275951,295.1893970944,2.2917419694
2027-12-30,2461769.5,1.0040482254,-2.0613190389,295.9702575914,2.2932718329
2027-12-31,2461770.5,1.0327481470,-2.0487886834,296.7516421030,2.2947890113
2028-01-01,2461771.5,1.0613053535,-2.0358382286,297.5335376152,2.2962937212
2028-01-02,2461772.5,1.0897131133,-2.0224694923,298.3159310433,2.2977861759
2028-01-03,2461773.5,1.1179647215,-2.0086844091,299.0988092336,2.2992665854
2028-01-04,2461774.5,1.1460535015,-1.9944850307,299.8821589657,2.3007351568
2028-01-05,2461775.5,1.1739728078,-1.9798735248,300.6659669552,2.3021920933
2028-01-06,2461776.5,1.2017160280,-1.9648521750,301.4502198558,2.3036375951
2028-01-07,2461777.5,1.2292765848,-1.9494233796,302.2349042616,2.3050718586
2028-01-08,2461778.5,1.2566479388,-1.9335896520,303.0200067099,2.3064950766
2028-01-09,2461779.5,1.2838235899,-1.9173536189,303.8055136834,2.3079074385
2028-01-10,2461780.5,1.3107970799,-1.9007180204,304.5914116129,2.3093091297
2028-01-11,2461781.5,1.3375619947,-1.8836857087,305.3776868797,2.3107003319
2028-01-12,2461782.5,1.3641119664,-1.8662596479,306.1643258184,2.3120812230
2028-01-13,2461783.5,1.3904406750,-1.8484429123,306.9513147196,2.3134519770
2028-01-14,2461784.5,1.4165418511,-1.8302386864,307.7386398323,2.3148127636
2028-01-15,2461785.5,1.4424092778,-1.8116502631,308.5262873671,2.3161637488
2028-01-16,2461786.5,1.4680367923,-1.7926810436,309.3142434982,2.3175050944
2028-01-17,2461787.5,1.4934182886,-1.7733345355,310.1024943670,2.3188369580
2028-01-18,2461788.5,1.5185477191,-1.7536143523,310.8910260845,2.3201594928
2028-01-19,2461789.5,1.5434190968,-1.7335242121,311.6798247340,2.3214728479
2028-01-20,2461790.5,1.5680264971,-1.7130679364,312.4688763744,2.3227771681
2028-01-21,2461791.5,1.5923640596,-1.6922494490,313.2581670427,2.3240725936
2028-01-22,2461792.5,1.6164259906,-1.6710727747,314.0476827569,2.3253592603
2028-01-23,2461793.5,1.6402065642,-1.6495420379,314.8374095194,2.3266372994
2028-01-24,2461794.5,1.6637001249,-1.6276614617,315.6273333194,2.3279068378
2028-01-25,2461795.5,1.6869010889,-1.6054353660,316.4174401360,2.3291679976
2028-01-26,2461796.5,1.7098039459,-1.5828681663,317.2077159414,2.3304208963
2028-01-27,2461797.5,1.7324032613,-1.5599643726,317.9981467036,2.3316656465
2028-01-28,2461798.5,1.7546936775,-1.5367285876,318.7887183898,2.3329023565
2028-01-29,2461799.5,1.7766699158,-1.5131655050,319.5794169688,2.3341311293
2028-01-30,2461800.5,1.7983267780,-1.4892799085,320.3702284145,2.3353520633
2028-01-31,2461801.5,1.8196591481,-1.4650766700,321.1611387087,2.3365652521
2028-02-01,2461802.5,1.8406619937,-1.4405607477,321.9521338444,2.3377707842
2028-02-02,2461803.5,1.8613303678,-1.4157371849,322.7431998282,2.3389687432
2028-02-03,2461804.5,1.8816594102,-1.3906111083,323.5343226841,2.3401592078
2028-02-04,2461805.5,1.9016443490,-1.3651877260,324.3254884559,2.3413422516
2028-02-05,2461806.5,1.9212805020,-1.3394723261,325.1166832106,2.3425179431
2028-02-06,2461807.5,1.9405632782,-1.3134702746,325.9078930412,2.3436863457
2028-02-07,2461808.5,1.9594881791,-1.2871870142,326.6991040698,2.3448475178
2028-02-08,2461809.5,1.9780508001,-1.2606280619,327.4903024504,2.3460015126
2028-02-09,2461810.5,1.9962468315,-1.2337990076,328.2814743723,2.3471483781
2028-02-10,2461811.5,2.0140720604,-1.2067055120,329.0726060623,2.3482881571
2028-02-11,2461812.5,2.0315223712,-1.1793533049,329.8636837888,2.3494208872
2028-02-12,2461813.5,2.0485937471,-1.1517481833,330.6546938634,2.3505466009
2028-02-13,2461814.5,2.0652822711,-1.1238960093,331.4456226450,2.3516653251
2028-02-14,2461815.5,2.0815841275,-1.0958027084,332.2364565417,2.3527770818
2028-02-15,2461816.5,2.0974956023,-1.0674742675,333.0271820146,2.3538818875
2028-02-16,2461817.5,2.1130130846,-1.0389167331,333.8177855797,2.3549797535
2028-02-17,2461818.5,2.1281330674,-1.0101362087,334.6082538116,2.3560706858
2028-02-18,2461819.5,2.1428521488,-0.9811388537,335.3985733456,2.3571546849
2028-02-19,2461820.5,2.1571670324,-0.9519308808,336.1887308808,2.3582317462
2028-02-20,2461821.5,2.1710745285,-0.9225185540,336.9787131829,2.3593018596
2028-02-21,2461822.5,2.1845715547,-0.8929081870,337.7685070866,2.3603650099
2028-02-22,2461823.5,2.1976551368,-0.8631061407,338.5580994984,2.3614211763
2028-02-23,2461824.5,2.2103224093,-0.8331188214,339.3474773996,2.3624703328
2028-02-24,2461825.5,2.2225706161,-0.8029526785,340.1366278481,2.3635124480
2028-02-25,2461826.5,2.2343971114,-0.7726142030,340.9255379816,2.3645474852
2028-02-26,2461827.5,2.2457993598,-0.7421099247,341.7141950200,2.3655754024
2028-02-27,2461828.5,2.2567749371,-0.7114464107,342.5025862676,2.3665961523
2028-02-28,2461829.5,2.2673215308,-0.6806302629,343.2906991160,2.3676096822
2028-02-29,2461830.5,2.2774369405,-0.6496681163,344.0785210459,2.3686159341
2028-03-01,2461831.5,2.2871190780,-0.6185666368,344.8660396299,2.3696148448
2028-03-02,2461832.5,2.2963659683,-0.5873325188,345.6532425346,2.3706063457
2028-03-03,2461833.5,2.3051757492,-0.5559724836,346.4401175229,2.3715903632
2028-03-04,2461834.5,2.3135466720,-0.5244932770,347.2266524564,2.3725668180
2028-03-05,2461835.5,2.3214771018,-0.4929016674,348.0128352970,2.3735356260
2028-03-06,2461836.5,2.3289655173,-0.4612044436,348.7986541095,2.3744966978
2028-03-07,2461837.5,2.3360105111,-0.4294084127,349.5840970637,2.3754499386
2028-03-08,2461838.5,2.3426107900,-0.3975203981,350.3691524358,2.3763952487
2028-03-09,2461839.5,2.3487651747,-0.3655472377,351.1538086112,2.3773325230
2028-03-10,2461840.5,2.3544726003,-0.3334957813,351.9380540856,2.3782616517
2028-03-11,2461841.5,2.3597321157,-0.3013728888,352.7218774673,2.3791825195
2028-03-12,2461842.5,2.3645428840,-0.2691854283,353.5052674788,2.3800950062
2028-03-13,2461843.5,2.3689041823,-0.2369402741,354.2882129587,2.3809989866
2028-03-14,2461844.5,2.3728154014,-0.2046443043,355.0707028633,2.3818943306
2028-03-15,2461845.5,2.3762760457,-0.1723043991,355.8527262680,2.3827809030
2028-03-16,2461846.5,2.3792857330,-0.1399274388,356.6342723690,2.3836585637
2028-03-17,2461847.5,2.3818441943,-0.1075203016,357.4153304852,2.3845271678
2028-03-18,2461848.5,2.3839512735,-0.0750898618,358.1958900587,2.3853865654
2028-03-19,2461849.5,2.3856069269,-0.0426429879,358.9759406572,2.3862366020
2028-03-20,2461850.5,2.3868112232,-0.0101865405,359.7554719748,2.3870771182
2028-03-21,2461851.5,2.3875643427,0.0222726297,0.5344738330,2.3879079499
2028-03-22,2461852.5,2.3878665771,0.0547276836,1.3129361827,2.3887289283
2028-03-23,2461853.5,2.3877183290,0.0871717957,2.0908491045,2.3895398800
2028-03-24,2461854.5,2.3871201113,0.1195981560,2.8682028103,2.3903406270
2028-03-25,2461855.5,2.3860725469,0.1519999719,3.6449876442,2.3911309867
2028-03-26,2461856.5,2.3845763678,0.1843704699,4.4211940834,2.3919107721
2028-03-27,2461857.5,2.3826324149,0.2167028976,5.1968127391,2.3926797917
2028-03-28,2461858.5,2.3802416371,0.2489905254,5.9718343573,2.3934378496
2028-03-29,2461859.5,2.3774050906,0.2812266485,6.7462498199,2.3941847454
2028-03-30,2461860.5,2.3741239384,0.3134045883,7.5200501449,2.3949202747
2028-03-31,2461861.5,2.3703994495,0.3455176944,8.2932264875,2.3956442287
2028-04-01,2461862.5,2.3662329982,0.3775593464,9.0657701404,2.3963563942
2028-04-02,2461863.5,2.3616260631,0.4095229554,9.8376725345,2.3970565543
2028-04-03,2461864.5,2.3565802268,0.4414019658,10.6089252394,2.3977444876
2028-04-04,2461865.5,2.3510971745,0.4731898571,11.3795199638,2.3984199690
2028-04-05,2461866.5,2.3451786935,0.5048801450,12.1494485555,2.3990827690
2028-04-06,2461867.5,2.3388266722,0.5364663839,12.9187030025,2.3997326547
2028-04-07,2461868.5,2.3320430993,0.5679421677,13.6872754325,2.4003693891
2028-04-08,2461869.5,2.3248300626,0.5993011318,14.4551581132,2.4009927312
2028-04-09,2461870.5,2.3171897486,0.6305369544,15.2223434529,2.4016024365
2028-04-10,2461871.5,2.3091244408,0.6616433583,15.9888240001,2.4021982568
2028-04-11,2461872.5,2.3006365192,0.6926141123,16.7545924436,2.4027799403
2028-04-12,2461873.5,2.2917284594,0.7234430324,17.5196416127,2.4033472316
2028-04-13,2461874.5,2.2824028310,0.7541239837,18.2839644766,2.4038998716
2028-04-14,2461875.5,2.2726622970,0.7846508816,19.0475541450,2.4044375981
2028-04-15,2461876.5,2.2625096127,0.8150176931,19.8104038672,2.4049601454
2028-04-16,2461877.5,2.2519476243,0.8452184384,20.5725070321,2.4054672444
2028-04-17,2461878.5,2.2409792682,0.8752471920,21.3338571681,2.4059586227
2028-04-18,2461879.5,2.2296075694,0.9050980844,22.0944479422,2.4064340051
2028-04-19,2461880.5,2.2178356409,0.9347653029,22.8542731602,2.4068931127
2028-04-20,2461881.5,2.2056666821,0.9642430934,23.6133267660,2.4073356641
2028-04-21,2461882.5,2.1931039777,0.9935257612,24.3716028407,2.4077613746
2028-04-22,2461883.5,2.1801508967,1.0226076725,25.1290956026,2.4081699565
2028-04-23,2461884.5,2.1668108909,1.0514832556,25.8857994064,2.4085611195
2028-04-24,2461885.5,2.1530874942,1.0801470018,26.6417087423,2.4089345704
2028-04-25,2461886.5,2.1389843206,1.1085934669,27.3968182357,2.4092900132
2028-04-26,2461887.5,2.1245050636,1.1368172721,28.1511226459,2.4096271492
2028-04-27,2461888.5,2.1096534945,1.1648131051,28.9046168660,2.4099456773
2028-04-28,2461889.5,2.0944334617,1.1925757212,29.6572959214,2.4102452936
2028-04-29,2461890.5,2.0788488886,1.2200999445,30.4091549694,2.4105256921
2028-04-30,2461891.5,2.0629037731,1.2473806687,31.1601892977,2.4107865641
2028-05-01,2461892.5,2.0466021857,1.2744128581,31.9103943242,2.4110275986
2028-05-02,2461893.5,2.0299482687,1.3011915487,32.6597655952,2.4112484824
2028-05-03,2461894.5,2.0129462343,1.3277118492,33.4082987850,2.4114489001
2028-05-04,2461895.5,1.9956003638,1.3539689415,34.1559896942,2.4116285341
2028-05-05,2461896.5,1.9779150061,1.3799580821,34.9028342492,2.4117870649
2028-05-06,2461897.5,1.9598945762,1.4056746028,35.6488285004,2.4119241709
2028-05-07,2461898.5,1.9415435540,1.4311139113,36.3939686214,2.4120395284
2028-05-08,2461899.5,1.9228664827,1.4562714923,37.1382509077,2.4121328121
2028-05-09,2461900.5,1.9038679680,1.4811429081,37.8816717753,2.4122036948
2028-05-10,2461901.5,1.8845526760,1.5057237997,38.6242277593,2.4122518475
2028-05-11,2461902.5,1.8649253325,1.5300098870,39.3659155128,2.4122769396
2028-05-12,2461903.5,1.8449907212,1.5539969701,40.1067318055,2.4122786390
2028-05-13,2461904.5,1.8247536822,1.5776809295,40.8466735220,2.4122566118
2028-05-14,2461905.5,1.8042191113,1.6010577270,41.5857376606,2.4122105228
2028-05-15,2461906.5,1.7833919577,1.6241234064,42.3239213318,2.4121400355
2028-05-16,2461907.5,1.7622772233,1.6468740941,43.0612217568,2.4120448119
2028-05-17,2461908.5,1.7408799611,1.6693059994,43.7976362656,2.4119245127
2028-05-18,2461909.5,1.7192052735,1.6914154157,44.5331622961,2.4117787976
2028-05-19,2461910.5,1.6972583115,1.7131987204,45.2677973920,2.4116073250
2028-05-20,2461911.5,1.6750442728,1.7346523757,46.0015392014,2.4114097523
2028-05-21,2461912.5,1.6525684004,1.7557729292,46.7343854749,2.4111857358
2028-05-22,2461913.5,1.6298359817,1.7765570143,47.4663340643,2.4109349309
2028-05-23,2461914.5,1.6068523464,1.7970013506,48.1973829206,2.4106569922
2028-05-24,2461915.5,1.5836228656,1.8171027445,48.9275300927,2.4103515734
2028-05-25,2461916.5,1.5601529503,1.8368580893,49.6567737249,2.4100183275
2028-05-26,2461917.5,1.5364480499,1.8562643661,50.3851120559,2.4096569067
2028-05-27,2461918.5,1.5125136507,1.8753186437,51.1125434166,2.4092669628
2028-05-28,2461919.5,1.4883552747,1.8940180792,51.8390662286,2.4088481468
2028-05-29,2461920.5,1.4639784781,1.9123599182,52.5646790019,2.4084001094
2028-05-30,2461921.5,1.4393888501,1.9303414954,53.2893803335,2.4079225008
2028-05-31,2461922.5,1.4145920110,1.9479602344,54.0131689053,2.4074149707
2028-06-01,2461923.5,1.3895936114,1.9652136484,54.7360434824,2.4068771688
2028-06-02,2461924.5,1.3643993303,1.9820993404,55.4580029109,2.4063087442
2028-06-03,2461925.5,1.3390148740,1.9986150031,56.1790461164,2.4057093462
2028-06-04,2461926.5,1.3134459747,2.0147584197,56.8991721015,2.4050786237
2028-06-05,2461927.5,1.2876983889,2.0305274634,57.6183799446,2.4044162256
2028-06-06,2461928.5,1.2617778964,2.0459200980,58.3366687970,2.4037218009
2028-06-07,2461929.5,1.2356902984,2.0609343782,59.0540378820,2.4029949986
2028-06-08,2461930.5,1.2094414165,2.0755684492,59.7704864917,2.4022354679
2028-06-09,2461931.5,1.1830370912,2.0898205474,60.4860139862,2.4014428581
2028-06-10,2461932.5,1.1564831806,2.1036890001,61.2006197907,2.4006168189
2028-06-11,2461933.5,1.1297855589,2.1171722256,61.9143033936,2.3997570001
2028-06-12,2461934.5,1.1029501150,2.1302687335,62.6270643449,2.3988630521
2028-06-13,2461935.5,1.0759827515,2.1429771247,63.3389022536,2.3979346256
2028-06-14,2461936.5,1.0488893827,2.1552960912,64.0498167861,2.3969713718
2028-06-15,2461937.5,1.0216759338,2.1672244163,64.7598076636,2.3959729427
2028-06-16,2461938.5,0.9943483395,2.1787609746,65.4688746603,2.3949389905
2028-06-17,2461939.5,0.9669125424,2.1899047317,66.1770176014,2.3938691685
2028-06-18,2461940.5,0.9393744915,2.2006547448,66.8842363608,2.3927631304
2028-06-19,2461941.5,0.9117401416,2.2110101617,67.5905308587,2.3916205310
2028-06-20,2461942.5,0.8840154512,2.2209702218,68.2959010601,2.3904410258
2028-06-21,2461943.5,0.8562063814,2.2305342550,69.0003469722,2.3892242712
2028-06-22,2461944.5,0.8283188948,2.2397016823,69.7038686420,2.3879699246
2028-06-23,2461945.5,0.8003589541,2.2484720153,70.4064661549,2.3866776446
2028-06-24,2461946.5,0.7723325204,2.2568448563,71.1081396319,2.3853470906
2028-06-25,2461947.5,0.7442455524,2.2648198979,71.8088892272,2.3839779235
2028-06-26,2461948.5,0.7161040048,2.2723969231,72.5087151270,2.3825698052
2028-06-27,2461949.5,0.6879138272,2.2795758049,73.2076175460,2.3811223989
2028-06-28,2461950.5,0.6596809625,2.2863565060,73.9055967263,2.3796353692
2028-06-29,2461951.5,0.6314113458,2.2927390791,74.6026529343,2.3781083822
2028-06-30,2461952.5,0.6031109033,2.2987236660,75.2987864592,2.3765411051
2028-07-01,2461953.5,0.5747855507,2.3043104979,75.9939976101,2.3749332070
2028-07-02,2461954.5,0.5464411920,2.3094998948,76.6882867140,2.3732843584
2028-07-03,2461955.5,0.5180837183,2.3142922651,77.3816541138,2.3715942316
2028-07-04,2461956.5,0.4897190066,2.3186881060,78.0741001656,2.3698625002
2028-07-05,2461957.5,0.4613529183,2.3226880024,78.7656252366,2.3680888400
2028-07-06,2461958.5,0.4329912983,2.3262926268,79.4562297028,2.3662729285
2028-07-07,2461959.5,0.4046399733,2.3295027395,80.1459139466,2.3644144448
2028-07-08,2461960.5,0.3763047511,2.3323191873,80.8346783546,2.3625130703
2028-07-09,2461961.5,0.3479914189,2.3347429040,81.5225233152,2.3605684882
2028-07-10,2461962.5,0.3197057421,2.3367749095,82.2094492164,2.3585803837
2028-07-11,2461963.5,0.2914534636,2.3384163095,82.8954564432,2.3565484444
2028-07-12,2461964.5,0.2632403019,2.3396682954,83.5805453753,2.3544723596
2028-07-13,2461965.5,0.2350719502,2.3405321434,84.2647163852,2.3523518214
2028-07-14,2461966.5,0.2069540753,2.3410092143,84.9479698349,2.3501865236
2028-07-15,2461967.5,0.1788923161,2.3411009532,85.6303060743,2.3479761629
2028-07-16,2461968.5,0.1508922829,2.3408088887,86.3117254387,2.3457204380
2028-07-17,2461969.5,0.1229595556,2.3401346327,86.9922282458,2.3434190503
2028-07-18,2461970.5,0.0950996828,2.3390798797,87.6718147942,2.3410717037
2028-07-19,2461971.5,0.0673181808,2.3376464064,88.3504853599,2.3386781046
2028-07-20,2461972.5,0.0396205322,2.3358360713,89.0282401948,2.3362379621
2028-07-21,2461973.5,0.0120121847,2.3336508138,89.7050795237,2.3337509881
2028-07-22,2461974.5,-0.0155014498,2.3310926540,90.3810035421,2.3312168971
2028-07-23,2461975.5,-0.0429149967,2.3281636919,91.0560124132,2.3286354066
2028-07-24,2461976.5,-0.0702231194,2.3248661071,91.7301062661,2.3260062371
2028-07-25,2461977.5,-0.0974205211,2.3212021579,92.4032851929,2.3233291116
2028-07-26,2461978.5,-0.1245019451,2.3171741808,93.0755492461,2.3206037567
2028-07-27,2461979.5,-0.1514621766,2.3127845899,93.7468984362,2.3178299017
2028-07-28,2461980.5,-0.1782960434,2.3080358765,94.4173327290,2.3150072793
2028-07-29,2461981.5,-0.2049984175,2.3029306078,95.0868520432,2.3121356251
2028-07-30,2461982.5,-0.2315642155,2.2974714269,95.7554562476,2.3092146782
2028-07-31,2461983.5,-0.2579884003,2.2916610519,96.4231451588,2.3062441811
2028-08-01,2461984.5,-0.2842659820,2.2855022751,97.0899185380,2.3032238795
2028-08-02,2461985.5,-0.3103920188,2.2789979622,97.7557760890,2.3001535227
2028-08-03,2461986.5,-0.3363616182,2.2721510522,98.4207174548,2.2970328635
2028-08-04,2461987.5,-0.3621699384,2.2649645557,99.0847422157,2.2938616583
2028-08-05,2461988.5,-0.3878121886,2.2574415549,99.7478498859,2.2906396671
2028-08-06,2461989.5,-0.4132836309,2.2495852026,100.4100399112,2.2873666538
2028-08-07,2461990.5,-0.4385795808,2.2413987215,101.0713116659,2.2840423858
2028-08-08,2461991.5,-0.4636954082,2.2328854032,101.7316644503,2.2806666347
2028-08-09,2461992.5,-0.4886265389,2.2240486074,102.3910974877,2.2772391758
2028-08-10,2461993.5,-0.5133684551,2.2148917614,103.0496099215,2.2737597883
2028-08-11,2461994.5,-0.5379166967,2.2054183591,103.7072008128,2.2702282558
2028-08-12,2461995.5,-0.5622668622,2.1956319599,104.3638691367,2.2666443657
2028-08-13,2461996.5,-0.5864146098,2.1855361882,105.0196137801,2.2630079097
2028-08-14,2461997.5,-0.6103556582,2.1751347324,105.6744335385,2.2593186839
2028-08-15,2461998.5,-0.6340857877,2.1644313437,106.3283271129,2.2555764885
2028-08-16,2461999.5,-0.6576008412,2.1534298357,106.9812931067,2.2517811282
2028-08-17,2462000.5,-0.6808967250,2.1421340833,107.6333300233,2.2479324122
2028-08-18,2462001.5,-0.7039694098,2.1305480214,108.2844362621,2.2440301541
2028-08-19,2462002.5,-0.7268149318,2.1186756446,108.9346101160,2.2400741724
2028-08-20,2462003.5,-0.7494293933,2.1065210057,109.5838497682,2.2360642899
2028-08-21,2462004.5,-0.7718089640,2.0940882147,110.2321532887,2.2320003344
2028-08-22,2462005.5,-0.7939498815,2.0813814385,110.8795186314,2.2278821384
2028-08-23,2462006.5,-0.8158484524,2.0684048988,111.5259436307,2.2237095393
2028-08-24,2462007.5,-0.8375010534,2.0551628722,112.1714259982,2.2194823796
2028-08-25,2462008.5,-0.8589041315,2.0416596882,112.8159633193,2.2152005067
2028-08-26,2462009.5,-0.8800542057,2.0278997287,113.4595530499,2.2108637731
2028-08-27,2462010.5,-0.9009478672,2.0138874270,114.1021925129,2.2064720365
2028-08-28,2462011.5,-0.9215817804,1.9996272661,114.7438788948,2.2020251598
2028-08-29,2462012.5,-0.9419526840,1.9851237784,115.3846092420,2.1975230113
2028-08-30,2462013.5,-0.9620573912,1.9703815439,116.0243804574,2.1929654648
2028-08-31,2462014.5,-0.9818927913,1.9554051895,116.6631892966,2.1883523993
2028-09-01,2462015.5,-1.0014558498,1.9401993877,117.3010323645,2.1836836996
2028-09-02,2462016.5,-1.0207436092,1.9247688554,117.9379061112,2.1789592560
2028-09-03,2462017.5,-1.0397531904,1.9091183527,118.5738068283,2.1741789645
2028-09-04,2462018.5,-1.0584817926,1.8932526821,119.2087306452,2.1693427269
2028-09-05,2462019.5,-1.0769266946,1.8771766866,119.8426735251,2.1644504509
2028-09-06,2462020.5,-1.0950852552,1.8608952492,120.4756312610,2.1595020500
2028-09-07,2462021.5,-1.1129549141,1.8444132910,121.1075994715,2.1544974438
2028-09-08,2462022.5,-1.1305331923,1.8277357706,121.7385735971,2.1494365580
2028-09-09,2462023.5,-1.1478176930,1.8108676823,122.3685488955,2.1443193245
2028-09-10,2462024.5,-1.1648061024,1.7938140552,122.9975204379,2.1391456812
2028-09-11,2462025.5,-1.1814961896,1.7765799517,123.6254831041,2.1339155726
2028-09-12,2462026.5,-1.1978858080,1.7591704661,124.2524315785,2.1286289494
2028-09-13,2462027.5,-1.2139728956,1.7415907239,124.8783603456,2.1232857690
2028-09-14,2462028.5,-1.2297554755,1.7238458794,125.5032636852,2.1178859951
2028-09-15,2462029.5,-1.2452316563,1.7059411155,126.1271356680,2.1124295982
2028-09-16,2462030.5,-1.2603996330,1.6878816414,126.7499701506,2.1069165554
2028-09-17,2462031.5,-1.2752576875,1.6696726920,127.3717607711,2.1013468507
2028-09-18,2462032.5,-1.2898041886,1.6513195259,127.9925009438,2.0957204751
2028-09-19,2462033.5,-1.3040375930,1.6328274242,128.6121838543,2.0900374262
2028-09-20,2462034.5,-1.3179564455,1.6142016895,129.2308024545,2.0842977089
2028-09-21,2462035.5,-1.3315593796,1.5954476437,129.8483494573,2.0785013353
2028-09-22,2462036.5,-1.3448451177,1.5765706274,130.4648173314,2.0726483245
2028-09-23,2462037.5,-1.3578124717,1.5575759976,131.0801982956,2.0667387029
2028-09-24,2462038.5,-1.3704603431,1.5384691272,131.6944843138,2.0607725045
2028-09-25,2462039.5,-1.3827877236,1.5192554025,132.3076670887,2.0547497705
2028-09-26,2462040.5,-1.3947936954,1.4999402227,132.9197380566,2.0486705497
2028-09-27,2462041.5,-1.4064774314,1.4805289976,133.5306883812,2.0425348988
2028-09-28,2462042.5,-1.4178381955,1.4610271466,134.1405089478,2.0363428817
2028-09-29,2462043.5,-1.4288753427,1.4414400970,134.7491903568,2.0300945706
2028-09-30,2462044.5,-1.4395883199,1.4217732826,135.3567229181,2.0237900453
2028-10-01,2462045.5,-1.4499766653,1.4020321420,135.9630966438,2.0174293936
2028-10-02,2462046.5,-1.4600400092,1.3822221171,136.5683012424,2.0110127114
2028-10-03,2462047.5,-1.4697780739,1.3623486516,137.1723261118,2.0045401028
2028-10-04,2462048.5,-1.4791906738,1.3424171896,137.7751603324,1.9980116799
2028-10-05,2462049.5,-1.4882777156,1.3224331736,138.3767926602,1.9914275633
2028-10-06,2462050.5,-1.4970391984,1.3024020435,138.9772115195,1.9847878820
2028-10-07,2462051.5,-1.5054752136,1.2823292343,139.5764049957,1.9780927735
2028-10-08,2462052.5,-1.5135859451,1.2622201754,140.1743608277,1.9713423837
2028-10-09,2462053.5,-1.5213716691,1.2420802881,140.7710664004,1.9645368675
2028-10-10,2462054.5,-1.5288327544,1.2219149846,141.3665087363,1.9576763881
2028-10-11,2462055.5,-1.5359696618,1.2017296664,141.9606744882,1.9507611180
2028-10-12,2462056.5,-1.5427829445,1.1815297222,142.5535499302,1.9437912383
2028-10-13,2462057.5,-1.5492732479,1.1613205269,143.1451209497,1.9367669393
2028-10-14,2462058.5,-1.5554413092,1.1411074393,143.7353730387,1.9296884203
2028-10-15,2462059.5,-1.5612879574,1.1208958012,144.3242912846,1.9225558901
2028-10-16,2462060.5,-1.5668141131,1.1006909352,144.9118603613,1.9153695663
2028-10-17,2462061.5,-1.5720207883,1.0804981436,145.4980645201,1.9081296763
2028-10-18,2462062.5,-1.5769090860,1.0603227060,146.0828875796,1.9008364569
2028-10-19,2462063.5,-1.5814801999,1.0401698787,146.6663129162,1.8934901544
2028-10-20,2462064.5,-1.5857354144,1.0200448920,147.2483234541,1.8860910248
2028-10-21,2462065.5,-1.5896761036,0.9999529494,147.8289016546,1.8786393339
2028-10-22,2462066.5,-1.5933037316,0.9798992255,148.4080295058,1.8711353573
2028-10-23,2462067.5,-1.5966198516,0.9598888647,148.9856885119,1.8635793806
2028-10-24,2462068.5,-1.5996261058,0.9399269793,149.5618596814,1.8559716995
2028-10-25,2462069.5,-1.6023242246,0.9200186478,150.1365235161,1.8483126198
2028-10-26,2462070.5,-1.6047160261,0.9001689139,150.7096599994,1.8406024576
2028-10-27,2462071.5,-1.6068034158,0.8803827839,151.2812485838,1.8328415393
2028-10-28,2462072.5,-1.6085883859,0.8606652261,151.8512681790,1.8250302019
2028-10-29,2462073.5,-1.6100730146,0.8410211684,152.4196971388,1.8171687927
2028-10-30,2462074.5,-1.6112594656,0.8214554973,152.9865132480,1.8092576700
2028-10-31,2462075.5,-1.6121499871,0.8019730558,153.5516937093,1.8012972024
2028-11-01,2462076.5,-1.6127469116,0.7825786423,154.1152151290,1.7932877700
2028-11-02,2462077.5,-1.6130526547,0.7632770086,154.6770535035,1.7852297633
2028-11-03,2462078.5,-1.6130697146,0.7440728585,155.2371842038,1.7771235842
2028-11-04,2462079.5,-1.6128006711,0.7249708464,155.7955819614,1.7689696457
2028-11-05,2462080.5,-1.6122481849,0.7059755756,156.3522208526,1.7607683722
2028-11-06,2462081.5,-1.6114149967,0.6870915967,156.9070742824,1.7525201995
2028-11-07,2462082.5,-1.6103039261,0.6683234063,157.4601149688,1.7442255748
2028-11-08,2462083.5,-1.6089178709,0.6496754452,158.0113149256,1.7358849572
2028-11-09,2462084.5,-1.6072598063,0.6311520972,158.5606454455,1.7274988174
2028-11-10,2462085.5,-1.6053327831,0.6127576874,159.1080770824,1.7190676380
2028-11-11,2462086.5,-1.6031399278,0.5944964809,159.6535796335,1.7105919137
2028-11-12,2462087.5,-1.6006844404,0.5763726814,160.1971221202,1.7020721514
2028-11-13,2462088.5,-1.5979695942,0.5583904293,160.7386727694,1.6935088701
2028-11-14,2462089.5,-1.5949987342,0.5405538011,161.2781989935,1.6849026014
2028-11-15,2462090.5,-1.5917752759,0.5228668072,161.8156673703,1.6762538893
2028-11-16,2462091.5,-1.5883027043,0.5053333911,162.3510436222,1.6675632906
2028-11-17,2462092.5,-1.5845845728,0.4879574277,162.8842925951,1.6588313749
2028-11-18,2462093.5,-1.5806245014,0.4707427223,163.4153782357,1.6500587248
2028-11-19,2462094.5,-1.5764261762,0.4536930088,163.9442635698,1.6412459358
2028-11-20,2462095.5,-1.5719933473,0.4368119490,164.4709106784,1.6323936170
2028-11-21,2462096.5,-1.5673298279,0.4201031310,164.9952806743,1.6235023908
2028-11-22,2462097.5,-1.5624394930,0.4035700678,165.5173336776,1.6145728930
2028-11-23,2462098.5,-1.5573262776,0.3872161967,166.0370287901,1.6056057734
2028-11-24,2462099.5,-1.5519941757,0.3710448773,166.5543240701,1.5966016957
2028-11-25,2462100.5,-1.5464472385,0.3550593911,167.0691765051,1.5875613375
2028-11-26,2462101.5,-1.5406895732,0.3392629400,167.5815419854,1.5784853910
2028-11-27,2462102.5,-1.5347253412,0.3236586449,168.0913752755,1.5693745626
2028-11-28,2462103.5,-1.5285587569,0.3082495455,168.5986299853,1.5602295734
2028-11-29,2462104.5,-1.5221940857,0.2930385983,169.1032585413,1.5510511594
2028-11-30,2462105.5,-1.5156356430,0.2780286761,169.6052121555,1.5418400716
2028-12-01,2462106.5,-1.5088877920,0.2632225671,170.1044407949,1.5325970765
2028-12-02,2462107.5,-1.5019549424,0.2486229736,170.6008931496,1.5233229557
2028-12-03,2462108.5,-1.4948415487,0.2342325114,171.0945165998,1.5140185068
2028-12-04,2462109.5,-1.4875521085,0.2200537085,171.5852571828,1.5046845433
2028-12-05,2462110.5,-1.4800911608,0.2060890050,172.0730595585,1.4953218947
2028-12-06,2462111.5,-1.4724632841,0.1923407513,172.5578669743,1.4859314071
2028-12-07,2462112.5,-1.4646730951,0.1788112081,173.0396212290,1.4765139434
2028-12-08,2462113.5,-1.4567252466,0.1655025455,173.5182626364,1.4670703832
2028-12-09,2462114.5,-1.4486244257,0.1524168419,173.9937299873,1.4576016234
2028-12-10,2462115.5,-1.4403753521,0.1395560838,174.4659605113,1.4481085785
2028-12-11,2462116.5,-1.4319827765,0.1269221649,174.9348898372,1.4385921809
2028-12-12,2462117.5,-1.4234514783,0.1145168856,175.4004519532,1.4290533810
2028-12-13,2462118.5,-1.4147862643,0.1023419524,175.8625791659,1.4194931475
2028-12-14,2462119.5,-1.4059919664,0.0903989774,176.3212020582,1.4099124682
2028-12-15,2462120.5,-1.3970734399,0.0786894777,176.7762494472,1.4003123499
2028-12-16,2462121.5,-1.3880355618,0.0672148752,177.2276483407,1.3906938188
2028-12-17,2462122.5,-1.3788832286,0.0559764962,177.6753238934,1.3810579209
2028-12-18,2462123.5,-1.3696213546,0.0449755706,178.1191993616,1.3714057228
2028-12-19,2462124.5,-1.3602548698,0.0342132320,178.5591960586,1.3617383113
2028-12-20,2462125.5,-1.3507887184,0.0236905173,178.9952333079,1.3520567944
2028-12-21,2462126.5,-1.3412278563,0.0134083667,179.4272283974,1.3423623018
2028-12-22,2462127.5,-1.3315772496,0.0033676228,179.8550965316,1.3326559848
2028-12-23,2462128.5,-1.3218418726,-0.0064309687,180.2787507849,1.3229390172
2028-12-24,2462129.5,-1.3120267056,-0.0159867598,180.6981020528,1.3132125959
2028-12-25,2462130.5,-1.3021367333,-0.0252991997,181.1130590050,1.3034779407
2028-12-26,2462131.5,-1.2921769426,-0.0343678354,181.5235280361,1.2937362957
2028-12-27,2462132.5,-1.2821523208,-0.0431923112,181.9294132180,1.2839889292
2028-12-28,2462133.5,-1.2720678536,-0.0517723690,182.3306162514,1.2742371346
2028-12-29,2462134.5,-1.2619285231,-0.0601078480,182.7270364182,1.2644822306
2028-12-30,2462135.5,-1.2517393060,-0.0681986846,183.1185705340,1.2547255624
2028-12-31,2462136.5,-1.2415051715,-0.0760449124,183.5051129008,1.2449685015
2029-01-01,2462137.5,-1.2312310794,-0.0836466616,183.8865552616,1.2352124471
2029-01-02,2462138.5,-1.2209219785,-0.0910041593,184.2627867549,1.2254588263
2029-01-03,2462139.5,-1.2105828040,-0.0981177284,184.6336938709,1.2157090950
2029-01-04,2462140.5,-1.2002184761,-0.1049877883,184.9991604098,1.2059647384
2029-01-05,2462141.5,-1.1898338980,-0.1116148534,185.3590674410,1.1962272720
2029-01-06,2462142.5,-1.1794339539,-0.1179995336,185.7132932651,1.1864982419
2029-01-07,2462143.5,-1.1690235073,-0.1241425333,186.0617133784,1.1767792260
2029-01-08,2462144.5,-1.1586073987,-0.1300446510,186.4042004401,1.1670718348
2029-01-09,2462145.5,-1.1481904442,-0.1357067788,186.7406242432,1.1573777117
2029-01-10,2462146.5,-1.1377774335,-0.1411299019,187.0708516890,1.1476985344
2029-01-11,2462147.5,-1.1273731279,-0.1463150978,187.3947467664,1.1380360154
2029-01-12,2462148.5,-1.1169822586,-0.1512635356,187.7121705352,1.1283919032
2029-01-13,2462149.5,-1.1066095250,-0.1559764756,188.0229811166,1.1187679827
2029-01-14,2462150.5,-1.0962595927,-0.1604552683,188.3270336878,1.1091660767
2029-01-15,2462151.5,-1.0859370919,-0.1647013534,188.6241804858,1.0995880463
2029-01-16,2462152.5,-1.0756466154,-0.1687162597,188.9142708169,1.0900357924
2029-01-17,2462153.5,-1.0653927172,-0.1725016034,189.1971510762,1.0805112560
2029-01-18,2462154.5,-1.0551799105,-0.1760590877,189.4726647759,1.0710164199
2029-01-19,2462155.5,-1.0450126662,-0.1793905019,189.7406525841,1.0615533092
2029-01-20,2462156.5,-1.0348954111,-0.1824977202,190.0009523751,1.0521239924
2029-01-21,2462157.5,-1.0248325264,-0.1853827007,190.2533992924,1.0427305825
2029-01-22,2462158.5,-1.0148283459,-0.1880474847,190.4978258252,1.0333752381
2029-01-23,2462159.5,-1.0048871544,-0.1904941951,190.7340619004,1.0240601640
2029-01-24,2462160.5,-0.9950131863,-0.1927250357,190.9619349904,1.0147876129
2029-01-25,2462161.5,-0.9852106241,-0.1947422902,191.1812702391,1.0055598856
2029-01-26,2462162.5,-0.9754835965,-0.1965483204,191.3918906072,0.9963793326
2029-01-27,2462163.5,-0.9658361772,-0.1981455657,191.5936170382,0.9872483549
2029-01-28,2462164.5,-0.9562723836,-0.1995365414,191.7862686469,0.9781694049
2029-01-29,2462165.5,-0.9467961749,-0.2007238378,191.9696629330,0.9691449872
2029-01-30,2462166.5,-0.9374114510,-0.2017101185,192.1436160192,0.9601776596
2029-01-31,2462167.5,-0.9281220512,-0.2024981196,192.3079429193,0.9512700340
2029-02-01,2462168.5,-0.9189317526,-0.2030906478,192.4624578347,0.9424247769
2029-02-02,2462169.5,-0.9098442690,-0.2034905795,192.6069744837,0.9336446106
2029-02-03,2462170.5,-0.9008632494,-0.2037008594,192.7413064642,0.9249323130
2029-02-04,2462171.5,-0.8919922770,-0.2037244986,192.8652676528,0.9162907190
2029-02-05,2462172.5,-0.8832348679,-0.2035645738,192.9786726424,0.9077227203
2029-02-06,2462173.5,-0.8745944699,-0.2032242253,193.0813372187,0.8992312659
2029-02-07,2462174.5,-0.8660744611,-0.2027066559,193.1730788803,0.8908193624
2029-02-08,2462175.5,-0.8576781493,-0.2020151293,193.2537174018,0.8824900737
2029-02-09,2462176.5,-0.8494087705,-0.2011529684,193.3230754438,0.8742465213
2029-02-10,2462177.5,-0.8412694882,-0.2001235541,193.3809792095,0.8660918833
2029-02-11,2462178.5,-0.8332633919,-0.1989303234,193.4272591516,0.8580293946
2029-02-12,2462179.5,-0.8253934966,-0.1975767679,193.4617507288,0.8500623456
2029-02-13,2462180.5,-0.8176627417,-0.1960664326,193.4842952144,0.8421940813
2029-02-14,2462181.5,-0.8100739901,-0.1944029136,193.4947405570,0.8344280003
2029-02-15,2462182.5,-0.8026300271,-0.1925898573,193.4929422936,0.8267675527
2029-02-16,2462183.5,-0.7953335599,-0.1906309579,193.4787645151,0.8192162386
2029-02-17,2462184.5,-0.7881872169,-0.1885299565,193.4520808841,0.8117776058
2029-02-18,2462185.5,-0.7811935464,-0.1862906390,193.4127757022,0.8044552472
2029-02-19,2462186.5,-0.7743550164,-0.1839168346,193.3607450261,0.7972527977
2029-02-20,2462187.5,-0.7676740137,-0.1814124140,193.2958978302,0.7901739310
2029-02-21,2462188.5,-0.7611528433,-0.1787812880,193.2181572103,0.7832223557
2029-02-22,2462189.5,-0.7547937277,-0.1760274053,193.1274616253,0.7764018108
2029-02-23,2462190.5,-0.7485988064,-0.1731547515,193.0237661721,0.7697160615
2029-02-24,2462191.5,-0.7425701356,-0.1701673467,192.9070438850,0.7631688934
2029-02-25,2462192.5,-0.7367096872,-0.1670692442,192.7772870544,0.7567641070
2029-02-26,2462193.5,-0.7310193486,-0.1638645287,192.6345085540,0.7505055115
2029-02-27,2462194.5,-0.7255009225,-0.1605573145,192.4787431689,0.7443969180
2029-02-28,2462195.5,-0.7201561261,-0.1571517438,192.3100489108,0.7384421319
2029-03-01,2462196.5,-0.7149865910,-0.1536519851,192.1285083104,0.7326449452
2029-03-02,2462197.5,-0.7099938629,-0.1500622312,191.9342296727,0.7270091283
2029-03-03,2462198.5,-0.7051794010,-0.1463866980,191.7273482799,0.7215384207
2029-03-04,2462199.5,-0.7005445783,-0.1426296220,191.5080275286,0.7162365218
2029-03-05,2462200.5,-0.6960906809,-0.1387952594,191.2764599826,0.7111070809
2029-03-06,2462201.5,-0.6918189081,-0.1348878836,191.0328683265,0.7061536870
2029-03-07,2462202.5,-0.6877303721,-0.1309117841,190.7775062018,0.7013798577
2029-03-08,2462203.5,-0.6838260980,-0.1268712646,190.5106589075,0.6967890283
2029-03-09,2462204.5,-0.6801070238,-0.1227706410,190.2326439498,0.6923845403
2029-03-10,2462205.5,-0.6765740001,-0.1186142400,189.9438114211,0.6881696297
2029-03-11,2462206.5,-0.6732277904,-0.1144063976,189.6445441944,0.6841474149
2029-03-12,2462207.5,-0.6700690709,-0.1101514567,189.3352579173,0.6803208852
2029-03-13,2462208.5,-0.6670984308,-0.1058537662,189.0164007915,0.6766928885
2029-03-14,2462209.5,-0.6643163722,-0.1015176787,188.6884531266,0.6732661192
2029-03-15,2462210.5,-0.6617233102,-0.0971475494,188.3519266590,0.6700431069
2029-03-16,2462211.5,-0.6593195733,-0.0927477339,188.0073636292,0.6670262049
2029-03-17,2462212.5,-0.6571054034,-0.0883225868,187.6553356128,0.6642175788
2029-03-18,2462213.5,-0.6550809560,-0.0838764601,187.2964421068,0.6616191962
2029-03-19,2462214.5,-0.6532463007,-0.0794137017,186.9313088716,0.6592328170
2029-03-20,2462215.5,-0.6516014212,-0.0749386532,186.5605860377,0.6570599836
2029-03-21,2462216.5,-0.6501462158,-0.0704556492,186.1849459866,0.6551020130
2029-03-22,2462217.5,-0.6488804976,-0.0659690147,185.8050810199,0.6533599887
2029-03-23,2462218.5,-0.6478039951,-0.0614830644,185.4217008350,0.6518347551
2029-03-24,2462219.5,-0.6469163524,-0.0570021006,185.0355298280,0.6505269109
2029-03-25,2462220.5,-0.6462171296,-0.0525304118,184.6473042491,0.6494368057
2029-03-26,2462221.5,-0.6457058034,-0.0480722713,184.2577692366,0.6485645366
2029-03-27,2462222.5,-0.6453817677,-0.0436319354,183.8676757595,0.6479099461
2029-03-28,2462223.5,-0.6452443337,-0.0392136421,183.4777775005,0.6474726219
2029-03-29,2462224.5,-0.6452927308,-0.0348216096,183.0888277105,0.6472518975
2029-03-30,2462225.5,-0.6455261072,-0.0304600348,182.7015760678,0.6472468537
2029-03-31,2462226.5,-0.6459435302,-0.0261330918,182.3167655762,0.6474563229
2029-04-01,2462227.5,-0.6465439868,-0.0218449303,181.9351295318,0.6478788925
2029-04-02,2462228.5,-0.6473263847,-0.0175996747,181.5573885915,0.6485129112
2029-04-03,2462229.5,-0.6482895527,-0.0134014222,181.1842479699,0.6493564955
2029-04-04,2462230.5,-0.6494322414,-0.0092542416,180.8163947924,0.6504075380
2029-04-05,2462231.5,-0.6507531239,-0.0051621717,180.4544956281,0.6516637156
2029-04-06,2462232.5,-0.6522507968,-0.0011292206,180.0991942208,0.6531224998
2029-04-07,2462233.5,-0.6539237802,0.0028406365,179.7511094376,0.6547811666
2029-04-08,2462234.5,-0.6557705195,0.0067434579,179.4108334461,0.6566368083
2029-04-09,2462235.5,-0.6577893854,0.0105753371,179.0789301299,0.6586863447
2029-04-10,2462236.5,-0.6599786750,0.0143324039,178.7559337493,0.6609265354
2029-04-11,2462237.5,-0.6623366125,0.0180108257,178.4423478469,0.6633539926
2029-04-12,2462238.5,-0.6648613503,0.0216068087,178.1386443989,0.6659651932
2029-04-13,2462239.5,-0.6675509697,0.0251165992,177.8452632058,0.6687564923
2029-04-14,2462240.5,-0.6704034816,0.0285364847,177.5626115162,0.6717241359
2029-04-15,2462241.5,-0.6734168278,0.0318627952,177.2910638718,0.6748642733
2029-04-16,2462242.5,-0.6765888814,0.0350919039,177.0309621640,0.6781729705
2029-04-17,2462243.5,-0.6799174484,0.0382202290,176.7826158855,0.6816462217
2029-04-18,2462244.5,-0.6834002679,0.0412442345,176.5463025624,0.6852799622
2029-04-19,2462245.5,-0.6870350136,0.0441604311,176.3222683514,0.6890700794
2029-04-20,2462246.5,-0.6908192946,0.0469653775,176.1107287825,0.6930124249
2029-04-21,2462247.5,-0.6947506564,0.0496556815,175.9118696322,0.6971028243
2029-04-22,2462248.5,-0.6988265816,0.0522280006,175.7258479087,0.7013370882
2029-04-23,2462249.5,-0.7030444917,0.0546790436,175.5527929309,0.7057110216
2029-04-24,2462250.5,-0.7074017472,0.0570055712,175.3928074868,0.7102204332
2029-04-25,2462251.5,-0.7118956493,0.0592043971,175.2459690532,0.7148611436
2029-04-26,2462252.5,-0.7165234404,0.0612723888,175.1123310628,0.7196289937
2029-04-27,2462253.5,-0.7212823060,0.0632064686,174.9919242038,0.7245198518
2029-04-28,2462254.5,-0.7261693747,0.0650036146,174.8847577396,0.7295296204
2029-04-29,2462255.5,-0.7311817201,0.0666608614,174.7908208365,0.7346542424
2029-04-30,2462256.5,-0.7363163616,0.0681753010,174.7100838887,0.7398897066
2029-05-01,2462257.5,-0.7415702654,0.0695440839,174.6424998303,0.7452320530
2029-05-02,2462258.5,-0.7469403460,0.0707644193,174.5880054277,0.7506773771
2029-05-03,2462259.5,-0.7524234666,0.0718335766,174.5465225430,0.7562218338
2029-05-04,2462260.5,-0.7580164411,0.0727488857,174.5179593643,0.7618616411
2029-05-05,2462261.5,-0.7637160346,0.0735077377,174.5022115957,0.7675930833
2029-05-06,2462262.5,-0.7695189647,0.0741075862,174.4991636046,0.7734125131
2029-05-07,2462263.5,-0.7754219029,0.0745459473,174.5086895227,0.7793163543
2029-05-08,2462264.5,-0.7814214753,0.0748204007,174.5306542965,0.7853011032
2029-05-09,2462265.5,-0.7875142641,0.0749285904,174.5649146880,0.7913633303
2029-05-10,2462266.5,-0.7936968088,0.0748682249,174.6113202233,0.7974996814
2029-05-11,2462267.5,-0.7999656071,0.0746370785,174.6697140879,0.8037068783
2029-05-12,2462268.5,-0.8063171163,0.0742329912,174.7399339707,0.8099817192
2029-05-13,2462269.5,-0.8127477543,0.0736538700,174.8218128544,0.8163210794
2029-05-14,2462270.5,-0.8192539012,0.0728976887,174.9151797561,0.8227219110
2029-05-15,2462271.5,-0.8258318998,0.0719624890,175.0198604167,0.8291812426
2029-05-16,2462272.5,-0.8324780575,0.0708463810,175.1356779421,0.8356961793
2029-05-17,2462273.5,-0.8391886470,0.0695475432,175.2624533967,0.8422639022
2029-05-18,2462274.5,-0.8459599077,0.0680642237,175.4000063521,0.8488816670
2029-05-19,2462275.5,-0.8527880470,0.0663947400,175.5481553918,0.8555468042
2029-05-20,2462276.5,-0.8596692414,0.0645374801,175.7067185742,0.8622567174
2029-05-21,2462277.5,-0.8665996376,0.0624909021,175.8755138568,0.8690088827
2029-05-22,2462278.5,-0.8735753538,0.0602535355,176.0543594819,0.8758008471
2029-05-23,2462279.5,-0.8805924812,0.0578239810,176.2430743275,0.8826302279
2029-05-24,2462280.5,-0.8876470848,0.0552009109,176.4414782248,0.8894947112
2029-05-25,2462281.5,-0.8947352046,0.0523830699,176.6493922443,0.8963920502
2029-05-26,2462282.5,-0.9018528574,0.0493692747,176.8666389519,0.9033200644
2029-05-27,2462283.5,-0.9089960373,0.0461584151,177.0930426388,0.9102766382
2029-05-28,2462284.5,-0.9161607174,0.0427494536,177.3284295246,0.9172597188
2029-05-29,2462285.5,-0.9233428507,0.0391414263,177.5726279375,0.9242673157
2029-05-30,2462286.5,-0.9305383719,0.0353334426,177.8254684717,0.9312974985
2029-05-31,2462287.5,-0.9377431977,0.0313246858,178.0867841248,0.9383483961
2029-06-01,2462288.5,-0.9449532288,0.0271144132,178.3564104165,0.9454181946
2029-06-02,2462289.5,-0.9521643510,0.0227019562,178.6341854894,0.9525051364
2029-06-03,2462290.5,-0.9593724361,0.0180867207,178.9199501942,0.9596075185
2029-06-04,2462291.5,-0.9665733434,0.0132681872,179.2135481601,0.9667236911
2029-06-05,2462292.5,-0.9737629207,0.0082459108,179.5148258519,0.9738520563
2029-06-06,2462293.5,-0.9809370058,0.0030195216,179.8236326145,0.9809910667
2029-06-07,2462294.5,-0.9880914277,-0.0024112756,180.1398207070,0.9881392238
2029-06-08,2462295.5,-0.9952220074,-0.0080467007,180.4632453257,0.9952950771
2029-06-09,2462296.5,-1.0023245596,-0.0138868985,180.7937646186,1.0024572223
2029-06-10,2462297.5,-1.0093948938,-0.0199319387,181.1312396911,1.0096243006
2029-06-11,2462298.5,-1.0164288154,-0.0261818156,181.4755346048,1.0167949968
2029-06-12,2462299.5,-1.0234221270,-0.0326364484,181.8265163691,1.0239680383
2029-06-13,2462300.5,-1.0303706295,-0.0392956808,182.1840549267,1.0311421943
2029-06-14,2462301.5,-1.0372701235,-0.0461592812,182.5480231343,1.0383162739
2029-06-15,2462302.5,-1.0441164103,-0.0532269430,182.9182967378,1.0454891255
2029-06-16,2462303.5,-1.0509052934,-0.0604982840,183.2947543436,1.0526596357
2029-06-17,2462304.5,-1.0576325795,-0.0679728470,183.6772773863,1.0598267276
2029-06-18,2462305.5,-1.0642940795,-0.0756500997,184.0657500931,1.0669893605
2029-06-19,2462306.5,-1.0708856102,-0.0835294344,184.4600594450,1.0741465285
2029-06-20,2462307.5,-1.0774029950,-0.0916101690,184.8600951359,1.0812972595
2029-06-21,2462308.5,-1.0838420657,-0.0998915461,185.2657495297,1.0884406141
2029-06-22,2462309.5,-1.0901986628,-0.1083727337,185.6769176149,1.0955756851
2029-06-23,2462310.5,-1.0964686377,-0.1170528254,186.0934969591,1.1027015962
2029-06-24,2462311.5,-1.1026478531,-0.1259308403,186.5153876607,1.1098175011
2029-06-25,2462312.5,-1.1087321846,-0.1350057231,186.9424923006,1.1169225831
2029-06-26,2462313.5,-1.1147175217,-0.1442763447,187.3747158931,1.1240160535
2029-06-27,2462314.5,-1.1205997692,-0.1537415020,187.8119658360,1.1310971517
2029-06-28,2462315.5,-1.1263748480,-0.1633999184,188.2541518602,1.1381651435
2029-06-29,2462316.5,-1.1320386967,-0.1732502439,188.7011859797,1.1452193212
2029-06-30,2462317.5,-1.1375872725,-0.1832910554,189.1529824405,1.1522590021
2029-07-01,2462318.5,-1.1430165523,-0.1935208568,189.6094576709,1.1592835284
2029-07-02,2462319.5,-1.1483225342,-0.2039380795,190.0705302308,1.1662922661
2029-07-03,2462320.5,-1.1535012383,-0.2145410829,190.5361207616,1.1732846047
2029-07-04,2462321.5,-1.1585487081,-0.2253281540,191.0061519371,1.1802599561
2029-07-05,2462322.5,-1.1634610115,-0.2362975085,191.4805484141,1.1872177545
2029-07-06,2462323.5,-1.1682342420,-0.2474472906,191.9592367834,1.1941574552
2029-07-07,2462324.5,-1.1728645199,-0.2587755738,192.4421455224,1.2010785348
2029-07-08,2462325.5,-1.1773479933,-0.2702803608,192.9292049471,1.2079804898
2029-07-09,2462326.5,-1.1816808394,-0.2819595843,193.4203471656,1.2148628365
2029-07-10,2462327.5,-1.1858592655,-0.2938111073,193.9155060319,1.2217251107
2029-07-11,2462328.5,-1.1898795102,-0.3058327232,194.4146171007,1.2285668665
2029-07-12,2462329.5,-1.1937378444,-0.3180221567,194.9176175830,1.2353876765
2029-07-13,2462330.5,-1.1974305727,-0.3303770640,195.4244463017,1.2421871309
2029-07-14,2462331.5,-1.2009540342,-0.3428950333,195.9350436496,1.2489648372
2029-07-15,2462332.5,-1.2043046037,-0.3555735854,196.4493515465,1.2557204198
2029-07-16,2462333.5,-1.2074786928,-0.3684101738,196.9673133984,1.2624535194
2029-07-17,2462334.5,-1.2104727512,-0.3814021858,197.4888740565,1.2691637926
2029-07-18,2462335.5,-1.2132832675,-0.3945469425,198.0139797784,1.2758509117
2029-07-19,2462336.5,-1.2159067704,-0.4078416997,198.5425781886,1.2825145642
2029-07-20,2462337.5,-1.2183398297,-0.4212836482,199.0746182408,1.2891544523
2029-07-21,2462338.5,-1.2205790577,-0.4348699145,199.6100501812,1.2957702926
2029-07-22,2462339.5,-1.2226211099,-0.4485975614,200.1488255116,1.3023618159
2029-07-23,2462340.5,-1.2244626861,-0.4624635886,200.6908969546,1.3089287665
2029-07-24,2462341.5,-1.2261005316,-0.4764649332,201.2362184183,1.3154709024
2029-07-25,2462342.5,-1.2275314383,-0.4905984704,201.7847449634,1.3219879944
2029-07-26,2462343.5,-1.2287522456,-0.5048610144,202.3364327695,1.3284798261
2029-07-27,2462344.5,-1.2297598413,-0.5192493184,202.8912391029,1.3349461937
2029-07-28,2462345.5,-1.2305511632,-0.5337600760,203.4491222858,1.3413869053
2029-07-29,2462346.5,-1.2311231993,-0.5483899216,204.0100416649,1.3478017811
2029-07-30,2462347.5,-1.2314729896,-0.5631354309,204.5739575819,1.3541906528
2029-07-31,2462348.5,-1.2315976266,-0.5779931220,205.1408313443,1.3605533633
2029-08-01,2462349.5,-1.2314942566,-0.5929594558,205.7106251967,1.3668897667
2029-08-02,2462350.5,-1.2311600803,-0.6080308372,206.2833022931,1.3731997279
2029-08-03,2462351.5,-1.2305923544,-0.6232036151,206.8588266703,1.3794831223
2029-08-04,2462352.5,-1.2297883920,-0.6384740842,207.4371632207,1.3857398355
2029-08-05,2462353.5,-1.2287455640,-0.6538384850,208.0182776673,1.3919697633
2029-08-06,2462354.5,-1.2274612996,-0.6692930048,208.6021365382,1.3981728114
2029-08-07,2462355.5,-1.2259330878,-0.6848337788,209.1887071422,1.4043488951
2029-08-08,2462356.5,-1.2241584781,-0.7004568907,209.7779575452,1.4104979390
2029-08-09,2462357.5,-1.2221350811,-0.7161583736,210.3698565468,1.4166198771
2029-08-10,2462358.5,-1.2198605700,-0.7319342111,210.9643736576,1.4227146521
2029-08-11,2462359.5,-1.2173326813,-0.7477803377,211.5614790772,1.4287822159
2029-08-12,2462360.5,-1.2145492155,-0.7636926403,212.1611436728,1.4348225286
2029-08-13,2462361.5,-1.2115080383,-0.7796669587,212.7633389581,1.4408355591
2029-08-14,2462362.5,-1.2082070813,-0.7956990867,213.3680370729,1.4468212843
2029-08-15,2462363.5,-1.2046443431,-0.8117847731,213.9752107633,1.4527796893
2029-08-16,2462364.5,-1.2008178897,-0.8279197226,214.5848333621,1.4587107668
2029-08-17,2462365.5,-1.1967258561,-0.8440995969,215.1968787701,1.4646145177
2029-08-18,2462366.5,-1.1923664464,-0.8603200154,215.8113214373,1.4704909500
2029-08-19,2462367.5,-1.1877379350,-0.8765765568,216.4281363454,1.4763400793
2029-08-20,2462368.5,-1.1828386674,-0.8928647595,217.0472989901,1.4821619285
2029-08-21,2462369.5,-1.1776670612,-0.9091801230,217.6687853639,1.4879565273
2029-08-22,2462370.5,-1.1722216064,-0.9255181091,218.2925719395,1.4937239125
2029-08-23,2462371.5,-1.1665008667,-0.9418741426,218.9186356536,1.4994641277
2029-08-24,2462372.5,-1.1605034798,-0.9582436126,219.5469538912,1.5051772231
2029-08-25,2462373.5,-1.1542281586,-0.9746218738,220.1775044700,1.5108632553
2029-08-26,2462374.5,-1.1476736918,-0.9910042474,220.8102656256,1.5165222873
2029-08-27,2462375.5,-1.1408389444,-1.0073860222,221.4452159964,1.5221543883
2029-08-28,2462376.5,-1.1337228588,-1.0237624560,222.0823346098,1.5277596335
2029-08-29,2462377.5,-1.1263244552,-1.0401287766,222.7216008680,1.5333381041
2029-08-30,2462378.5,-1.1186428325,-1.0564801831,223.3629945345,1.5388898872
2029-08-31,2462379.5,-1.1106771687,-1.0728118470,224.0064957206,1.5444150753
2029-09-01,2462380.5,-1.1024267219,-1.0891189137,224.6520848730,1.5499137667
2029-09-02,2462381.5,-1.0938908308,-1.1053965032,225.2997427606,1.5553860651
2029-09-03,2462382.5,-1.0850689150,-1.1216397121,225.9494504627,1.5608320793
2029-09-04,2462383.5,-1.0759604763,-1.1378436141,226.6011893567,1.5662519234
2029-09-05,2462384.5,-1.0665650986,-1.1540032621,227.2549411065,1.5716457167
2029-09-06,2462385.5,-1.0568824490,-1.1701136886,227.9106876513,1.5770135832
2029-09-07,2462386.5,-1.0469122779,-1.1861699078,228.5684111942,1.5823556520
2029-09-08,2462387.5,-1.0366544199,-1.2021669166,229.2280941913,1.5876720566
2029-09-09,2462388.5,-1.0261087941,-1.2180996959,229.8897193416,1.5929629353
2029-09-10,2462389.5,-1.0152754049,-1.2339632121,230.5532695761,1.5982284309
2029-09-11,2462390.5,-1.0041543418,-1.2497524183,231.2187280482,1.6034686905
2029-09-12,2462391.5,-0.9927457808,-1.2654622560,231.8860781237,1.6086838655
2029-09-13,2462392.5,-0.9810499842,-1.2810876561,232.5553033713,1.6138741115
2029-09-14,2462393.5,-0.9690673009,-1.2966235407,233.2263875530,1.6190395880
2029-09-15,2462394.5,-0.9567981675,-1.3120648243,233.8993146155,1.6241804587
2029-09-16,2462395.5,-0.9442431078,-1.3274064153,234.5740686810,1.6292968909
2029-09-17,2462396.5,-0.9314027341,-1.3426432174,235.2506340386,1.6343890558
2029-09-18,2462397.5,-0.9182777466,-1.3577701314,235.9289951360,1.6394571282
2029-09-19,2462398.5,-0.9048689343,-1.3727820560,236.6091365712,1.6445012864
2029-09-20,2462399.5,-0.8911771751,-1.3876738901,237.2910430843,1.6495217122
2029-09-21,2462400.5,-0.8772034362,-1.4024405336,237.9746995501,1.6545185906
2029-09-22,2462401.5,-0.8629487739,-1.4170768896,238.6600909704,1.6594921100
2029-09-23,2462402.5,-0.8484143345,-1.4315778652,239.3472024662,1.6644424617
2029-09-24,2462403.5,-0.8336013539,-1.4459383737,240.0360192711,1.6693698404
2029-09-25,2462404.5,-0.8185111580,-1.4601533356,240.7265267239,1.6742744433
2029-09-26,2462405.5,-0.8031451629,-1.4742176806,241.4187102616,1.6791564707
2029-09-27,2462406.5,-0.7875048747,-1.4881263488,242.1125554134,1.6840161256
2029-09-28,2462407.5,-0.7715918901,-1.5018742928,242.8080477936,1.6888536137
2029-09-29,2462408.5,-0.7554078960,-1.5154564786,243.5051730954,1.6936691430
2029-09-30,2462409.5,-0.7389546696,-1.5288678877,244.2039170852,1.6984629242
2029-10-01,2462410.5,-0.7222340787,-1.5421035186,244.9042655960,1.7032351702
2029-10-02,2462411.5,-0.7052480814,-1.5551583882,245.6062045222,1.7079860963
2029-10-03,2462412.5,-0.6879987260,-1.5680275338,246.3097198137,1.7127159197
2029-10-04,2462413.5,-0.6704881510,-1.5807060143,247.0147974704,1.7174248599
2029-10-05,2462414.5,-0.6527185853,-1.5931889121,247.7214235370,1.7221131383
2029-10-06,2462415.5,-0.6346923475,-1.6054713349,248.4295840977,1.7267809781
2029-10-07,2462416.5,-0.6164118459,-1.6175484167,249.1392652716,1.7314286044
2029-10-08,2462417.5,-0.5978795788,-1.6294153202,249.8504532072,1.7360562439
2029-10-09,2462418.5,-0.5790981335,-1.6410672380,250.5631340786,1.7406641248
2029-10-10,2462419.5,-0.5600701865,-1.6524993944,251.2772940801,1.7452524769
2029-10-11,2462420.5,-0.5407985031,-1.6637070469,251.9929194222,1.7498215314
2029-10-12,2462421.5,-0.5212859371,-1.6746854881,252.7099963275,1.7543715207
2029-10-13,2462422.5,-0.5015354303,-1.6854300473,253.4285110265,1.7589026786
2029-10-14,2462423.5,-0.4815500123,-1.6959360919,254.1484497532,1.7634152399
2029-10-15,2462424.5,-0.4613328001,-1.7061990294,254.8697987422,1.7679094403
2029-10-16,2462425.5,-0.4408869974,-1.7162143089,255.5925442241,1.7723855165
2029-10-17,2462426.5,-0.4202158941,-1.7259774228,256.3166724224,1.7768437062
2029-10-18,2462427.5,-0.3993228663,-1.7354839085,257.0421695502,1.7812842477
2029-10-19,2462428.5,-0.3782113751,-1.7447293498,257.7690218067,1.7857073799
2029-10-20,2462429.5,-0.3568849663,-1.7537093788,258.4972153741,1.7901133422
2029-10-21,2462430.5,-0.3353472700,-1.7624196777,259.2267364147,1.7945023747
2029-10-22,2462431.5,-0.3136019992,-1.7708559801,259.9575710679,1.7988747177
2029-10-23,2462432.5,-0.2916529503,-1.7790140726,260.6897054476,1.8032306116
2029-10-24,2462433.5,-0.2695040010,-1.7868897969,261.4231256395,1.8075702974
2029-10-25,2462434.5,-0.2471591108,-1.7944790510,262.1578176986,1.8118940159
2029-10-26,2462435.5,-0.2246223193,-1.8017777909,262.8937676468,1.8162020078
2029-10-27,2462436.5,-0.2018977458,-1.8087820323,263.6309614710,1.8204945140
2029-10-28,2462437.5,-0.1789895884,-1.8154878522,264.3693851204,1.8247717749
2029-10-29,2462438.5,-0.1559021230,-1.8218913905,265.1090245050,1.8290340308
2029-10-30,2462439.5,-0.1326397025,-1.8279888512,265.8498654935,1.8332815217
2029-10-31,2462440.5,-0.1092067557,-1.8337765047,266.5918939118,1.8375144868
2029-11-01,2462441.5,-0.0856077864,-1.8392506887,267.3350955410,1.8417331651
2029-11-02,2462442.5,-0.0618473723,-1.8444078100,268.0794561162,1.8459377947
2029-11-03,2462443.5,-0.0379301640,-1.8492443462,268.8249613250,1.8501286131
2029-11-04,2462444.5,-0.0138608840,-1.8537568467,269.5715968064,1.8543058569
2029-11-05,2462445.5,0.0103556748,-1.8579419348,270.3193481492,1.8584697617
2029-11-06,2462446.5,0.0347146500,-1.8617963088,271.0682008914,1.8626205623
2029-11-07,2462447.5,0.0592111107,-1.8653167435,271.8181405192,1.8667584922
2029-11-08,2462448.5,0.0838400591,-1.8685000918,272.5691524661,1.8708837838
2029-11-09,2462449.5,0.1085964318,-1.8713432859,273.3212221121,1.8749966681
2029-11-10,2462450.5,0.1334751007,-1.8738433389,274.0743347834,1.8790973749
2029-11-11,2462451.5,0.1584708747,-1.8759973461,274.8284757517,1.8831861323
2029-11-12,2462452.5,0.1835785008,-1.8778024864,275.5836302337,1.8872631671
2029-11-13,2462453.5,0.2087926658,-1.8792560235,276.3397833912,1.8913287044
2029-11-14,2462454.5,0.2341079974,-1.8803553075,277.0969203309,1.8953829673
2029-11-15,2462455.5,0.2595190659,-1.8810977759,277.8550261038,1.8994261776
2029-11-16,2462456.5,0.2850203856,-1.8814809548,278.6140857061,1.9034585547
2029-11-17,2462457.5,0.3106064163,-1.8815024606,279.3740840786,1.9074803163
2029-11-18,2462458.5,0.3362715649,-1.8811600008,280.1350061073,1.9114916779
2029-11-19,2462459.5,0.3620101870,-1.8804513753,280.8968366239,1.9154928531
2029-11-20,2462460.5,0.3878165885,-1.8793744775,281.6595604059,1.9194840528
2029-11-21,2462461.5,0.4136850269,-1.8779272956,282.4231621774,1.9234654860
2029-11-22,2462462.5,0.4396097138,-1.8761079136,283.1876266096,1.9274373592
2029-11-23,2462463.5,0.4655848155,-1.8739145121,283.9529383218,1.9313998763
2029-11-24,2462464.5,0.4916044558,-1.8713453699,284.7190818817,1.9353532387
2029-11-25,2462465.5,0.5176627168,-1.8683988644,285.4860418071,1.9392976451
2029-11-26,2462466.5,0.5437536414,-1.8650734731,286.2538025661,1.9432332917
2029-11-27,2462467.5,0.5698712346,-1.8613677741,287.0223485788,1.9471603716
2029-11-28,2462468.5,0.5960094657,-1.8572804471,287.7916642182,1.9510790753
2029-11-29,2462469.5,0.6221622697,-1.8528102746,288.5617338117,1.9549895900
2029-11-30,2462470.5,0.6483235497,-1.8479561422,289.3325416420,1.9588921003
2029-12-01,2462471.5,0.6744871782,-1.8427170399,290.1040719491,1.9627867874
2029-12-02,2462472.5,0.7006469997,-1.8370920624,290.8763089316,1.9666738294
2029-12-03,2462473.5,0.7267968320,-1.8310804101,291.6492367480,1.9705534011
2029-12-04,2462474.5,0.7529304682,-1.8246813897,292.4228395191,1.9744256741
2029-12-05,2462475.5,0.7790416793,-1.8178944149,293.1971013288,1.9782908166
2029-12-06,2462476.5,0.8051242155,-1.8107190067,293.9720062268,1.9821489932
2029-12-07,2462477.5,0.8311718083,-1.8031547945,294.7475382299,1.9860003651
2029-12-08,2462478.5,0.8571781729,-1.7952015161,295.5236813242,1.9898450899
2029-12-09,2462479.5,0.8831370098,-1.7868590184,296.3004194672,1.9936833215
2029-12-10,2462480.5,0.9090420071,-1.7781272579,297.0777365897,1.9975152102
2029-12-11,2462481.5,0.9348868424,-1.7690063010,297.8556165981,2.0013409023
2029-12-12,2462482.5,0.9606651851,-1.7594963241,298.6340433767,2.0051605404
2029-12-13,2462483.5,0.9863706982,-1.7495976145,299.4130007895,2.0089742632
2029-12-14,2462484.5,1.0119970405,-1.7393105702,300.1924726833,2.0127822054
2029-12-15,2462485.5,1.0375378687,-1.7286357000,300.9724428893,2.0165844977
2029-12-16,2462486.5,1.0629868395,-1.7175736244,301.7528952262,2.0203812667
2029-12-17,2462487.5,1.0883376119,-1.7061250747,302.5338135022,2.0241726349
2029-12-18,2462488.5,1.1135838489,-1.6942908940,303.3151815177,2.0279587206
2029-12-19,2462489.5,1.1387192199,-1.6820720368,304.0969830682,2.0317396379
2029-12-20,2462490.5,1.1637374029,-1.6694695688,304.8792019462,2.0355154966
2029-12-21,2462491.5,1.1886320864,-1.6564846676,305.6618219446,2.0392864022
2029-12-22,2462492.5,1.2133969717,-1.6431186216,306.4448268591,2.0430524556
2029-12-23,2462493.5,1.2380257748,-1.6293728306,307.2282004909,2.0468137536
2029-12-24,2462494.5,1.2625122289,-1.6152488056,308.0119266492,2.0505703884
2029-12-25,2462495.5,1.2868500861,-1.6007481681,308.7959891549,2.0543224477
2029-12-26,2462496.5,1.3110331200,-1.5858726500,309.5803718424,2.0580700145
2029-12-27,2462497.5,1.3350551272,-1.5706240937,310.3650585629,2.0618131675
2029-12-28,2462498.5,1.3589099301,-1.5550044511,311.1500331877,2.0655519806
2029-12-29,2462499.5,1.3825913784,-1.5390157837,311.9352796102,2.0692865230
2029-12-30,2462500.5,1.4060933516,-1.5226602617,312.7207817497,2.0730168593
2029-12-31,2462501.5,1.4294097609,-1.5059401640,313.5065235537,2.0767430493
2030-01-01,2462502.5,1.4525345513,-1.4888578772,314.2924890013,2.0804651482
