date,timestamp_tdt,tdt_jd,ra_deg,dec_deg,ecliptic_lon_deg,quality_flag,cmc_object_code,source_volume,source_catalog
1986-01-21,1986-01-21T12:29:04,2446452.02019,230.8429291667,-17.6558333333,233.0026314322,,1,USNO W2J00 compatibility alias,USNO W2J00 Transit Circle Catalog (VizieR I/334 w2j00sol.dat)
1986-02-15,1986-02-15T11:51:31,2446476.99411,246.0674375000,-20.9519583333,247.7366633153,,2,USNO W2J00 compatibility alias,USNO W2J00 Transit Circle Catalog (VizieR I/334 w2j00sol.dat)
1986-02-22,1986-02-22T11:40:56,2446483.98676,250.3136500000,-21.6318555556,251.7501557998,,3,USNO W2J00 compatibility alias,USNO W2J00 Transit Circle Catalog (VizieR I/334 w2j00sol.dat)
1986-02-24,1986-02-24T11:37:52,2446485.98464,251.5217958333,-21.8065166667,252.8857670438,,4,USNO W2J00 compatibility alias,USNO W2J00 Transit Circle Catalog (VizieR I/334 w2j00sol.dat)
1986-02-25,1986-02-25T11:36:22,2446486.98359,252.1251250000,-21.8907055556,253.4519026343,,5,USNO W2J00 compatibility alias,USNO W2J00 Transit Circle Catalog (VizieR I/334 w2j00sol.dat)
1986-02-26,1986-02-26T11:34:50,2446487.98253,252.7276375000,-21.9726361111,254.0166288777,,6,USNO W2J00 compatibility alias,USNO W2J00 Transit Circle Catalog (VizieR I/334 w2j00sol.dat)
1986-02-28,1986-02-28T11:31:45,2446489.98039,253.9300333333,-22.1298861111,255.1417719042,,7,USNO W2J00 compatibility alias,USNO W2J00 Transit Circle Catalog (VizieR I/334 w2j00sol.dat)
1986-03-01,1986-03-01T11:30:14,2446490.97933,254.5301416667,-22.2055000000,255.7024589014,,8,USNO W2J00 compatibility alias,USNO W2J00 Transit Circle Catalog (VizieR I/334 w2j00sol.dat)
1986-03-05,1986-03-05T11:24:02,2446494.97503,256.9204791667,-22.4863666667,257.9302223011,,9,USNO W2J00 compatibility alias,USNO W2J00 Transit Circle Catalog (VizieR I/334 w2j00sol.dat)
1986-03-06,1986-03-06T11:22:29,2446495.97395,257.5152500000,-22.5510916667,258.4832220972,,10,USNO W2J00 compatibility alias,USNO W2J00 Transit Circle Catalog (VizieR I/334 w2j00sol.dat)
1986-03-10,1986-03-10T11:16:10,2446499.96957,259.8801333333,-22.7899416667,260.6773836701,,11,USNO W2J00 compatibility alias,USNO W2J00 Transit Circle Catalog (VizieR I/334 w2j00sol.dat)
1986-03-12,1986-03-12T11:13:00,2446501.96737,261.0534208333,-22.8970222222,261.7633669494,,12,USNO W2J00 compatibility alias,USNO W2J00 Transit Circle Catalog (VizieR I/334 w2j00sol.dat)
1986-03-15,1986-03-15T11:08:10,2446504.96401,262.8007000000,-23.0434166667,263.3777731928,,13,USNO W2J00 compatibility alias,USNO W2J00 Transit Circle Catalog (VizieR I/334 w2j00sol.dat)
1986-03-16,1986-03-16T11:06:33,2446505.96289,263.3794583333,-23.0880277778,263.9117918519,,14,USNO W2J00 compatibility alias,USNO W2J00 Transit Circle Catalog (VizieR I/334 w2j00sol.dat)
1986-03-17,1986-03-17T11:04:56,2446506.96176,263.9565500000,-23.1312305556,264.4439624756,,15,USNO W2J00 compatibility alias,USNO W2J00 Transit Circle Catalog (VizieR I/334 w2j00sol.dat)
1986-03-21,1986-03-21T10:58:19,2446510.95717,266.2442416667,-23.2848277778,266.5505241785,,16,USNO W2J00 compatibility alias,USNO W2J00 Transit Circle Catalog (VizieR I/334 w2j00sol.dat)
1986-03-22,1986-03-22T10:56:39,2446511.95601,266.8107458333,-23.3190416667,267.0714941019,,17,USNO W2J00 compatibility alias,USNO W2J00 Transit Circle Catalog (VizieR I/334 w2j00sol.dat)
1986-04-01,1986-04-01T10:39:24,2446521.94403,272.3419916667,-23.5710861111,272.1464982360,,18,USNO W2J00 compatibility alias,USNO W2J00 Transit Circle Catalog (VizieR I/334 w2j00sol.dat)
1986-04-03,1986-04-03T10:35:48,2446523.94153,273.4142333333,-23.6039444444,273.1283039275,,19,USNO W2J00 compatibility alias,USNO W2J00 Transit Circle Catalog (VizieR I/334 w2j00sol.dat)
1986-04-10,1986-04-10T10:22:49,2446530.93252,277.0585250000,-23.6813666667,276.4616556437,,20,USNO W2J00 compatibility alias,USNO W2J00 Transit Circle Catalog (VizieR I/334 w2j00sol.dat)
1986-04-19,1986-04-19T10:04:57,2446539.92011,281.4508125000,-23.7179472222,280.4729706913,,21,USNO W2J00 compatibility alias,USNO W2J00 Transit Circle Catalog (VizieR I/334 w2j00sol.dat)
1986-04-24,1986-04-24T09:54:22,2446544.91276,283.7258500000,-23.7219027778,282.5478061303,,22,USNO W2J00 compatibility alias,USNO W2J00 Transit Circle Catalog (VizieR I/334 w2j00sol.dat)
1986-04-27,1986-04-27T09:47:45,2446547.90817,285.0266208333,-23.7225777778,283.7329334412,,23,USNO W2J00 compatibility alias,USNO W2J00 Transit Circle Catalog (VizieR I/334 w2j00sol.dat)
1986-04-30,1986-04-30T09:40:57,2446550.90344,286.2752958333,-23.7244000000,284.8694829648,,24,USNO W2J00 compatibility alias,USNO W2J00 Transit Circle Catalog (VizieR I/334 w2j00sol.dat)
1986-05-01,1986-05-01T09:38:38,2446551.90183,286.6786958333,-23.7257944444,285.2363462730,,25,USNO W2J00 compatibility alias,USNO W2J00 Transit Circle Catalog (VizieR I/334 w2j00sol.dat)
1986-05-06,1986-05-06T09:26:37,2446556.89349,288.5942666667,-23.7406666667,286.9757537657,,26,USNO W2J00 compatibility alias,USNO W2J00 Transit Circle Catalog (VizieR I/334 w2j00sol.dat)
1986-05-10,1986-05-10T09:16:29,2446560.88645,289.9943000000,-23.7664000000,288.2430985753,,27,USNO W2J00 compatibility alias,USNO W2J00 Transit Circle Catalog (VizieR I/334 w2j00sol.dat)
1986-05-11,1986-05-11T09:13:52,2446561.88463,290.3242958333,-23.7758916667,288.5410601915,,28,USNO W2J00 compatibility alias,USNO W2J00 Transit Circle Catalog (VizieR I/334 w2j00sol.dat)
1986-05-19,1986-05-19T08:51:42,2446569.86924,292.6558541667,-23.9019250000,290.6336115446,,29,USNO W2J00 compatibility alias,USNO W2J00 Transit Circle Catalog (VizieR I/334 w2j00sol.dat)
1986-05-29,1986-05-29T08:20:31,2446579.84759,294.6964333333,-24.2278666667,292.4222877670,,30,USNO W2J00 compatibility alias,USNO W2J00 Transit Circle Catalog (VizieR I/334 w2j00sol.dat)
1986-05-30,1986-05-30T08:17:10,2446580.84526,294.8398958333,-24.2729944444,292.5438651811,,31,USNO W2J00 compatibility alias,USNO W2J00 Transit Circle Catalog (VizieR I/334 w2j00sol.dat)
1986-05-31,1986-05-31T08:13:45,2446581.84289,294.9714125000,-24.3207638889,292.6541533061,,32,USNO W2J00 compatibility alias,USNO W2J00 Transit Circle Catalog (VizieR I/334 w2j00sol.dat)
1986-06-01,1986-06-01T08:10:18,2446582.84049,295.0904083333,-24.3711472222,292.7526482010,,33,USNO W2J00 compatibility alias,USNO W2J00 Transit Circle Catalog (VizieR I/334 w2j00sol.dat)
1986-06-02,1986-06-02T08:06:47,2446583.83805,295.1972541667,-24.4236611111,292.8397750143,,34,USNO W2J00 compatibility alias,USNO W2J00 Transit Circle Catalog (VizieR I/334 w2j00sol.dat)
1986-06-03,1986-06-03T08:03:14,2446584.83559,295.2914541667,-24.4792666667,292.9149357458,,35,USNO W2J00 compatibility alias,USNO W2J00 Transit Circle Catalog (VizieR I/334 w2j00sol.dat)
1986-06-04,1986-06-04T07:59:37,2446585.83307,295.3726375000,-24.5373138889,292.9779194262,,36,USNO W2J00 compatibility alias,USNO W2J00 Transit Circle Catalog (VizieR I/334 w2j00sol.dat)
1986-06-05,1986-06-05T07:55:58,2446586.83054,295.4416458333,-24.5980805556,293.0294467987,,37,USNO W2J00 compatibility alias,USNO W2J00 Transit Circle Catalog (VizieR I/334 w2j00sol.dat)
1986-06-06,1986-06-06T07:52:15,2446587.82796,295.4973000000,-24.6613250000,293.0685144659,,38,USNO W2J00 compatibility alias,USNO W2J00 Transit Circle Catalog (VizieR I/334 w2j00sol.dat)
1986-06-09,1986-06-09T07:40:48,2446590.82001,295.5845083333,-24.8667500000,293.1113047676,,39,USNO W2J00 compatibility alias,USNO W2J00 Transit Circle Catalog (VizieR I/334 w2j00sol.dat)
1986-06-10,1986-06-10T07:36:53,2446591.81729,295.5869041667,-24.9407722222,293.1006852735,,40,USNO W2J00 compatibility alias,USNO W2J00 Transit Circle Catalog (VizieR I/334 w2j00sol.dat)
1986-06-12,1986-06-12T07:28:53,2446593.81173,295.5513333333,-25.0953305556,293.0422279236,,41,USNO W2J00 compatibility alias,USNO W2J00 Transit Circle Catalog (VizieR I/334 w2j00sol.dat)
1986-06-14,1986-06-14T07:20:40,2446595.80602,295.4617625000,-25.2595638889,292.9339448233,,42,USNO W2J00 compatibility alias,USNO W2J00 Transit Circle Catalog (VizieR I/334 w2j00sol.dat)
1986-06-15,1986-06-15T07:16:28,2446596.80311,295.3966250000,-25.3451527778,292.8611073270,,43,USNO W2J00 compatibility alias,USNO W2J00 Transit Circle Catalog (VizieR I/334 w2j00sol.dat)
1986-06-18,1986-06-18T07:03:35,2446599.79416,295.1213916667,-25.6132416667,292.5699352558,,44,USNO W2J00 compatibility alias,USNO W2J00 Transit Circle Catalog (VizieR I/334 w2j00sol.dat)
1986-06-19,1986-06-19T06:59:11,2446600.79110,295.0035875000,-25.7062472222,292.4492440309,,45,USNO W2J00 compatibility alias,USNO W2J00 Transit Circle Catalog (VizieR I/334 w2j00sol.dat)
1986-06-20,1986-06-20T06:54:43,2446601.78800,294.8724541667,-25.8010000000,292.3165207815,,46,USNO W2J00 compatibility alias,USNO W2J00 Transit Circle Catalog (VizieR I/334 w2j00sol.dat)
1986-06-21,1986-06-21T06:50:13,2446602.78488,294.7284708333,-25.8965833333,292.1723696256,,47,USNO W2J00 compatibility alias,USNO W2J00 Transit Circle Catalog (VizieR I/334 w2j00sol.dat)
1986-06-22,1986-06-22T06:45:39,2446603.78171,294.5718958333,-25.9939500000,292.0168833862,,48,USNO W2J00 compatibility alias,USNO W2J00 Transit Circle Catalog (VizieR I/334 w2j00sol.dat)
1986-06-23,1986-06-23T06:41:04,2446604.77852,294.4025500000,-26.0920166667,291.8501064860,,49,USNO W2J00 compatibility alias,USNO W2J00 Transit Circle Catalog (VizieR I/334 w2j00sol.dat)
1986-06-24,1986-06-24T06:36:24,2446605.77528,294.2215458333,-26.1915833333,291.6729171990,,50,USNO W2J00 compatibility alias,USNO W2J00 Transit Circle Catalog (VizieR I/334 w2j00sol.dat)
1986-06-25,1986-06-25T06:31:42,2446606.77202,294.0277875000,-26.2914388889,291.4845635226,,51,USNO W2J00 compatibility alias,USNO W2J00 Transit Circle Catalog (VizieR I/334 w2j00sol.dat)
1986-06-26,1986-06-26T06:26:56,2446607.76871,293.8220166667,-26.3922805556,291.2856112023,,52,USNO W2J00 compatibility alias,USNO W2J00 Transit Circle Catalog (VizieR I/334 w2j00sol.dat)
1986-06-27,1986-06-27T06:22:08,2446608.76538,293.6051083333,-26.4928527778,291.0770597325,,53,USNO W2J00 compatibility alias,USNO W2J00 Transit Circle Catalog (VizieR I/334 w2j00sol.dat)
1986-07-04,1986-07-04T05:47:25,2446615.74127,291.8014916667,-27.1906611111,289.3730353083,,54,USNO W2J00 compatibility alias,USNO W2J00 Transit Circle Catalog (VizieR I/334 w2j00sol.dat)
1986-07-05,1986-07-05T05:42:19,2446616.73773,291.5102041667,-27.2859222222,289.1017045404,,55,USNO W2J00 compatibility alias,USNO W2J00 Transit Circle Catalog (VizieR I/334 w2j00sol.dat)
1986-07-06,1986-07-06T05:37:13,2446617.73418,291.2123541667,-27.3797888889,288.8250885319,,56,USNO W2J00 compatibility alias,USNO W2J00 Transit Circle Catalog (VizieR I/334 w2j00sol.dat)
1986-07-07,1986-07-07T05:32:04,2446618.73061,290.9089125000,-27.4717638889,288.5441166307,,57,USNO W2J00 compatibility alias,USNO W2J00 Transit Circle Catalog (VizieR I/334 w2j00sol.dat)
1986-07-08,1986-07-08T05:26:54,2446619.72702,290.6006500000,-27.5618388889,288.2594669651,,58,USNO W2J00 compatibility alias,USNO W2J00 Transit Circle Catalog (VizieR I/334 w2j00sol.dat)
1986-07-09,1986-07-09T05:21:44,2446620.72343,290.2886375000,-27.6490055556,287.9722195987,,59,USNO W2J00 compatibility alias,USNO W2J00 Transit Circle Catalog (VizieR I/334 w2j00sol.dat)
1986-07-10,1986-07-10T05:16:33,2446621.71983,289.9731416667,-27.7338055556,287.6825234115,,60,USNO W2J00 compatibility alias,USNO W2J00 Transit Circle Catalog (VizieR I/334 w2j00sol.dat)
1986-07-18,1986-07-18T04:35:01,2446629.69099,287.4497458333,-28.2995472222,285.3896043288,,61,USNO W2J00 compatibility alias,USNO W2J00 Transit Circle Catalog (VizieR I/334 w2j00sol.dat)
1986-07-22,1986-07-22T04:14:37,2446633.67682,286.2754291667,-28.4949472222,284.3354644659,,62,USNO W2J00 compatibility alias,USNO W2J00 Transit Circle Catalog (VizieR I/334 w2j00sol.dat)
1986-07-24,1986-07-24T04:04:35,2446635.66985,285.7314791667,-28.5695833333,283.8497152472,,63,USNO W2J00 compatibility alias,USNO W2J00 Transit Circle Catalog (VizieR I/334 w2j00sol.dat)
1986-07-25,1986-07-25T03:59:36,2446636.66640,285.4727500000,-28.6008222222,283.6192669227,,64,USNO W2J00 compatibility alias,USNO W2J00 Transit Circle Catalog (VizieR I/334 w2j00sol.dat)
1986-07-26,1986-07-26T03:54:42,2446637.66299,285.2236000000,-28.6282805556,283.3977001709,,65,USNO W2J00 compatibility alias,USNO W2J00 Transit Circle Catalog (VizieR I/334 w2j00sol.dat)
1986-07-27,1986-07-27T03:49:48,2446638.65959,284.9848666667,-28.6517944444,283.1857464969,,66,USNO W2J00 compatibility alias,USNO W2J00 Transit Circle Catalog (VizieR I/334 w2j00sol.dat)
1986-07-28,1986-07-28T03:44:58,2446639.65623,284.7569583333,-28.6717527778,282.9837042955,,67,USNO W2J00 compatibility alias,USNO W2J00 Transit Circle Catalog (VizieR I/334 w2j00sol.dat)
1986-07-30,1986-07-30T03:35:26,2446641.64961,284.3361916667,-28.7002750000,282.6116194667,,68,USNO W2J00 compatibility alias,USNO W2J00 Transit Circle Catalog (VizieR I/334 w2j00sol.dat)
1986-07-31,1986-07-31T03:30:43,2446642.64634,284.1445625000,-28.7088583333,282.4426215362,,69,USNO W2J00 compatibility alias,USNO W2J00 Transit Circle Catalog (VizieR I/334 w2j00sol.dat)
1986-08-02,1986-08-02T03:21:29,2446644.63993,283.8006541667,-28.7156666667,282.1401675748,,70,USNO W2J00 compatibility alias,USNO W2J00 Transit Circle Catalog (VizieR I/334 w2j00sol.dat)
1986-08-05,1986-08-05T03:08:03,2446647.63060,283.3898541667,-28.7006555556,281.7810126690,,71,USNO W2J00 compatibility alias,USNO W2J00 Transit Circle Catalog (VizieR I/334 w2j00sol.dat)
1986-08-09,1986-08-09T02:50:58,2446651.61873,283.0512375000,-28.6368361111,281.4895162286,,72,USNO W2J00 compatibility alias,USNO W2J00 Transit Circle Catalog (VizieR I/334 w2j00sol.dat)
1986-08-10,1986-08-10T02:46:52,2446652.61588,283.0053833333,-28.6138111111,281.4513166805,,73,USNO W2J00 compatibility alias,USNO W2J00 Transit Circle Catalog (VizieR I/334 w2j00sol.dat)
1986-08-14,1986-08-14T02:31:02,2446656.60489,282.9793750000,-28.4948333333,281.4391982747,,74,USNO W2J00 compatibility alias,USNO W2J00 Transit Circle Catalog (VizieR I/334 w2j00sol.dat)
1986-08-15,1986-08-15T02:27:14,2446657.60225,283.0122583333,-28.4587972222,281.4713759018,,75,USNO W2J00 compatibility alias,USNO W2J00 Transit Circle Catalog (VizieR I/334 w2j00sol.dat)
1986-08-16,1986-08-16T02:23:30,2446658.59966,283.0605000000,-28.4204583333,281.5172920023,,76,USNO W2J00 compatibility alias,USNO W2J00 Transit Circle Catalog (VizieR I/334 w2j00sol.dat)
1986-08-23,1986-08-23T01:58:59,2446665.58263,283.8180958333,-28.0909777778,282.2153871603,,77,USNO W2J00 compatibility alias,USNO W2J00 Transit Circle Catalog (VizieR I/334 w2j00sol.dat)
1986-08-25,1986-08-25T01:52:30,2446667.57813,284.1639333333,-27.9787111111,282.5313566633,,78,USNO W2J00 compatibility alias,USNO W2J00 Transit Circle Catalog (VizieR I/334 w2j00sol.dat)
1986-08-27,1986-08-27T01:46:14,2446669.57378,284.5641625000,-27.8580277778,282.8966740367,,79,USNO W2J00 compatibility alias,USNO W2J00 Transit Circle Catalog (VizieR I/334 w2j00sol.dat)
1986-08-29,1986-08-29T01:40:10,2446671.56957,285.0177916667,-27.7301111111,283.3105070545,,80,USNO W2J00 compatibility alias,USNO W2J00 Transit Circle Catalog (VizieR I/334 w2j00sol.dat)
1986-08-30,1986-08-30T01:37:13,2446672.56752,285.2638750000,-27.6627444444,283.5350727925,,81,USNO W2J00 compatibility alias,USNO W2J00 Transit Circle Catalog (VizieR I/334 w2j00sol.dat)
1986-08-31,1986-08-31T01:34:20,2446673.56551,285.5228208333,-27.5941000000,283.7713435352,,82,USNO W2J00 compatibility alias,USNO W2J00 Transit Circle Catalog (VizieR I/334 w2j00sol.dat)
1986-09-01,1986-09-01T01:31:29,2446674.56354,285.7942083333,-27.5233111111,284.0190599964,,83,USNO W2J00 compatibility alias,USNO W2J00 Transit Circle Catalog (VizieR I/334 w2j00sol.dat)
1986-09-07,1986-09-07T01:15:23,2446680.55235,287.6694750000,-27.0576611111,285.7338415301,,84,USNO W2J00 compatibility alias,USNO W2J00 Transit Circle Catalog (VizieR I/334 w2j00sol.dat)
1986-09-11,1986-09-11T01:05:30,2446684.54549,289.1389291667,-26.7064833333,287.0824238427,,85,USNO W2J00 compatibility alias,USNO W2J00 Transit Circle Catalog (VizieR I/334 w2j00sol.dat)
1986-09-14,1986-09-14T00:58:31,2446687.54064,290.3436291667,-26.4209666667,288.1917518009,,86,USNO W2J00 compatibility alias,USNO W2J00 Transit Circle Catalog (VizieR I/334 w2j00sol.dat)
1986-09-15,1986-09-15T00:56:15,2446688.53907,290.7632541667,-26.3218861111,288.5789344877,,87,USNO W2J00 compatibility alias,USNO W2J00 Transit Circle Catalog (VizieR I/334 w2j00sol.dat)
1986-09-16,1986-09-16T00:54:02,2446689.53753,291.1912875000,-26.2201750000,288.9744023190,,88,USNO W2J00 compatibility alias,USNO W2J00 Transit Circle Catalog (VizieR I/334 w2j00sol.dat)
1986-09-17,1986-09-17T00:51:51,2446690.53601,291.6277083333,-26.1164055556,289.3780794562,,89,USNO W2J00 compatibility alias,USNO W2J00 Transit Circle Catalog (VizieR I/334 w2j00sol.dat)
1986-09-18,1986-09-18T00:49:41,2446691.53451,292.0719750000,-26.0102305556,289.7895578287,,90,USNO W2J00 compatibility alias,USNO W2J00 Transit Circle Catalog (VizieR I/334 w2j00sol.dat)
1986-09-20,1986-09-20T00:45:27,2446693.53157,292.9835833333,-25.7916000000,290.6354587333,,91,USNO W2J00 compatibility alias,USNO W2J00 Transit Circle Catalog (VizieR I/334 w2j00sol.dat)
1986-09-21,1986-09-21T00:43:24,2446694.53014,293.4504250000,-25.6786166667,291.0695629157,,92,USNO W2J00 compatibility alias,USNO W2J00 Transit Circle Catalog (VizieR I/334 w2j00sol.dat)
1986-09-30,1986-09-30T00:25:56,2446703.51802,297.9478375000,-24.5562638889,295.2830851692,,93,USNO W2J00 compatibility alias,USNO W2J00 Transit Circle Catalog (VizieR I/334 w2j00sol.dat)
1986-10-05,1986-10-05T00:17:02,2446708.51184,300.6449083333,-23.8464888889,297.8388030734,,94,USNO W2J00 compatibility alias,USNO W2J00 Transit Circle Catalog (VizieR I/334 w2j00sol.dat)
1986-10-06,1986-10-06T00:15:20,2446709.51065,301.1988208333,-23.6964666667,298.3665730077,,95,USNO W2J00 compatibility alias,USNO W2J00 Transit Circle Catalog (VizieR I/334 w2j00sol.dat)
1986-10-08,1986-10-08T00:11:56,2446711.50829,302.3201083333,-23.3894305556,299.4377579092,,96,USNO W2J00 compatibility alias,USNO W2J00 Transit Circle Catalog (VizieR I/334 w2j00sol.dat)
1986-10-09,1986-10-09T00:10:16,2446712.50713,302.8867708333,-23.2317722222,299.9807079860,,97,USNO W2J00 compatibility alias,USNO W2J00 Transit Circle Catalog (VizieR I/334 w2j00sol.dat)
1986-10-10,1986-10-10T00:08:36,2446713.50598,303.4576958333,-23.0717583333,300.5287272036,,98,USNO W2J00 compatibility alias,USNO W2J00 Transit Circle Catalog (VizieR I/334 w2j00sol.dat)
1986-10-11,1986-10-11T00:06:59,2446714.50485,304.0322000000,-22.9086638889,301.0813801254,,99,USNO W2J00 compatibility alias,USNO W2J00 Transit Circle Catalog (VizieR I/334 w2j00sol.dat)
1986-10-12,1986-10-12T00:05:20,2446715.50371,304.6100458333,-22.7436861111,301.6382051726,,100,USNO W2J00 compatibility alias,USNO W2J00 Transit Circle Catalog (VizieR I/334 w2j00sol.dat)
1986-10-15,1986-10-15T23:58:57,2446719.49928,306.9540000000,-22.0561194444,303.9087937903,,101,USNO W2J00 compatibility alias,USNO W2J00 Transit Circle Catalog (VizieR I/334 w2j00sol.dat)
1986-10-19,1986-10-19T23:52:46,2446723.49498,309.3423708333,-21.3279638889,306.2416631552,,102,USNO W2J00 compatibility alias,USNO W2J00 Transit Circle Catalog (VizieR I/334 w2j00sol.dat)
1986-10-20,1986-10-20T23:51:14,2446724.49392,309.9455541667,-21.1395972222,306.8339536164,,103,USNO W2J00 compatibility alias,USNO W2J00 Transit Circle Catalog (VizieR I/334 w2j00sol.dat)
1986-10-21,1986-10-21T23:49:43,2446725.49286,310.5506166667,-20.9487694444,307.4293795490,,104,USNO W2J00 compatibility alias,USNO W2J00 Transit Circle Catalog (VizieR I/334 w2j00sol.dat)
1986-10-22,1986-10-22T23:48:13,2446726.49182,311.1580541667,-20.7555055556,308.0283941699,,105,USNO W2J00 compatibility alias,USNO W2J00 Transit Circle Catalog (VizieR I/334 w2j00sol.dat)
1986-10-24,1986-10-24T23:45:13,2446728.48974,312.3785041667,-20.3609944444,309.2360163795,,106,USNO W2J00 compatibility alias,USNO W2J00 Transit Circle Catalog (VizieR I/334 w2j00sol.dat)
1986-10-28,1986-10-28T23:39:19,2446732.48564,314.8406708333,-19.5431138889,311.6881848372,,107,USNO W2J00 compatibility alias,USNO W2J00 Transit Circle Catalog (VizieR I/334 w2j00sol.dat)
1986-10-30,1986-10-30T23:36:23,2446734.48361,316.0810208333,-19.1192888889,312.9317722768,,108,USNO W2J00 compatibility alias,USNO W2J00 Transit Circle Catalog (VizieR I/334 w2j00sol.dat)
1986-10-31,1986-10-31T23:34:57,2446735.48261,316.7034041667,-18.9039583333,313.5577869940,,109,USNO W2J00 compatibility alias,USNO W2J00 Transit Circle Catalog (VizieR I/334 w2j00sol.dat)
1986-11-06,1986-11-06T23:26:21,2446741.47664,320.4623916667,-17.5623305556,317.3682346566,,110,USNO W2J00 compatibility alias,USNO W2J00 Transit Circle Catalog (VizieR I/334 w2j00sol.dat)
1986-11-10,1986-11-10T23:20:42,2446745.47271,322.9864458333,-16.6231166667,319.9549389809,,111,USNO W2J00 compatibility alias,USNO W2J00 Transit Circle Catalog (VizieR I/334 w2j00sol.dat)
1986-11-13,1986-11-13T23:16:28,2446748.46977,324.8844291667,-15.8971888889,321.9146692665,,112,USNO W2J00 compatibility alias,USNO W2J00 Transit Circle Catalog (VizieR I/334 w2j00sol.dat)
1986-11-14,1986-11-14T23:15:03,2446749.46879,325.5181750000,-15.6510833333,322.5718041602,,113,USNO W2J00 compatibility alias,USNO W2J00 Transit Circle Catalog (VizieR I/334 w2j00sol.dat)
1986-11-19,1986-11-19T23:08:04,2446754.46394,328.6898916667,-14.3928805556,325.8807971814,,114,USNO W2J00 compatibility alias,USNO W2J00 Transit Circle Catalog (VizieR I/334 w2j00sol.dat)
1986-11-21,1986-11-21T23:05:15,2446756.46198,329.9598791667,-13.8771027778,327.2149754385,,115,USNO W2J00 compatibility alias,USNO W2J00 Transit Circle Catalog (VizieR I/334 w2j00sol.dat)
1986-11-22,1986-11-22T23:03:52,2446757.46102,330.5948416667,-13.6168750000,327.8839122429,,116,USNO W2J00 compatibility alias,USNO W2J00 Transit Circle Catalog (VizieR I/334 w2j00sol.dat)
1986-11-27,1986-11-27T22:56:52,2446762.45616,333.7709583333,-12.2903083333,331.2489869377,,117,USNO W2J00 compatibility alias,USNO W2J00 Transit Circle Catalog (VizieR I/334 w2j00sol.dat)
1986-11-29,1986-11-29T22:54:04,2446764.45422,335.0418208333,-11.7493277778,332.6036809454,,118,USNO W2J00 compatibility alias,USNO W2J00 Transit Circle Catalog (VizieR I/334 w2j00sol.dat)
1986-11-30,1986-11-30T22:52:41,2446765.45326,335.6774250000,-11.4764527778,333.2829863906,,119,USNO W2J00 compatibility alias,USNO W2J00 Transit Circle Catalog (VizieR I/334 w2j00sol.dat)
1986-12-05,1986-12-05T22:45:41,2446770.44840,338.8544000000,-10.0919583333,336.6948239240,,120,USNO W2J00 compatibility alias,USNO W2J00 Transit Circle Catalog (VizieR I/334 w2j00sol.dat)
1986-12-06,1986-12-06T22:44:17,2446771.44743,339.4895666667,-9.8113416667,337.3800473384,,121,USNO W2J00 compatibility alias,USNO W2J00 Transit Circle Catalog (VizieR I/334 w2j00sol.dat)
1986-12-14,1986-12-14T22:33:05,2446779.43965,344.5648083333,-7.5296083333,342.8880585473,,122,USNO W2J00 compatibility alias,USNO W2J00 Transit Circle Catalog (VizieR I/334 w2j00sol.dat)
1986-12-15,1986-12-15T22:31:41,2446780.43868,345.1983208333,-7.2404861111,343.5792519117,,123,USNO W2J00 compatibility alias,USNO W2J00 Transit Circle Catalog (VizieR I/334 w2j00sol.dat)
1986-12-18,1986-12-18T22:27:27,2446783.43574,347.0974583333,-6.3686305556,345.6556103037,,124,USNO W2J00 compatibility alias,USNO W2J00 Transit Circle Catalog (VizieR I/334 w2j00sol.dat)
1986-12-20,1986-12-20T22:24:38,2446785.43378,348.3631291667,-5.7841222222,347.0425161463,,125,USNO W2J00 compatibility alias,USNO W2J00 Transit Circle Catalog (VizieR I/334 w2j00sol.dat)
1986-12-22,1986-12-22T22:21:50,2446787.43183,349.6276875000,-5.1974777778,348.4305139074,,126,USNO W2J00 compatibility alias,USNO W2J00 Transit Circle Catalog (VizieR I/334 w2j00sol.dat)
1986-12-28,1986-12-28T22:13:22,2446793.42595,353.4202583333,-3.4271250000,352.6039571785,,127,USNO W2J00 compatibility alias,USNO W2J00 Transit Circle Catalog (VizieR I/334 w2j00sol.dat)
1986-12-29,1986-12-29T22:11:58,2446794.42498,354.0525958333,-3.1307527778,353.3010292182,,128,USNO W2J00 compatibility alias,USNO W2J00 Transit Circle Catalog (VizieR I/334 w2j00sol.dat)
1987-01-04,1987-01-04T22:03:30,2446800.41910,357.8461000000,-1.3498555556,357.4870844164,,129,USNO W2J00 compatibility alias,USNO W2J00 Transit Circle Catalog (VizieR I/334 w2j00sol.dat)
1988-07-14,1988-07-14T09:45:29,2447356.90659,1.8411208333,-3.5788972222,0.2634762502,,130,USNO W2J00 compatibility alias,USNO W2J00 Transit Circle Catalog (VizieR I/334 w2j00sol.dat)
1988-07-18,1988-07-18T09:36:28,2447360.90033,3.5242000000,-3.0043305556,2.0380889039,,131,USNO W2J00 compatibility alias,USNO W2J00 Transit Circle Catalog (VizieR I/334 w2j00sol.dat)
1988-07-21,1988-07-21T09:29:26,2447363.89544,4.7173875000,-2.6030805556,3.2944972332,,132,USNO W2J00 compatibility alias,USNO W2J00 Transit Circle Catalog (VizieR I/334 w2j00sol.dat)
1988-07-25,1988-07-25T09:19:39,2447367.88865,6.2089291667,-2.1097694444,4.8626102817,,133,USNO W2J00 compatibility alias,USNO W2J00 Transit Circle Catalog (VizieR I/334 w2j00sol.dat)
1988-07-26,1988-07-26T09:17:08,2447368.88690,6.5631000000,-1.9943611111,5.2344076894,,134,USNO W2J00 compatibility alias,USNO W2J00 Transit Circle Catalog (VizieR I/334 w2j00sol.dat)
1988-07-28,1988-07-28T09:12:00,2447370.88334,7.2480875000,-1.7732166667,5.9528085917,,135,USNO W2J00 compatibility alias,USNO W2J00 Transit Circle Catalog (VizieR I/334 w2j00sol.dat)
1988-07-29,1988-07-29T09:09:23,2447371.88152,7.5779875000,-1.6677388889,6.2984588972,,136,USNO W2J00 compatibility alias,USNO W2J00 Transit Circle Catalog (VizieR I/334 w2j00sol.dat)
1988-07-30,1988-07-30T09:06:44,2447372.87968,7.8999125000,-1.5655833333,6.6354884240,,137,USNO W2J00 compatibility alias,USNO W2J00 Transit Circle Catalog (VizieR I/334 w2j00sol.dat)
1988-07-31,1988-07-31T09:04:03,2447373.87782,8.2131000000,-1.4668333333,6.9631587575,,138,USNO W2J00 compatibility alias,USNO W2J00 Transit Circle Catalog (VizieR I/334 w2j00sol.dat)
1988-08-01,1988-08-01T09:01:20,2447374.87593,8.5170458333,-1.3719111111,7.2808349697,,139,USNO W2J00 compatibility alias,USNO W2J00 Transit Circle Catalog (VizieR I/334 w2j00sol.dat)
1988-08-02,1988-08-02T08:58:35,2447375.87402,8.8123833333,-1.2803166667,7.5892958054,,140,USNO W2J00 compatibility alias,USNO W2J00 Transit Circle Catalog (VizieR I/334 w2j00sol.dat)
1988-08-04,1988-08-04T08:52:58,2447377.87012,9.3742166667,-1.1088888889,8.1750759983,,141,USNO W2J00 compatibility alias,USNO W2J00 Transit Circle Catalog (VizieR I/334 w2j00sol.dat)
1988-08-05,1988-08-05T08:50:05,2447378.86812,9.6406583333,-1.0290888889,8.4523269059,,142,USNO W2J00 compatibility alias,USNO W2J00 Transit Circle Catalog (VizieR I/334 w2j00sol.dat)
1988-08-06,1988-08-06T08:47:11,2447379.86610,9.8969708333,-0.9530972222,8.7187593079,,143,USNO W2J00 compatibility alias,USNO W2J00 Transit Circle Catalog (VizieR I/334 w2j00sol.dat)
1988-08-08,1988-08-08T08:41:15,2447381.86198,10.3785125000,-0.8131805556,9.2182628867,,144,USNO W2J00 compatibility alias,USNO W2J00 Transit Circle Catalog (VizieR I/334 w2j00sol.dat)
1988-08-09,1988-08-09T08:38:12,2447382.85987,10.6031083333,-0.7492972222,9.4507281422,,145,USNO W2J00 compatibility alias,USNO W2J00 Transit Circle Catalog (VizieR I/334 w2j00sol.dat)
1988-08-11,1988-08-11T08:32:00,2447384.85556,11.0191416667,-0.6342416667,9.8801061407,,146,USNO W2J00 compatibility alias,USNO W2J00 Transit Circle Catalog (VizieR I/334 w2j00sol.dat)
1988-08-12,1988-08-12T08:28:49,2447385.85335,11.2102333333,-0.5828722222,10.0767724727,,147,USNO W2J00 compatibility alias,USNO W2J00 Transit Circle Catalog (VizieR I/334 w2j00sol.dat)
1988-08-13,1988-08-13T08:25:37,2447386.85113,11.3897208333,-0.5358722222,10.2610205387,,148,USNO W2J00 compatibility alias,USNO W2J00 Transit Circle Catalog (VizieR I/334 w2j00sol.dat)
1988-08-14,1988-08-14T08:22:21,2447387.84886,11.5573125000,-0.4931916667,10.4325983655,,149,USNO W2J00 compatibility alias,USNO W2J00 Transit Circle Catalog (VizieR I/334 w2j00sol.dat)
1988-08-15,1988-08-15T08:19:02,2447388.84656,11.7129541667,-0.4545472222,10.5915649220,,150,USNO W2J00 compatibility alias,USNO W2J00 Transit Circle Catalog (VizieR I/334 w2j00sol.dat)
1988-08-16,1988-08-16T08:15:41,2447389.84423,11.8565625000,-0.4202888889,10.7377035989,,151,USNO W2J00 compatibility alias,USNO W2J00 Transit Circle Catalog (VizieR I/334 w2j00sol.dat)
1988-08-17,1988-08-17T08:12:16,2447390.84186,11.9877791667,-0.3902000000,10.8707662180,,152,USNO W2J00 compatibility alias,USNO W2J00 Transit Circle Catalog (VizieR I/334 w2j00sol.dat)
1988-08-18,1988-08-18T08:08:49,2447391.83946,12.1065000000,-0.3647472222,10.9904714232,,153,USNO W2J00 compatibility alias,USNO W2J00 Transit Circle Catalog (VizieR I/334 w2j00sol.dat)
1988-08-22,1988-08-22T07:54:28,2447395.82950,12.4547750000,-0.3040805556,11.3362005161,,154,USNO W2J00 compatibility alias,USNO W2J00 Transit Circle Catalog (VizieR I/334 w2j00sol.dat)
1988-08-25,1988-08-25T07:43:10,2447398.82165,12.5797625000,-0.3024722222,11.4524012445,,155,USNO W2J00 compatibility alias,USNO W2J00 Transit Circle Catalog (VizieR I/334 w2j00sol.dat)
1988-08-26,1988-08-26T07:39:19,2447399.81897,12.5948958333,-0.3100555556,11.4634266213,,156,USNO W2J00 compatibility alias,USNO W2J00 Transit Circle Catalog (VizieR I/334 w2j00sol.dat)
1988-08-27,1988-08-27T07:35:23,2447400.81624,12.5968458333,-0.3218666667,11.4606055695,,157,USNO W2J00 compatibility alias,USNO W2J00 Transit Circle Catalog (VizieR I/334 w2j00sol.dat)
1988-08-28,1988-08-28T07:31:23,2447401.81347,12.5852041667,-0.3377027778,11.4436391558,,158,USNO W2J00 compatibility alias,USNO W2J00 Transit Circle Catalog (VizieR I/334 w2j00sol.dat)
1988-08-31,1988-08-31T07:19:09,2447404.80497,12.4694791667,-0.4089277778,11.3087271954,,159,USNO W2J00 compatibility alias,USNO W2J00 Transit Circle Catalog (VizieR I/334 w2j00sol.dat)
1988-09-01,1988-09-01T07:14:57,2447405.80206,12.4037375000,-0.4402583333,11.2356605577,,160,USNO W2J00 compatibility alias,USNO W2J00 Transit Circle Catalog (VizieR I/334 w2j00sol.dat)
1988-09-02,1988-09-02T07:10:43,2447406.79911,12.3245500000,-0.4757972222,11.1485115166,,161,USNO W2J00 compatibility alias,USNO W2J00 Transit Circle Catalog (VizieR I/334 w2j00sol.dat)
1988-09-03,1988-09-03T07:06:24,2447407.79612,12.2320791667,-0.5145166667,11.0478339612,,162,USNO W2J00 compatibility alias,USNO W2J00 Transit Circle Catalog (VizieR I/334 w2j00sol.dat)
1988-09-07,1988-09-07T06:48:40,2447411.78380,11.7302125000,-0.7041055556,10.5095136304,,163,USNO W2J00 compatibility alias,USNO W2J00 Transit Circle Catalog (VizieR I/334 w2j00sol.dat)
1988-09-08,1988-09-08T06:44:08,2447412.78065,11.5729333333,-0.7593388889,10.3424648100,,164,USNO W2J00 compatibility alias,USNO W2J00 Transit Circle Catalog (VizieR I/334 w2j00sol.dat)
1988-09-09,1988-09-09T06:39:30,2447413.77744,11.4036208333,-0.8173416667,10.1632160270,,165,USNO W2J00 compatibility alias,USNO W2J00 Transit Circle Catalog (VizieR I/334 w2j00sol.dat)
1988-09-11,1988-09-11T06:30:09,2447415.77094,11.0299708333,-0.9403000000,9.7696573272,,166,USNO W2J00 compatibility alias,USNO W2J00 Transit Circle Catalog (VizieR I/334 w2j00sol.dat)
1988-09-12,1988-09-12T06:25:24,2447416.76765,10.8267750000,-1.0053972222,9.5563530096,,167,USNO W2J00 compatibility alias,USNO W2J00 Transit Circle Catalog (VizieR I/334 w2j00sol.dat)
1988-09-15,1988-09-15T06:10:57,2447419.75761,10.1566083333,-1.2097305556,8.8570529415,,168,USNO W2J00 compatibility alias,USNO W2J00 Transit Circle Catalog (VizieR I/334 w2j00sol.dat)
1988-09-16,1988-09-16T06:06:03,2447420.75421,9.9150750000,-1.2803583333,8.6062580757,,169,USNO W2J00 compatibility alias,USNO W2J00 Transit Circle Catalog (VizieR I/334 w2j00sol.dat)
1988-09-17,1988-09-17T06:01:07,2447421.75078,9.6655416667,-1.3519111111,8.3477436086,,170,USNO W2J00 compatibility alias,USNO W2J00 Transit Circle Catalog (VizieR I/334 w2j00sol.dat)
1988-09-19,1988-09-19T05:51:11,2447423.74388,9.1449166667,-1.4959138889,7.8105665899,,171,USNO W2J00 compatibility alias,USNO W2J00 Transit Circle Catalog (VizieR I/334 w2j00sol.dat)
1988-09-21,1988-09-21T05:41:09,2447425.73691,8.6001500000,-1.6398138889,7.2513100879,,172,USNO W2J00 compatibility alias,USNO W2J00 Transit Circle Catalog (VizieR I/334 w2j00sol.dat)
1988-09-23,1988-09-23T05:31:02,2447427.72989,8.0370250000,-1.7815972222,6.6761306616,,173,USNO W2J00 compatibility alias,USNO W2J00 Transit Circle Catalog (VizieR I/334 w2j00sol.dat)
1988-09-24,1988-09-24T05:25:57,2447428.72636,7.7503333333,-1.8507472222,6.3845705109,,174,USNO W2J00 compatibility alias,USNO W2J00 Transit Circle Catalog (VizieR I/334 w2j00sol.dat)
1988-09-29,1988-09-29T05:00:29,2447433.70868,6.2938916667,-2.1737750000,4.9153236327,,175,USNO W2J00 compatibility alias,USNO W2J00 Transit Circle Catalog (VizieR I/334 w2j00sol.dat)
1988-10-02,1988-10-02T04:45:14,2447436.69809,5.4280083333,-2.3401388889,4.0526036297,,176,USNO W2J00 compatibility alias,USNO W2J00 Transit Circle Catalog (VizieR I/334 w2j00sol.dat)
1988-10-07,1988-10-07T04:20:08,2447441.68065,4.0607500000,-2.5522694444,2.7113257387,,177,USNO W2J00 compatibility alias,USNO W2J00 Transit Circle Catalog (VizieR I/334 w2j00sol.dat)
1988-10-08,1988-10-08T04:15:10,2447442.67721,3.8050416667,-2.5833611111,2.4640087338,,178,USNO W2J00 compatibility alias,USNO W2J00 Transit Circle Catalog (VizieR I/334 w2j00sol.dat)
1988-10-09,1988-10-09T04:10:15,2447443.67379,3.5566208333,-2.6100888889,2.2251594370,,179,USNO W2J00 compatibility alias,USNO W2J00 Transit Circle Catalog (VizieR I/334 w2j00sol.dat)
1988-10-10,1988-10-10T04:05:21,2447444.67039,3.3164958333,-2.6324888889,1.9956862207,,180,USNO W2J00 compatibility alias,USNO W2J00 Transit Circle Catalog (VizieR I/334 w2j00sol.dat)
1988-10-11,1988-10-11T04:00:30,2447445.66702,3.0847458333,-2.6501416667,1.7758255193,,181,USNO W2J00 compatibility alias,USNO W2J00 Transit Circle Catalog (VizieR I/334 w2j00sol.dat)
1988-10-12,1988-10-12T03:55:41,2447446.66367,2.8623041667,-2.6632277778,1.5663588072,,182,USNO W2J00 compatibility alias,USNO W2J00 Transit Circle Catalog (VizieR I/334 w2j00sol.dat)
1988-10-13,1988-10-13T03:50:55,2447447.66036,2.6495958333,-2.6717750000,1.3676615492,,183,USNO W2J00 compatibility alias,USNO W2J00 Transit Circle Catalog (VizieR I/334 w2j00sol.dat)
1988-10-14,1988-10-14T03:46:09,2447448.65706,2.4469583333,-2.6752138889,1.1802671105,,184,USNO W2J00 compatibility alias,USNO W2J00 Transit Circle Catalog (VizieR I/334 w2j00sol.dat)
1988-10-15,1988-10-15T03:41:28,2447449.65380,2.2547916667,-2.6742888889,1.0042422335,,185,USNO W2J00 compatibility alias,USNO W2J00 Transit Circle Catalog (VizieR I/334 w2j00sol.dat)
1988-10-16,1988-10-16T03:36:49,2447450.65057,2.0734125000,-2.6678527778,0.8403317651,,186,USNO W2J00 compatibility alias,USNO W2J00 Transit Circle Catalog (VizieR I/334 w2j00sol.dat)
1988-10-17,1988-10-17T03:32:12,2447451.64737,1.9033166667,-2.6566916667,0.6886739896,,187,USNO W2J00 compatibility alias,USNO W2J00 Transit Circle Catalog (VizieR I/334 w2j00sol.dat)
1988-10-18,1988-10-18T03:27:38,2447452.64420,1.7447958333,-2.6404861111,0.5496609002,,188,USNO W2J00 compatibility alias,USNO W2J00 Transit Circle Catalog (VizieR I/334 w2j00sol.dat)
1988-10-20,1988-10-20T03:18:38,2447454.63795,1.4632750000,-2.5930361111,0.3102501539,,189,USNO W2J00 compatibility alias,USNO W2J00 Transit Circle Catalog (VizieR I/334 w2j00sol.dat)
1988-10-21,1988-10-21T03:14:14,2447455.63489,1.3405833333,-2.5620111111,0.2100429045,,190,USNO W2J00 compatibility alias,USNO W2J00 Transit Circle Catalog (VizieR I/334 w2j00sol.dat)
1988-10-23,1988-10-23T03:05:32,2447457.62885,1.1317708333,-2.4847916667,0.0492386590,,191,USNO W2J00 compatibility alias,USNO W2J00 Transit Circle Catalog (VizieR I/334 w2j00sol.dat)
1988-10-25,1988-10-25T02:57:02,2447459.62294,0.9721750000,-2.3887111111,359.9411107794,,192,USNO W2J00 compatibility alias,USNO W2J00 Transit Circle Catalog (VizieR I/334 w2j00sol.dat)
1988-10-27,1988-10-27T02:48:44,2447461.61718,0.8622041667,-2.2734055556,359.8861689380,,193,USNO W2J00 compatibility alias,USNO W2J00 Transit Circle Catalog (VizieR I/334 w2j00sol.dat)
1988-10-28,1988-10-28T02:44:38,2447462.61434,0.8256500000,-2.2091361111,359.8782410249,,194,USNO W2J00 compatibility alias,USNO W2J00 Transit Circle Catalog (VizieR I/334 w2j00sol.dat)
1988-10-29,1988-10-29T02:40:37,2447463.61154,0.8013375000,-2.1402083333,359.8833975071,,195,USNO W2J00 compatibility alias,USNO W2J00 Transit Circle Catalog (VizieR I/334 w2j00sol.dat)
1988-10-30,1988-10-30T02:36:38,2447464.60878,0.7892875000,-2.0669750000,359.9015166038,,196,USNO W2J00 compatibility alias,USNO W2J00 Transit Circle Catalog (VizieR I/334 w2j00sol.dat)
1988-10-31,1988-10-31T02:32:42,2447465.60605,0.7895750000,-1.9890555556,359.9328185229,,197,USNO W2J00 compatibility alias,USNO W2J00 Transit Circle Catalog (VizieR I/334 w2j00sol.dat)
1988-11-02,1988-11-02T02:24:59,2447467.60069,0.8262625000,-1.8207388889,0.0335153359,,198,USNO W2J00 compatibility alias,USNO W2J00 Transit Circle Catalog (VizieR I/334 w2j00sol.dat)
1988-11-04,1988-11-04T02:17:28,2447469.59547,0.9109208333,-1.6353444444,0.1850145085,,199,USNO W2J00 compatibility alias,USNO W2J00 Transit Circle Catalog (VizieR I/334 w2j00sol.dat)
1988-11-06,1988-11-06T02:10:07,2447471.59037,1.0424458333,-1.4337583333,0.3859514449,,200,USNO W2J00 compatibility alias,USNO W2J00 Transit Circle Catalog (VizieR I/334 w2j00sol.dat)
1988-11-08,1988-11-08T02:02:59,2447473.58541,1.2203750000,-1.2164000000,0.6357362701,,201,USNO W2J00 compatibility alias,USNO W2J00 Transit Circle Catalog (VizieR I/334 w2j00sol.dat)
1988-11-09,1988-11-09T01:59:27,2447474.58296,1.3262208333,-1.1019194444,0.7784244624,,202,USNO W2J00 compatibility alias,USNO W2J00 Transit Circle Catalog (VizieR I/334 w2j00sol.dat)
1988-11-10,1988-11-10T01:56:00,2447475.58056,1.4433083333,-0.9837000000,0.9329138339,,203,USNO W2J00 compatibility alias,USNO W2J00 Transit Circle Catalog (VizieR I/334 w2j00sol.dat)
1988-11-12,1988-11-12T01:49:11,2447477.57583,1.7102708333,-0.7361694444,1.2763855366,,204,USNO W2J00 compatibility alias,USNO W2J00 Transit Circle Catalog (VizieR I/334 w2j00sol.dat)
1988-11-13,1988-11-13T01:45:52,2447478.57352,1.8596250000,-0.6071527778,1.4647721508,,205,USNO W2J00 compatibility alias,USNO W2J00 Transit Circle Catalog (VizieR I/334 w2j00sol.dat)
1988-11-14,1988-11-14T01:42:35,2447479.57124,2.0193625000,-0.4747277778,1.6640395185,,206,USNO W2J00 compatibility alias,USNO W2J00 Transit Circle Catalog (VizieR I/334 w2j00sol.dat)
1988-11-15,1988-11-15T01:39:19,2447480.56898,2.1896333333,-0.3388138889,1.8743566292,,207,USNO W2J00 compatibility alias,USNO W2J00 Transit Circle Catalog (VizieR I/334 w2j00sol.dat)
1988-11-16,1988-11-16T01:36:07,2447481.56675,2.3698125000,-0.1998777778,2.0949634219,,208,USNO W2J00 compatibility alias,USNO W2J00 Transit Circle Catalog (VizieR I/334 w2j00sol.dat)
1988-11-18,1988-11-18T01:29:47,2447483.56236,2.7592083333,0.0875888889,2.5666204002,,209,USNO W2J00 compatibility alias,USNO W2J00 Transit Circle Catalog (VizieR I/334 w2j00sol.dat)
1988-11-19,1988-11-19T01:26:42,2447484.56021,2.9684541667,0.2356305556,2.8175001968,,210,USNO W2J00 compatibility alias,USNO W2J00 Transit Circle Catalog (VizieR I/334 w2j00sol.dat)
1988-11-22,1988-11-22T01:17:37,2447487.55391,3.6492000000,0.6970888889,3.6256056703,,211,USNO W2J00 compatibility alias,USNO W2J00 Transit Circle Catalog (VizieR I/334 w2j00sol.dat)
1988-11-23,1988-11-23T01:14:39,2447488.55185,3.8936333333,0.8561416667,3.9131002252,,212,USNO W2J00 compatibility alias,USNO W2J00 Transit Circle Catalog (VizieR I/334 w2j00sol.dat)
1988-11-24,1988-11-24T01:11:44,2447489.54982,4.1461583333,1.0177888889,4.2090321641,,213,USNO W2J00 compatibility alias,USNO W2J00 Transit Circle Catalog (VizieR I/334 w2j00sol.dat)
1988-11-25,1988-11-25T01:08:51,2447490.54782,4.4068666667,1.1818277778,4.5134021906,,214,USNO W2J00 compatibility alias,USNO W2J00 Transit Circle Catalog (VizieR I/334 w2j00sol.dat)
1988-11-26,1988-11-26T01:05:59,2447491.54583,4.6754833333,1.3482916667,4.8259679287,,215,USNO W2J00 compatibility alias,USNO W2J00 Transit Circle Catalog (VizieR I/334 w2j00sol.dat)
1988-11-30,1988-11-30T00:54:50,2447495.53809,5.8258000000,2.0360583333,6.1542204493,,216,USNO W2J00 compatibility alias,USNO W2J00 Transit Circle Catalog (VizieR I/334 w2j00sol.dat)
1988-12-01,1988-12-01T00:52:08,2447496.53621,6.1312958333,2.2129722222,6.5046006999,,217,USNO W2J00 compatibility alias,USNO W2J00 Transit Circle Catalog (VizieR I/334 w2j00sol.dat)
1988-12-02,1988-12-02T00:49:27,2447497.53435,6.4438833333,2.3922666667,6.8623848891,,218,USNO W2J00 compatibility alias,USNO W2J00 Transit Circle Catalog (VizieR I/334 w2j00sol.dat)
1988-12-03,1988-12-03T00:46:48,2447498.53250,6.7633875000,2.5732833333,7.2271470772,,219,USNO W2J00 compatibility alias,USNO W2J00 Transit Circle Catalog (VizieR I/334 w2j00sol.dat)
1988-12-04,1988-12-04T00:44:09,2447499.53067,7.0895708333,2.7561138889,7.5987004386,,220,USNO W2J00 compatibility alias,USNO W2J00 Transit Circle Catalog (VizieR I/334 w2j00sol.dat)
1988-12-06,1988-12-06T00:38:59,2447501.52708,7.7616000000,3.1274055556,8.3618891147,,221,USNO W2J00 compatibility alias,USNO W2J00 Transit Circle Catalog (VizieR I/334 w2j00sol.dat)
1988-12-07,1988-12-07T00:36:25,2447502.52530,8.1070708333,3.3157416667,8.7531192845,,222,USNO W2J00 compatibility alias,USNO W2J00 Transit Circle Catalog (VizieR I/334 w2j00sol.dat)
1988-12-08,1988-12-08T00:33:53,2447503.52354,8.4588333333,3.5054055556,9.1505703739,,223,USNO W2J00 compatibility alias,USNO W2J00 Transit Circle Catalog (VizieR I/334 w2j00sol.dat)
1988-12-09,1988-12-09T00:31:23,2447504.52180,8.8165458333,3.6969861111,9.5541543231,,224,USNO W2J00 compatibility alias,USNO W2J00 Transit Circle Catalog (VizieR I/334 w2j00sol.dat)
1988-12-10,1988-12-10T00:28:54,2447505.52008,9.1805416667,3.8899000000,9.9639409369,,225,USNO W2J00 compatibility alias,USNO W2J00 Transit Circle Catalog (VizieR I/334 w2j00sol.dat)
1988-12-14,1988-12-14T00:19:13,2447509.51335,10.6924541667,4.6760888889,11.6591130449,,226,USNO W2J00 compatibility alias,USNO W2J00 Transit Circle Catalog (VizieR I/334 w2j00sol.dat)
1988-12-18,1988-12-18T00:09:50,2447513.50684,12.2892041667,5.4815916667,13.4377655320,,227,USNO W2J00 compatibility alias,USNO W2J00 Transit Circle Catalog (VizieR I/334 w2j00sol.dat)
1988-12-20,1988-12-20T00:05:17,2447515.50368,13.1171000000,5.8905166667,14.3557210547,,228,USNO W2J00 compatibility alias,USNO W2J00 Transit Circle Catalog (VizieR I/334 w2j00sol.dat)
1988-12-21,1988-12-21T00:03:03,2447516.50212,13.5378375000,6.0961111111,14.8211264943,,229,USNO W2J00 compatibility alias,USNO W2J00 Transit Circle Catalog (VizieR I/334 w2j00sol.dat)
1988-12-22,1988-12-22T23:58:35,2447518.49902,14.3927625000,6.5097555556,15.7647073086,,230,USNO W2J00 compatibility alias,USNO W2J00 Transit Circle Catalog (VizieR I/334 w2j00sol.dat)
1988-12-25,1988-12-25T23:52:03,2447521.49448,15.7066625000,7.1350694444,17.2094412170,,231,USNO W2J00 compatibility alias,USNO W2J00 Transit Circle Catalog (VizieR I/334 w2j00sol.dat)
1988-12-26,1988-12-26T23:49:53,2447522.49298,16.1527416667,7.3444833333,17.6984270862,,232,USNO W2J00 compatibility alias,USNO W2J00 Transit Circle Catalog (VizieR I/334 w2j00sol.dat)
1988-12-27,1988-12-27T23:47:45,2447523.49150,16.6027041667,7.5545805556,18.1910186596,,233,USNO W2J00 compatibility alias,USNO W2J00 Transit Circle Catalog (VizieR I/334 w2j00sol.dat)
1988-12-28,1988-12-28T23:45:38,2447524.49003,17.0568333333,7.7650833333,18.6873606251,,234,USNO W2J00 compatibility alias,USNO W2J00 Transit Circle Catalog (VizieR I/334 w2j00sol.dat)
1988-12-29,1988-12-29T23:43:30,2447525.48855,17.5145250000,7.9759222222,19.1868642050,,235,USNO W2J00 compatibility alias,USNO W2J00 Transit Circle Catalog (VizieR I/334 w2j00sol.dat)
1988-12-31,1988-12-31T23:39:21,2447527.48567,18.4412583333,8.3985361111,20.1959011914,,236,USNO W2J00 compatibility alias,USNO W2J00 Transit Circle Catalog (VizieR I/334 w2j00sol.dat)
1989-01-05,1989-01-05T23:29:11,2447532.47861,20.8216291667,9.4592611111,22.7736617699,,237,USNO W2J00 compatibility alias,USNO W2J00 Transit Circle Catalog (VizieR I/334 w2j00sol.dat)
1989-01-13,1989-01-13T23:13:38,2447540.46781,24.8062875000,11.1577666667,27.0439083113,,238,USNO W2J00 compatibility alias,USNO W2J00 Transit Circle Catalog (VizieR I/334 w2j00sol.dat)
1989-01-15,1989-01-15T23:09:52,2447542.46519,25.8336666667,11.5801055556,28.1357309438,,239,USNO W2J00 compatibility alias,USNO W2J00 Transit Circle Catalog (VizieR I/334 w2j00sol.dat)
1989-01-16,1989-01-16T23:08:00,2447543.46389,26.3517958333,11.7906361111,28.6849083691,,240,USNO W2J00 compatibility alias,USNO W2J00 Transit Circle Catalog (VizieR I/334 w2j00sol.dat)
1989-01-17,1989-01-17T23:06:08,2447544.46260,26.8725833333,12.0008361111,29.2360113159,,241,USNO W2J00 compatibility alias,USNO W2J00 Transit Circle Catalog (VizieR I/334 w2j00sol.dat)
1989-01-18,1989-01-18T23:04:18,2447545.46132,27.3963541667,12.2104333333,29.7892328084,,242,USNO W2J00 compatibility alias,USNO W2J00 Transit Circle Catalog (VizieR I/334 w2j00sol.dat)
1989-01-19,1989-01-19T23:02:28,2447546.46005,27.9228208333,12.4196305556,30.3443744474,,243,USNO W2J00 compatibility alias,USNO W2J00 Transit Circle Catalog (VizieR I/334 w2j00sol.dat)
1989-01-21,1989-01-21T22:58:50,2447548.45753,28.9837166667,12.8358388889,31.4599294288,,244,USNO W2J00 compatibility alias,USNO W2J00 Transit Circle Catalog (VizieR I/334 w2j00sol.dat)
1989-01-22,1989-01-22T22:57:02,2447549.45628,29.5181000000,13.0430750000,32.0203665921,,245,USNO W2J00 compatibility alias,USNO W2J00 Transit Circle Catalog (VizieR I/334 w2j00sol.dat)
1989-01-23,1989-01-23T22:55:15,2447550.45504,30.0550666667,13.2495694444,32.5824747142,,246,USNO W2J00 compatibility alias,USNO W2J00 Transit Circle Catalog (VizieR I/334 w2j00sol.dat)
1989-01-25,1989-01-25T22:51:42,2447552.45258,31.1368666667,13.6600527778,33.7116908027,,247,USNO W2J00 compatibility alias,USNO W2J00 Transit Circle Catalog (VizieR I/334 w2j00sol.dat)
1989-01-27,1989-01-27T22:48:12,2447554.45014,32.2287500000,14.0673500000,34.8472183814,,248,USNO W2J00 compatibility alias,USNO W2J00 Transit Circle Catalog (VizieR I/334 w2j00sol.dat)
1990-09-02,1990-09-02T10:19:33,2448136.93025,59.1887416667,18.6787666667,60.9581126506,,249,USNO W2J00 compatibility alias,USNO W2J00 Transit Circle Catalog (VizieR I/334 w2j00sol.dat)
1990-09-04,1990-09-04T10:15:37,2448138.92752,60.1762583333,18.9018805556,61.9191788618,,250,USNO W2J00 compatibility alias,USNO W2J00 Transit Circle Catalog (VizieR I/334 w2j00sol.dat)
1990-09-07,1990-09-07T10:09:34,2448141.92332,61.6147375000,19.2204166667,63.3153064434,,251,USNO W2J00 compatibility alias,USNO W2J00 Transit Circle Catalog (VizieR I/334 w2j00sol.dat)
1990-09-08,1990-09-08T10:07:31,2448142.92189,62.0820791667,19.3222000000,63.7679068667,,252,USNO W2J00 compatibility alias,USNO W2J00 Transit Circle Catalog (VizieR I/334 w2j00sol.dat)
1990-09-11,1990-09-11T10:01:09,2448145.91747,63.4455458333,19.6150777778,65.0857557050,,253,USNO W2J00 compatibility alias,USNO W2J00 Transit Circle Catalog (VizieR I/334 w2j00sol.dat)
1990-09-18,1990-09-18T09:45:18,2448152.90646,66.3717166667,20.2292611111,67.9019001792,,254,USNO W2J00 compatibility alias,USNO W2J00 Transit Circle Catalog (VizieR I/334 w2j00sol.dat)
1990-09-19,1990-09-19T09:42:54,2448153.90480,66.7574000000,20.3096833333,68.2719787882,,255,USNO W2J00 compatibility alias,USNO W2J00 Transit Circle Catalog (VizieR I/334 w2j00sol.dat)
1990-09-21,1990-09-21T09:38:01,2448155.90141,67.5023333333,20.4651777778,68.9860984808,,256,USNO W2J00 compatibility alias,USNO W2J00 Transit Circle Catalog (VizieR I/334 w2j00sol.dat)
1990-09-23,1990-09-23T09:32:59,2448157.89791,68.2112958333,20.6139611111,69.6649783070,,257,USNO W2J00 compatibility alias,USNO W2J00 Transit Circle Catalog (VizieR I/334 w2j00sol.dat)
1990-09-24,1990-09-24T09:30:23,2448158.89611,68.5515291667,20.6859944444,69.9905549717,,258,USNO W2J00 compatibility alias,USNO W2J00 Transit Circle Catalog (VizieR I/334 w2j00sol.dat)
1990-09-25,1990-09-25T09:27:48,2448159.89431,68.8820833333,20.7566888889,70.3067719018,,259,USNO W2J00 compatibility alias,USNO W2J00 Transit Circle Catalog (VizieR I/334 w2j00sol.dat)
1990-09-26,1990-09-26T09:25:08,2448160.89246,69.2023750000,20.8257888889,70.6130638730,,260,USNO W2J00 compatibility alias,USNO W2J00 Transit Circle Catalog (VizieR I/334 w2j00sol.dat)
1990-09-27,1990-09-27T09:22:26,2448161.89059,69.5126083333,20.8935333333,70.9096657827,,261,USNO W2J00 compatibility alias,USNO W2J00 Transit Circle Catalog (VizieR I/334 w2j00sol.dat)
1990-09-28,1990-09-28T09:19:42,2448162.88869,69.8128041667,20.9597555556,71.1965852167,,262,USNO W2J00 compatibility alias,USNO W2J00 Transit Circle Catalog (VizieR I/334 w2j00sol.dat)
1990-09-29,1990-09-29T09:16:56,2448163.88677,70.1022875000,21.0247666667,71.4732521271,,263,USNO W2J00 compatibility alias,USNO W2J00 Transit Circle Catalog (VizieR I/334 w2j00sol.dat)
1990-10-01,1990-10-01T09:11:15,2448165.88282,70.6483541667,21.1507416667,71.9951121019,,264,USNO W2J00 compatibility alias,USNO W2J00 Transit Circle Catalog (VizieR I/334 w2j00sol.dat)
1990-10-02,1990-10-02T09:08:20,2448166.88079,70.9048083333,21.2118166667,72.2402237690,,265,USNO W2J00 compatibility alias,USNO W2J00 Transit Circle Catalog (VizieR I/334 w2j00sol.dat)
1990-10-03,1990-10-03T09:05:23,2448167.87874,71.1495500000,21.2717777778,72.4742161129,,266,USNO W2J00 compatibility alias,USNO W2J00 Transit Circle Catalog (VizieR I/334 w2j00sol.dat)
1990-10-05,1990-10-05T08:59:20,2448169.87454,71.6038458333,21.3879805556,72.9087936672,,267,USNO W2J00 compatibility alias,USNO W2J00 Transit Circle Catalog (VizieR I/334 w2j00sol.dat)
1990-10-06,1990-10-06T08:56:13,2448170.87238,71.8126375000,21.4443944444,73.1087193768,,268,USNO W2J00 compatibility alias,USNO W2J00 Transit Circle Catalog (VizieR I/334 w2j00sol.dat)
1990-10-07,1990-10-07T08:53:05,2448171.87020,72.0089833333,21.4996111111,73.2968838181,,269,USNO W2J00 compatibility alias,USNO W2J00 Transit Circle Catalog (VizieR I/334 w2j00sol.dat)
1990-10-10,1990-10-10T08:43:20,2448174.86343,72.5201291667,21.6592583333,73.7881011560,,270,USNO W2J00 compatibility alias,USNO W2J00 Transit Circle Catalog (VizieR I/334 w2j00sol.dat)
1990-10-15,1990-10-15T08:25:58,2448179.85137,73.0955708333,21.9052500000,74.3477180517,,271,USNO W2J00 compatibility alias,USNO W2J00 Transit Circle Catalog (VizieR I/334 w2j00sol.dat)
1990-10-16,1990-10-16T08:22:18,2448180.84883,73.1668166667,21.9515833333,74.4187200926,,272,USNO W2J00 compatibility alias,USNO W2J00 Transit Circle Catalog (VizieR I/334 w2j00sol.dat)
1990-10-20,1990-10-20T08:07:07,2448184.83828,73.2998125000,22.1273277778,74.5613566043,,273,USNO W2J00 compatibility alias,USNO W2J00 Transit Circle Catalog (VizieR I/334 w2j00sol.dat)
1990-10-21,1990-10-21T08:03:10,2448185.83554,73.2943166667,22.1689666667,74.5610603811,,274,USNO W2J00 compatibility alias,USNO W2J00 Transit Circle Catalog (VizieR I/334 w2j00sol.dat)
1990-10-22,1990-10-22T07:59:09,2448186.83275,73.2730791667,22.2096194444,74.5461761217,,275,USNO W2J00 compatibility alias,USNO W2J00 Transit Circle Catalog (VizieR I/334 w2j00sol.dat)
1990-10-25,1990-10-25T07:46:43,2448189.82411,73.1134958333,22.3253777778,74.4127871321,,276,USNO W2J00 compatibility alias,USNO W2J00 Transit Circle Catalog (VizieR I/334 w2j00sol.dat)
1990-10-29,1990-10-29T07:29:15,2448193.81199,72.6782125000,22.4642055556,74.0293380187,,277,USNO W2J00 compatibility alias,USNO W2J00 Transit Circle Catalog (VizieR I/334 w2j00sol.dat)
1990-10-30,1990-10-30T07:24:43,2448194.80884,72.5301416667,22.4958055556,73.8972478690,,278,USNO W2J00 compatibility alias,USNO W2J00 Transit Circle Catalog (VizieR I/334 w2j00sol.dat)
1990-11-01,1990-11-01T07:15:29,2448196.80243,72.1864708333,22.5552000000,73.5892715932,,279,USNO W2J00 compatibility alias,USNO W2J00 Transit Circle Catalog (VizieR I/334 w2j00sol.dat)
1990-11-02,1990-11-02T07:10:47,2448197.79916,71.9913541667,22.5826472222,73.4138079331,,280,USNO W2J00 compatibility alias,USNO W2J00 Transit Circle Catalog (VizieR I/334 w2j00sol.dat)
1990-11-03,1990-11-03T07:06:01,2448198.79585,71.7813333333,22.6085972222,73.2246053303,,281,USNO W2J00 compatibility alias,USNO W2J00 Transit Circle Catalog (VizieR I/334 w2j00sol.dat)
1990-11-04,1990-11-04T07:01:11,2448199.79250,71.5567291667,22.6329527778,73.0219540132,,282,USNO W2J00 compatibility alias,USNO W2J00 Transit Circle Catalog (VizieR I/334 w2j00sol.dat)
1990-11-05,1990-11-05T06:56:18,2448200.78910,71.3171500000,22.6557027778,72.8055017044,,283,USNO W2J00 compatibility alias,USNO W2J00 Transit Circle Catalog (VizieR I/334 w2j00sol.dat)
1990-11-06,1990-11-06T06:51:21,2448201.78566,71.0632291667,22.6763666667,72.5757735369,,284,USNO W2J00 compatibility alias,USNO W2J00 Transit Circle Catalog (VizieR I/334 w2j00sol.dat)
1990-11-07,1990-11-07T06:46:21,2448202.78219,70.7949333333,22.6955694444,72.3328250277,,285,USNO W2J00 compatibility alias,USNO W2J00 Transit Circle Catalog (VizieR I/334 w2j00sol.dat)
1990-11-08,1990-11-08T06:41:17,2448203.77868,70.5131416667,22.7129333333,72.0774170830,,286,USNO W2J00 compatibility alias,USNO W2J00 Transit Circle Catalog (VizieR I/334 w2j00sol.dat)
1990-11-11,1990-11-11T06:25:50,2448206.76794,69.5897250000,22.7534500000,71.2390783524,,287,USNO W2J00 compatibility alias,USNO W2J00 Transit Circle Catalog (VizieR I/334 w2j00sol.dat)
1990-11-14,1990-11-14T06:09:55,2448209.75689,68.5611583333,22.7746944444,70.3032004013,,288,USNO W2J00 compatibility alias,USNO W2J00 Transit Circle Catalog (VizieR I/334 w2j00sol.dat)
1990-11-19,1990-11-19T05:42:42,2448214.73799,66.6655166667,22.7668166667,68.5740787535,,289,USNO W2J00 compatibility alias,USNO W2J00 Transit Circle Catalog (VizieR I/334 w2j00sol.dat)
1990-11-21,1990-11-21T05:31:37,2448216.73030,65.8633333333,22.7485750000,67.8408392434,,290,USNO W2J00 compatibility alias,USNO W2J00 Transit Circle Catalog (VizieR I/334 w2j00sol.dat)
1990-11-22,1990-11-22T05:26:05,2448217.72645,65.4565250000,22.7362527778,67.4686400902,,291,USNO W2J00 compatibility alias,USNO W2J00 Transit Circle Catalog (VizieR I/334 w2j00sol.dat)
1990-11-24,1990-11-24T05:14:57,2448219.71872,64.6362541667,22.7055694444,66.7174339822,,292,USNO W2J00 compatibility alias,USNO W2J00 Transit Circle Catalog (VizieR I/334 w2j00sol.dat)
1990-11-26,1990-11-26T05:03:47,2448221.71097,63.8133708333,22.6675333333,65.9628827720,,293,USNO W2J00 compatibility alias,USNO W2J00 Transit Circle Catalog (VizieR I/334 w2j00sol.dat)
1990-11-28,1990-11-28T04:52:40,2448223.70325,62.9954416667,22.6228277778,65.2118875143,,294,USNO W2J00 compatibility alias,USNO W2J00 Transit Circle Catalog (VizieR I/334 w2j00sol.dat)
1990-11-30,1990-11-30T04:41:36,2448225.69556,62.1900166667,22.5722277778,64.4713505287,,295,USNO W2J00 compatibility alias,USNO W2J00 Transit Circle Catalog (VizieR I/334 w2j00sol.dat)
1990-12-01,1990-12-01T04:36:04,2448226.69172,61.7936541667,22.5451138889,64.1065568867,,296,USNO W2J00 compatibility alias,USNO W2J00 Transit Circle Catalog (VizieR I/334 w2j00sol.dat)
1990-12-02,1990-12-02T04:30:36,2448227.68792,61.4031875000,22.5171583333,63.7469779758,,297,USNO W2J00 compatibility alias,USNO W2J00 Transit Circle Catalog (VizieR I/334 w2j00sol.dat)
1990-12-05,1990-12-05T04:14:17,2448230.67659,60.2721583333,22.4282194444,62.7039716831,,298,USNO W2J00 compatibility alias,USNO W2J00 Transit Circle Catalog (VizieR I/334 w2j00sol.dat)
1990-12-06,1990-12-06T04:08:55,2448231.67286,59.9111000000,22.3975944444,62.3705878412,,299,USNO W2J00 compatibility alias,USNO W2J00 Transit Circle Catalog (VizieR I/334 w2j00sol.dat)
1990-12-07,1990-12-07T04:03:34,2448232.66915,59.5590500000,22.3667083333,62.0453173882,,300,USNO W2J00 compatibility alias,USNO W2J00 Transit Circle Catalog (VizieR I/334 w2j00sol.dat)
1990-12-09,1990-12-09T03:53:01,2448234.66182,58.8846625000,22.3049861111,61.4217013758,,301,USNO W2J00 compatibility alias,USNO W2J00 Transit Circle Catalog (VizieR I/334 w2j00sol.dat)
1990-12-10,1990-12-10T03:47:48,2448235.65820,58.5635125000,22.2743527778,61.1244656585,,302,USNO W2J00 compatibility alias,USNO W2J00 Transit Circle Catalog (VizieR I/334 w2j00sol.dat)
1990-12-11,1990-12-11T03:42:39,2448236.65462,58.2537875000,22.2440500000,60.8376381125,,303,USNO W2J00 compatibility alias,USNO W2J00 Transit Circle Catalog (VizieR I/334 w2j00sol.dat)
1990-12-12,1990-12-12T03:37:31,2448237.65106,57.9557708333,22.2145416667,60.5615707873,,304,USNO W2J00 compatibility alias,USNO W2J00 Transit Circle Catalog (VizieR I/334 w2j00sol.dat)
1990-12-13,1990-12-13T03:32:27,2448238.64754,57.6703125000,22.1854888889,60.2969608539,,305,USNO W2J00 compatibility alias,USNO W2J00 Transit Circle Catalog (VizieR I/334 w2j00sol.dat)
1990-12-15,1990-12-15T03:22:27,2448240.64060,57.1382791667,22.1307361111,59.8036275255,,306,USNO W2J00 compatibility alias,USNO W2J00 Transit Circle Catalog (VizieR I/334 w2j00sol.dat)
1990-12-20,1990-12-20T02:58:28,2448245.62394,56.0490916667,22.0170166667,58.7932011392,,307,USNO W2J00 compatibility alias,USNO W2J00 Transit Circle Catalog (VizieR I/334 w2j00sol.dat)
1990-12-25,1990-12-25T02:35:54,2448250.60827,55.3226500000,21.9474472222,58.1206365893,,308,USNO W2J00 compatibility alias,USNO W2J00 Transit Circle Catalog (VizieR I/334 w2j00sol.dat)
1990-12-26,1990-12-26T02:31:34,2448251.60526,55.2217500000,21.9396638889,58.0276470687,,309,USNO W2J00 compatibility alias,USNO W2J00 Transit Circle Catalog (VizieR I/334 w2j00sol.dat)
1990-12-27,1990-12-27T02:27:18,2448252.60230,55.1355875000,21.9339916667,57.9484633160,,310,USNO W2J00 compatibility alias,USNO W2J00 Transit Circle Catalog (VizieR I/334 w2j00sol.dat)
1991-01-02,1991-01-02T02:02:49,2448258.58530,54.9183583333,21.9471111111,57.7551197394,,311,USNO W2J00 compatibility alias,USNO W2J00 Transit Circle Catalog (VizieR I/334 w2j00sol.dat)
1991-01-03,1991-01-03T01:58:57,2448259.58261,54.9306583333,21.9570805556,57.7685175254,,312,USNO W2J00 compatibility alias,USNO W2J00 Transit Circle Catalog (VizieR I/334 w2j00sol.dat)
1991-01-05,1991-01-05T01:51:21,2448261.57733,54.9953666667,21.9835694444,57.8330473428,,313,USNO W2J00 compatibility alias,USNO W2J00 Transit Circle Catalog (VizieR I/334 w2j00sol.dat)
1991-01-11,1991-01-11T01:29:45,2448267.56233,55.4966500000,22.1143750000,58.3156466371,,314,USNO W2J00 compatibility alias,USNO W2J00 Transit Circle Catalog (VizieR I/334 w2j00sol.dat)
1991-01-14,1991-01-14T01:19:37,2448270.55530,55.9115500000,22.2069416667,58.7112142958,,315,USNO W2J00 compatibility alias,USNO W2J00 Transit Circle Catalog (VizieR I/334 w2j00sol.dat)
1991-01-15,1991-01-15T01:16:19,2448271.55300,56.0728625000,22.2416166667,58.8646488039,,316,USNO W2J00 compatibility alias,USNO W2J00 Transit Circle Catalog (VizieR I/334 w2j00sol.dat)
1991-01-16,1991-01-16T01:13:05,2448272.55076,56.2453041667,22.2778583333,59.0284456941,,317,USNO W2J00 compatibility alias,USNO W2J00 Transit Circle Catalog (VizieR I/334 w2j00sol.dat)
1991-01-18,1991-01-18T01:06:44,2448274.54635,56.6229875000,22.3556083333,59.3866970495,,318,USNO W2J00 compatibility alias,USNO W2J00 Transit Circle Catalog (VizieR I/334 w2j00sol.dat)
1991-01-19,1991-01-19T01:03:37,2448275.54418,56.8277791667,22.3970888889,59.5807253752,,319,USNO W2J00 compatibility alias,USNO W2J00 Transit Circle Catalog (VizieR I/334 w2j00sol.dat)
1991-01-23,1991-01-23T00:51:33,2448279.53581,57.7484083333,22.5760972222,60.4507041961,,320,USNO W2J00 compatibility alias,USNO W2J00 Transit Circle Catalog (VizieR I/334 w2j00sol.dat)
1991-01-24,1991-01-24T00:48:39,2448280.53379,58.0028208333,22.6242361111,60.6906548596,,321,USNO W2J00 compatibility alias,USNO W2J00 Transit Circle Catalog (VizieR I/334 w2j00sol.dat)
1991-01-25,1991-01-25T00:45:45,2448281.53178,58.2664625000,22.6734666667,60.9390915473,,322,USNO W2J00 compatibility alias,USNO W2J00 Transit Circle Catalog (VizieR I/334 w2j00sol.dat)
1991-01-26,1991-01-26T00:42:54,2448282.52980,58.5392791667,22.7236250000,61.1959249189,,323,USNO W2J00 compatibility alias,USNO W2J00 Transit Circle Catalog (VizieR I/334 w2j00sol.dat)
1991-01-27,1991-01-27T00:40:07,2448283.52786,58.8209291667,22.7750638889,61.4609134592,,324,USNO W2J00 compatibility alias,USNO W2J00 Transit Circle Catalog (VizieR I/334 w2j00sol.dat)
1991-01-28,1991-01-28T00:37:20,2448284.52593,59.1111875000,22.8273888889,61.7337655157,,325,USNO W2J00 compatibility alias,USNO W2J00 Transit Circle Catalog (VizieR I/334 w2j00sol.dat)
1991-01-29,1991-01-29T00:34:35,2448285.52402,59.4097416667,22.8803583333,62.0141438973,,326,USNO W2J00 compatibility alias,USNO W2J00 Transit Circle Catalog (VizieR I/334 w2j00sol.dat)
1991-02-01,1991-02-01T00:26:34,2448288.51845,60.3541875000,23.0443194444,62.8997257861,,327,USNO W2J00 compatibility alias,USNO W2J00 Transit Circle Catalog (VizieR I/334 w2j00sol.dat)
1991-02-03,1991-02-03T00:21:22,2448290.51484,61.0223125000,23.1565833333,63.5248972913,,328,USNO W2J00 compatibility alias,USNO W2J00 Transit Circle Catalog (VizieR I/334 w2j00sol.dat)
1991-02-04,1991-02-04T00:18:49,2448291.51307,61.3673541667,23.2133388889,63.8473380755,,329,USNO W2J00 compatibility alias,USNO W2J00 Transit Circle Catalog (VizieR I/334 w2j00sol.dat)
1991-02-09,1991-02-09T00:06:27,2448296.50449,63.1990375000,23.5021194444,65.5546909594,,330,USNO W2J00 compatibility alias,USNO W2J00 Transit Circle Catalog (VizieR I/334 w2j00sol.dat)
1991-02-10,1991-02-10T00:04:05,2448297.50284,63.5855583333,23.5603000000,65.9140553405,,331,USNO W2J00 compatibility alias,USNO W2J00 Transit Circle Catalog (VizieR I/334 w2j00sol.dat)
1991-02-11,1991-02-11T00:01:42,2448298.50119,63.9782916667,23.6185527778,66.2788989532,,332,USNO W2J00 compatibility alias,USNO W2J00 Transit Circle Catalog (VizieR I/334 w2j00sol.dat)
1991-02-11,1991-02-11T23:59:22,2448299.49957,64.3776291667,23.6766000000,66.6495244902,,333,USNO W2J00 compatibility alias,USNO W2J00 Transit Circle Catalog (VizieR I/334 w2j00sol.dat)
1991-02-12,1991-02-12T23:57:03,2448300.49796,64.7830291667,23.7348750000,67.0255153745,,334,USNO W2J00 compatibility alias,USNO W2J00 Transit Circle Catalog (VizieR I/334 w2j00sol.dat)
1991-02-14,1991-02-14T23:52:29,2448302.49479,65.6117416667,23.8502750000,67.7930250550,,335,USNO W2J00 compatibility alias,USNO W2J00 Transit Circle Catalog (VizieR I/334 w2j00sol.dat)
1991-02-15,1991-02-15T23:50:15,2448303.49323,66.0347666667,23.9077250000,68.1843371192,,336,USNO W2J00 compatibility alias,USNO W2J00 Transit Circle Catalog (VizieR I/334 w2j00sol.dat)
1991-02-16,1991-02-16T23:48:02,2448304.49169,66.4638250000,23.9646444444,68.5808566566,,337,USNO W2J00 compatibility alias,USNO W2J00 Transit Circle Catalog (VizieR I/334 w2j00sol.dat)
1991-02-21,1991-02-21T23:37:14,2448309.48420,68.6888666667,24.2419805556,70.6320025023,,338,USNO W2J00 compatibility alias,USNO W2J00 Transit Circle Catalog (VizieR I/334 w2j00sol.dat)
1991-02-23,1991-02-23T23:33:04,2448311.48130,69.6144375000,24.3486027778,71.4828331884,,339,USNO W2J00 compatibility alias,USNO W2J00 Transit Circle Catalog (VizieR I/334 w2j00sol.dat)
1991-02-26,1991-02-26T23:26:57,2448314.47706,71.0372250000,24.5019083333,72.7880969113,,340,USNO W2J00 compatibility alias,USNO W2J00 Transit Circle Catalog (VizieR I/334 w2j00sol.dat)
1991-02-27,1991-02-27T23:24:57,2448315.47566,71.5202791667,24.5512416667,73.2305870351,,341,USNO W2J00 compatibility alias,USNO W2J00 Transit Circle Catalog (VizieR I/334 w2j00sol.dat)
1991-02-28,1991-02-28T23:22:57,2448316.47428,72.0074333333,24.5994138889,73.6764839063,,342,USNO W2J00 compatibility alias,USNO W2J00 Transit Circle Catalog (VizieR I/334 w2j00sol.dat)
1991-03-01,1991-03-01T23:21:00,2448317.47292,72.4987500000,24.6466444444,74.1258770229,,343,USNO W2J00 compatibility alias,USNO W2J00 Transit Circle Catalog (VizieR I/334 w2j00sol.dat)
1991-03-02,1991-03-02T23:19:02,2448318.47156,72.9943958333,24.6926055556,74.5788833432,,344,USNO W2J00 compatibility alias,USNO W2J00 Transit Circle Catalog (VizieR I/334 w2j00sol.dat)
1991-03-05,1991-03-05T23:13:16,2448321.46755,74.5032750000,24.8239916667,75.9561375195,,345,USNO W2J00 compatibility alias,USNO W2J00 Transit Circle Catalog (VizieR I/334 w2j00sol.dat)
1991-03-08,1991-03-08T23:07:37,2448324.46363,76.0467333333,24.9435583333,77.3621771300,,346,USNO W2J00 compatibility alias,USNO W2J00 Transit Circle Catalog (VizieR I/334 w2j00sol.dat)
1991-03-11,1991-03-11T23:02:06,2448327.45980,77.6212333333,25.0506194444,78.7939769816,,347,USNO W2J00 compatibility alias,USNO W2J00 Transit Circle Catalog (VizieR I/334 w2j00sol.dat)
1992-07-06,1992-07-06T20:22:50,2448810.34919,43.9472916667,15.6330750000,46.0950025337,,348,USNO W2J00 compatibility alias,USNO W2J00 Transit Circle Catalog (VizieR I/334 w2j00sol.dat)
1992-07-27,1992-07-27T19:59:17,2448831.33284,58.7405458333,19.4812888889,60.7081205100,,349,USNO W2J00 compatibility alias,USNO W2J00 Transit Circle Catalog (VizieR I/334 w2j00sol.dat)
1992-07-31,1992-07-31T19:54:45,2448835.32969,61.5455000000,20.0671944444,63.4116542831,,350,USNO W2J00 compatibility alias,USNO W2J00 Transit Circle Catalog (VizieR I/334 w2j00sol.dat)
1992-08-15,1992-08-15T19:37:14,2448850.31753,71.9436166667,21.8297388889,73.2772320402,,351,USNO W2J00 compatibility alias,USNO W2J00 Transit Circle Catalog (VizieR I/334 w2j00sol.dat)
1992-08-17,1992-08-17T19:34:50,2448852.31586,73.3108083333,22.0130361111,74.5584192254,,352,USNO W2J00 compatibility alias,USNO W2J00 Transit Circle Catalog (VizieR I/334 w2j00sol.dat)
1992-08-22,1992-08-22T19:28:42,2448857.31160,76.7012958333,22.4199972222,77.7224623210,,353,USNO W2J00 compatibility alias,USNO W2J00 Transit Circle Catalog (VizieR I/334 w2j00sol.dat)
1992-08-23,1992-08-23T19:27:27,2448858.31074,77.3742708333,22.4925666667,78.3484194094,,354,USNO W2J00 compatibility alias,USNO W2J00 Transit Circle Catalog (VizieR I/334 w2j00sol.dat)
1992-09-04,1992-09-04T19:11:48,2448870.29987,85.2774125000,23.1476361111,85.6583334873,,355,USNO W2J00 compatibility alias,USNO W2J00 Transit Circle Catalog (VizieR I/334 w2j00sol.dat)
1992-09-07,1992-09-07T19:07:39,2448873.29699,87.1957500000,23.2522416667,87.4236730786,,356,USNO W2J00 compatibility alias,USNO W2J00 Transit Circle Catalog (VizieR I/334 w2j00sol.dat)
1992-09-29,1992-09-29T11:14:47,2448894.96860,100.1538208333,23.4290277778,99.3090247409,,357,USNO W2J00 compatibility alias,USNO W2J00 Transit Circle Catalog (VizieR I/334 w2j00sol.dat)
1992-09-30,1992-09-30T11:13:03,2448895.96740,100.7034500000,23.4176805556,99.8128763529,,358,USNO W2J00 compatibility alias,USNO W2J00 Transit Circle Catalog (VizieR I/334 w2j00sol.dat)
1992-10-01,1992-10-01T11:11:17,2448896.96618,101.2483500000,23.4048583333,100.3124623605,,359,USNO W2J00 compatibility alias,USNO W2J00 Transit Circle Catalog (VizieR I/334 w2j00sol.dat)
1992-10-02,1992-10-02T11:09:30,2448897.96494,101.7882375000,23.3907666667,100.8075190355,,360,USNO W2J00 compatibility alias,USNO W2J00 Transit Circle Catalog (VizieR I/334 w2j00sol.dat)
1992-10-03,1992-10-03T11:07:41,2448898.96368,102.3227958333,23.3756166667,101.2977489122,,361,USNO W2J00 compatibility alias,USNO W2J00 Transit Circle Catalog (VizieR I/334 w2j00sol.dat)
1992-10-04,1992-10-04T18:24:35,2448900.26708,103.0118333333,23.3542638889,101.9297525366,,362,USNO W2J00 compatibility alias,USNO W2J00 Transit Circle Catalog (VizieR I/334 w2j00sol.dat)
1992-10-05,1992-10-05T11:04:02,2448900.96114,103.3766833333,23.3420750000,102.2644599931,,363,USNO W2J00 compatibility alias,USNO W2J00 Transit Circle Catalog (VizieR I/334 w2j00sol.dat)
1992-10-07,1992-10-07T11:00:17,2448902.95854,104.4092291667,23.3046611111,103.2119033485,,364,USNO W2J00 compatibility alias,USNO W2J00 Transit Circle Catalog (VizieR I/334 w2j00sol.dat)
1992-10-08,1992-10-08T10:58:23,2448903.95722,104.9172041667,23.2847777778,103.6781204837,,365,USNO W2J00 compatibility alias,USNO W2J00 Transit Circle Catalog (VizieR I/334 w2j00sol.dat)
1992-10-10,1992-10-10T10:54:31,2448905.95453,105.9161750000,23.2426444444,104.5952259353,,366,USNO W2J00 compatibility alias,USNO W2J00 Transit Circle Catalog (VizieR I/334 w2j00sol.dat)
1992-10-12,1992-10-12T10:50:32,2448907.95177,106.8917458333,23.1978138889,105.4911855463,,367,USNO W2J00 compatibility alias,USNO W2J00 Transit Circle Catalog (VizieR I/334 w2j00sol.dat)
1992-10-13,1992-10-13T10:48:31,2448908.95037,107.3705541667,23.1748833333,105.9310052713,,368,USNO W2J00 compatibility alias,USNO W2J00 Transit Circle Catalog (VizieR I/334 w2j00sol.dat)
1992-10-15,1992-10-15T10:44:23,2448910.94750,108.3097250000,23.1271805556,106.7939891084,,369,USNO W2J00 compatibility alias,USNO W2J00 Transit Circle Catalog (VizieR I/334 w2j00sol.dat)
1992-10-16,1992-10-16T10:42:18,2448911.94605,108.7693333333,23.1032500000,107.2163677597,,370,USNO W2J00 compatibility alias,USNO W2J00 Transit Circle Catalog (VizieR I/334 w2j00sol.dat)
1992-10-17,1992-10-17T10:40:11,2448912.94458,109.2231750000,23.0790555556,107.6335062199,,371,USNO W2J00 compatibility alias,USNO W2J00 Transit Circle Catalog (VizieR I/334 w2j00sol.dat)
1992-10-20,1992-10-20T10:33:39,2448915.94004,110.5424416667,23.0059888889,108.8463679337,,372,USNO W2J00 compatibility alias,USNO W2J00 Transit Circle Catalog (VizieR I/334 w2j00sol.dat)
1992-10-22,1992-10-22T10:29:09,2448917.93692,111.3864583333,22.9581055556,109.6223978428,,373,USNO W2J00 compatibility alias,USNO W2J00 Transit Circle Catalog (VizieR I/334 w2j00sol.dat)
1992-10-23,1992-10-23T10:26:51,2448918.93532,111.7972666667,22.9346055556,110.0001182565,,374,USNO W2J00 compatibility alias,USNO W2J00 Transit Circle Catalog (VizieR I/334 w2j00sol.dat)
1992-10-24,1992-10-24T10:24:32,2448919.93371,112.2003916667,22.9113250000,110.3707889984,,375,USNO W2J00 compatibility alias,USNO W2J00 Transit Circle Catalog (VizieR I/334 w2j00sol.dat)
1992-10-26,1992-10-26T10:19:48,2448921.93042,112.9830208333,22.8669527778,111.0902263357,,376,USNO W2J00 compatibility alias,USNO W2J00 Transit Circle Catalog (VizieR I/334 w2j00sol.dat)
1992-10-30,1992-10-30T17:28:24,2448926.22806,114.5560166667,22.7813083333,112.5353206088,,377,USNO W2J00 compatibility alias,USNO W2J00 Transit Circle Catalog (VizieR I/334 w2j00sol.dat)
1992-11-01,1992-11-01T17:23:15,2448928.22448,115.2326750000,22.7477305556,113.1562329787,,378,USNO W2J00 compatibility alias,USNO W2J00 Transit Circle Catalog (VizieR I/334 w2j00sol.dat)
1992-11-06,1992-11-06T17:09:41,2448933.21506,116.7635666667,22.6859861111,114.5579051676,,379,USNO W2J00 compatibility alias,USNO W2J00 Transit Circle Catalog (VizieR I/334 w2j00sol.dat)
1992-11-09,1992-11-09T09:42:43,2448935.90467,117.4881166667,22.6687388889,115.2187153453,,380,USNO W2J00 compatibility alias,USNO W2J00 Transit Circle Catalog (VizieR I/334 w2j00sol.dat)
1992-11-10,1992-11-10T09:39:47,2448936.90263,117.7379375000,22.6658833333,115.4459020260,,381,USNO W2J00 compatibility alias,USNO W2J00 Transit Circle Catalog (VizieR I/334 w2j00sol.dat)
1992-11-11,1992-11-11T09:36:49,2448937.90057,117.9773666667,22.6647861111,115.6632823308,,382,USNO W2J00 compatibility alias,USNO W2J00 Transit Circle Catalog (VizieR I/334 w2j00sol.dat)
1992-11-14,1992-11-14T09:27:37,2448940.89418,118.6296750000,22.6737111111,116.2529721747,,383,USNO W2J00 compatibility alias,USNO W2J00 Transit Circle Catalog (VizieR I/334 w2j00sol.dat)
1992-11-16,1992-11-16T09:21:16,2448942.88977,119.0079500000,22.6910000000,116.5923662193,,384,USNO W2J00 compatibility alias,USNO W2J00 Transit Circle Catalog (VizieR I/334 w2j00sol.dat)
1992-11-17,1992-11-17T09:18:00,2448943.88751,119.1792125000,22.7032000000,116.7451025285,,385,USNO W2J00 compatibility alias,USNO W2J00 Transit Circle Catalog (VizieR I/334 w2j00sol.dat)
1992-11-22,1992-11-22T16:19:12,2448949.18001,119.8794875000,22.8113666667,117.3574838169,,386,USNO W2J00 compatibility alias,USNO W2J00 Transit Circle Catalog (VizieR I/334 w2j00sol.dat)
1992-11-27,1992-11-27T08:42:43,2448953.86300,120.1888000000,22.9727111111,117.6047658704,,387,USNO W2J00 compatibility alias,USNO W2J00 Transit Circle Catalog (VizieR I/334 w2j00sol.dat)
1992-11-27,1992-11-27T16:00:50,2448954.16725,120.1981500000,22.9851722222,117.6107096533,,388,USNO W2J00 compatibility alias,USNO W2J00 Transit Circle Catalog (VizieR I/334 w2j00sol.dat)
1992-11-28,1992-11-28T15:56:59,2448955.16458,120.2200791667,23.0289138889,117.6217323620,,389,USNO W2J00 compatibility alias,USNO W2J00 Transit Circle Catalog (VizieR I/334 w2j00sol.dat)
1992-11-30,1992-11-30T08:31:05,2448956.85492,120.2244333333,23.1095527778,117.6094840674,,390,USNO W2J00 compatibility alias,USNO W2J00 Transit Circle Catalog (VizieR I/334 w2j00sol.dat)
1992-12-03,1992-12-03T08:18:54,2448959.84646,120.1293208333,23.2725166667,117.4910858728,,391,USNO W2J00 compatibility alias,USNO W2J00 Transit Circle Catalog (VizieR I/334 w2j00sol.dat)
1992-12-06,1992-12-06T08:06:11,2448962.83763,119.9009958333,23.4612638889,117.2478105911,,392,USNO W2J00 compatibility alias,USNO W2J00 Transit Circle Catalog (VizieR I/334 w2j00sol.dat)
1992-12-07,1992-12-07T15:19:45,2448964.13872,119.7598125000,23.5507416667,117.1030046605,,393,USNO W2J00 compatibility alias,USNO W2J00 Transit Circle Catalog (VizieR I/334 w2j00sol.dat)
1992-12-14,1992-12-14T07:29:40,2448970.81227,118.6308041667,24.0770916667,115.9859803152,,394,USNO W2J00 compatibility alias,USNO W2J00 Transit Circle Catalog (VizieR I/334 w2j00sol.dat)
1992-12-14,1992-12-14T14:47:27,2448971.11629,118.5640791667,24.1031250000,115.9211195745,,395,USNO W2J00 compatibility alias,USNO W2J00 Transit Circle Catalog (VizieR I/334 w2j00sol.dat)
1992-12-15,1992-12-15T14:42:37,2448972.11293,118.3332750000,24.1902222222,115.6974549223,,396,USNO W2J00 compatibility alias,USNO W2J00 Transit Circle Catalog (VizieR I/334 w2j00sol.dat)
1992-12-18,1992-12-18T14:27:42,2448975.10258,117.5546583333,24.4621638889,114.9484208419,,397,USNO W2J00 compatibility alias,USNO W2J00 Transit Circle Catalog (VizieR I/334 w2j00sol.dat)
1992-12-20,1992-12-20T14:17:30,2448977.09549,116.9661041667,24.6490111111,114.3869854933,,398,USNO W2J00 compatibility alias,USNO W2J00 Transit Circle Catalog (VizieR I/334 w2j00sol.dat)
1992-12-21,1992-12-21T06:54:38,2448977.78795,116.7485166667,24.7148916667,114.1802657150,,399,USNO W2J00 compatibility alias,USNO W2J00 Transit Circle Catalog (VizieR I/334 w2j00sol.dat)
1992-12-21,1992-12-21T14:12:20,2448978.09190,116.6521791667,24.7435722222,114.0888710594,,400,USNO W2J00 compatibility alias,USNO W2J00 Transit Circle Catalog (VizieR I/334 w2j00sol.dat)
1992-12-22,1992-12-22T06:49:25,2448978.78432,116.4260208333,24.8099111111,113.8745958554,,401,USNO W2J00 compatibility alias,USNO W2J00 Transit Circle Catalog (VizieR I/334 w2j00sol.dat)
1992-12-22,1992-12-22T14:07:04,2448979.08825,116.3255541667,24.8388416667,113.7795493535,,402,USNO W2J00 compatibility alias,USNO W2J00 Transit Circle Catalog (VizieR I/334 w2j00sol.dat)
1992-12-24,1992-12-24T13:56:28,2448981.08089,115.6364583333,25.0298666667,113.1296572966,,403,USNO W2J00 compatibility alias,USNO W2J00 Transit Circle Catalog (VizieR I/334 w2j00sol.dat)
1992-12-28,1992-12-28T13:34:45,2448985.06580,114.1318166667,25.4070361111,111.7215256353,,404,USNO W2J00 compatibility alias,USNO W2J00 Transit Circle Catalog (VizieR I/334 w2j00sol.dat)
1992-12-31,1992-12-31T06:00:31,2448987.75037,113.0409166667,25.6518027778,110.7084608388,,405,USNO W2J00 compatibility alias,USNO W2J00 Transit Circle Catalog (VizieR I/334 w2j00sol.dat)
1993-01-05,1993-01-05T12:49:56,2448993.03468,110.7817916667,26.0923833333,108.6280052510,,406,USNO W2J00 compatibility alias,USNO W2J00 Transit Circle Catalog (VizieR I/334 w2j00sol.dat)
1993-01-06,1993-01-06T05:26:43,2448993.72689,110.4789791667,26.1450861111,108.3507340647,,407,USNO W2J00 compatibility alias,USNO W2J00 Transit Circle Catalog (VizieR I/334 w2j00sol.dat)
1993-01-07,1993-01-07T12:38:35,2448995.02680,109.9118583333,26.2399722222,107.8323603097,,408,USNO W2J00 compatibility alias,USNO W2J00 Transit Circle Catalog (VizieR I/334 w2j00sol.dat)
1993-01-08,1993-01-08T12:32:55,2448996.02287,109.4772208333,26.3094805556,107.4358416310,,409,USNO W2J00 compatibility alias,USNO W2J00 Transit Circle Catalog (VizieR I/334 w2j00sol.dat)
1993-01-09,1993-01-09T12:27:15,2448997.01893,109.0431916667,26.3762888889,107.0404899602,,410,USNO W2J00 compatibility alias,USNO W2J00 Transit Circle Catalog (VizieR I/334 w2j00sol.dat)
1993-01-20,1993-01-20T04:08:35,2449007.67263,104.6912333333,26.8801500000,103.1081927509,,411,USNO W2J00 compatibility alias,USNO W2J00 Transit Circle Catalog (VizieR I/334 w2j00sol.dat)
1993-01-20,1993-01-20T11:26:12,2449007.97653,104.5808250000,26.8893055556,103.0090417795,,412,USNO W2J00 compatibility alias,USNO W2J00 Transit Circle Catalog (VizieR I/334 w2j00sol.dat)
1993-01-21,1993-01-21T04:03:12,2449008.66890,104.3309125000,26.9079277778,102.7848463255,,413,USNO W2J00 compatibility alias,USNO W2J00 Transit Circle Catalog (VizieR I/334 w2j00sol.dat)
1993-01-24,1993-01-24T11:05:03,2449011.96185,103.2211500000,26.9765055556,101.7909653430,,414,USNO W2J00 compatibility alias,USNO W2J00 Transit Circle Catalog (VizieR I/334 w2j00sol.dat)
1993-01-26,1993-01-26T03:37:03,2449013.65074,102.7035458333,26.9992527778,101.3283769246,,415,USNO W2J00 compatibility alias,USNO W2J00 Transit Circle Catalog (VizieR I/334 w2j00sol.dat)
1993-01-27,1993-01-27T03:31:59,2449014.64722,102.4163875000,27.0086500000,101.0720345592,,416,USNO W2J00 compatibility alias,USNO W2J00 Transit Circle Catalog (VizieR I/334 w2j00sol.dat)
1993-01-28,1993-01-28T03:26:58,2449015.64373,102.1428750000,27.0155361111,100.8280478275,,417,USNO W2J00 compatibility alias,USNO W2J00 Transit Circle Catalog (VizieR I/334 w2j00sol.dat)
1993-01-29,1993-01-29T03:22:00,2449016.64028,101.8834458333,27.0197250000,100.5968109992,,418,USNO W2J00 compatibility alias,USNO W2J00 Transit Circle Catalog (VizieR I/334 w2j00sol.dat)
1993-01-30,1993-01-30T03:17:05,2449017.63687,101.6381833333,27.0213833333,100.3783745033,,419,USNO W2J00 compatibility alias,USNO W2J00 Transit Circle Catalog (VizieR I/334 w2j00sol.dat)
1993-01-30,1993-01-30T10:34:52,2449017.94088,101.5666083333,27.0211972222,100.3146781805,,420,USNO W2J00 compatibility alias,USNO W2J00 Transit Circle Catalog (VizieR I/334 w2j00sol.dat)
1993-01-31,1993-01-31T03:12:14,2449018.63350,101.4073833333,27.0207722222,100.1729726713,,421,USNO W2J00 compatibility alias,USNO W2J00 Transit Circle Catalog (VizieR I/334 w2j00sol.dat)
1993-02-02,1993-02-02T03:02:43,2449020.62689,100.9896000000,27.0130000000,99.8016121050,,422,USNO W2J00 compatibility alias,USNO W2J00 Transit Circle Catalog (VizieR I/334 w2j00sol.dat)
1993-02-03,1993-02-03T02:58:02,2449021.62364,100.8030708333,27.0061416667,99.6360266168,,423,USNO W2J00 compatibility alias,USNO W2J00 Transit Circle Catalog (VizieR I/334 w2j00sol.dat)
1993-02-05,1993-02-05T02:48:51,2449023.61726,100.4744125000,26.9862694444,99.3447607981,,424,USNO W2J00 compatibility alias,USNO W2J00 Transit Circle Catalog (VizieR I/334 w2j00sol.dat)
1993-02-06,1993-02-06T02:44:21,2449024.61414,100.3323041667,26.9738611111,99.2190536140,,425,USNO W2J00 compatibility alias,USNO W2J00 Transit Circle Catalog (VizieR I/334 w2j00sol.dat)
1993-02-08,1993-02-08T02:35:32,2449026.60801,100.0924875000,26.9440361111,99.0074650411,,426,USNO W2J00 compatibility alias,USNO W2J00 Transit Circle Catalog (VizieR I/334 w2j00sol.dat)
1993-02-08,1993-02-08T09:53:28,2449026.91214,100.0611458333,26.9389055556,98.9798897200,,427,USNO W2J00 compatibility alias,USNO W2J00 Transit Circle Catalog (VizieR I/334 w2j00sol.dat)
1993-02-09,1993-02-09T02:31:13,2449027.60502,99.9945041667,26.9268138889,98.9213298730,,428,USNO W2J00 compatibility alias,USNO W2J00 Transit Circle Catalog (VizieR I/334 w2j00sol.dat)
1993-02-10,1993-02-10T02:26:57,2449028.60205,99.9110166667,26.9082472222,98.8481842668,,429,USNO W2J00 compatibility alias,USNO W2J00 Transit Circle Catalog (VizieR I/334 w2j00sol.dat)
1993-02-11,1993-02-11T02:22:44,2449029.59913,99.8422583333,26.8883805556,98.7882378042,,430,USNO W2J00 compatibility alias,USNO W2J00 Transit Circle Catalog (VizieR I/334 w2j00sol.dat)
1993-02-15,1993-02-15T02:06:29,2449033.58784,99.7090791667,26.7964083333,98.6756714460,,431,USNO W2J00 compatibility alias,USNO W2J00 Transit Circle Catalog (VizieR I/334 w2j00sol.dat)
1993-02-15,1993-02-15T09:24:33,2449033.89205,99.7080458333,26.7885694444,98.6752772521,,432,USNO W2J00 compatibility alias,USNO W2J00 Transit Circle Catalog (VizieR I/334 w2j00sol.dat)
1993-02-16,1993-02-16T09:20:38,2449034.88933,99.7141583333,26.7628166667,98.6824678850,,433,USNO W2J00 compatibility alias,USNO W2J00 Transit Circle Catalog (VizieR I/334 w2j00sol.dat)
1993-02-19,1993-02-19T01:51:06,2449037.57716,99.7974333333,26.6873500000,98.7619290351,,434,USNO W2J00 compatibility alias,USNO W2J00 Transit Circle Catalog (VizieR I/334 w2j00sol.dat)
1993-02-20,1993-02-20T01:47:24,2449038.57459,99.8529583333,26.6576083333,98.8135513252,,435,USNO W2J00 compatibility alias,USNO W2J00 Transit Circle Catalog (VizieR I/334 w2j00sol.dat)
1993-02-23,1993-02-23T01:36:34,2449041.56707,100.0961291667,26.5630027778,99.0373882807,,436,USNO W2J00 compatibility alias,USNO W2J00 Transit Circle Catalog (VizieR I/334 w2j00sol.dat)
1993-02-25,1993-02-25T01:29:36,2449043.56223,100.3202791667,26.4955388889,99.2425642685,,437,USNO W2J00 compatibility alias,USNO W2J00 Transit Circle Catalog (VizieR I/334 w2j00sol.dat)
1993-02-25,1993-02-25T08:47:49,2449043.86654,100.3583500000,26.4850638889,99.2773605450,,438,USNO W2J00 compatibility alias,USNO W2J00 Transit Circle Catalog (VizieR I/334 w2j00sol.dat)
1993-02-28,1993-02-28T01:19:31,2449046.55522,100.7449458333,26.3876055556,99.6303185421,,439,USNO W2J00 compatibility alias,USNO W2J00 Transit Circle Catalog (VizieR I/334 w2j00sol.dat)
1993-02-28,1993-02-28T08:37:45,2449046.85955,100.7935666667,26.3763500000,99.6746663314,,440,USNO W2J00 compatibility alias,USNO W2J00 Transit Circle Catalog (VizieR I/334 w2j00sol.dat)
1993-03-01,1993-03-01T01:16:13,2449047.55293,100.9089833333,26.3500222222,99.7799362554,,441,USNO W2J00 compatibility alias,USNO W2J00 Transit Circle Catalog (VizieR I/334 w2j00sol.dat)
1993-03-01,1993-03-01T08:34:30,2449047.85730,100.9611791667,26.3384361111,99.8275309123,,442,USNO W2J00 compatibility alias,USNO W2J00 Transit Circle Catalog (VizieR I/334 w2j00sol.dat)
1993-03-05,1993-03-05T08:21:52,2449051.84852,101.7366458333,26.1781527778,100.5345161244,,443,USNO W2J00 compatibility alias,USNO W2J00 Transit Circle Catalog (VizieR I/334 w2j00sol.dat)
1993-03-07,1993-03-07T00:57:26,2449053.53989,102.1138708333,26.1062638889,100.8784384659,,444,USNO W2J00 compatibility alias,USNO W2J00 Transit Circle Catalog (VizieR I/334 w2j00sol.dat)
1993-03-08,1993-03-08T00:54:27,2449054.53782,102.3490041667,26.0625500000,101.0928744782,,445,USNO W2J00 compatibility alias,USNO W2J00 Transit Circle Catalog (VizieR I/334 w2j00sol.dat)
1993-03-10,1993-03-10T00:48:34,2449056.53373,102.8459958333,25.9724611111,101.5462902586,,446,USNO W2J00 compatibility alias,USNO W2J00 Transit Circle Catalog (VizieR I/334 w2j00sol.dat)
1993-03-10,1993-03-10T08:06:57,2449056.83816,102.9245541667,25.9582638889,101.6180018119,,447,USNO W2J00 compatibility alias,USNO W2J00 Transit Circle Catalog (VizieR I/334 w2j00sol.dat)
1993-03-12,1993-03-12T00:42:49,2449058.52974,103.3779583333,25.8784083333,102.0319341362,,448,USNO W2J00 compatibility alias,USNO W2J00 Transit Circle Catalog (VizieR I/334 w2j00sol.dat)
1993-03-13,1993-03-13T07:58:24,2449059.83223,103.7426333333,25.8148472222,102.3650805008,,449,USNO W2J00 compatibility alias,USNO W2J00 Transit Circle Catalog (VizieR I/334 w2j00sol.dat)
1993-03-19,1993-03-19T00:23:43,2449065.51648,105.4916208333,25.5160472222,103.9655863571,,450,USNO W2J00 compatibility alias,USNO W2J00 Transit Circle Catalog (VizieR I/334 w2j00sol.dat)
1993-03-19,1993-03-19T07:42:11,2449065.82097,105.5910791667,25.4990888889,104.0567578443,,451,USNO W2J00 compatibility alias,USNO W2J00 Transit Circle Catalog (VizieR I/334 w2j00sol.dat)
1993-03-20,1993-03-20T00:21:08,2449066.51468,105.8229458333,25.4598444444,104.2693394211,,452,USNO W2J00 compatibility alias,USNO W2J00 Transit Circle Catalog (VizieR I/334 w2j00sol.dat)
1993-03-22,1993-03-22T00:15:59,2449068.51110,106.5061416667,25.3433527778,104.8963321960,,453,USNO W2J00 compatibility alias,USNO W2J00 Transit Circle Catalog (VizieR I/334 w2j00sol.dat)
1993-03-23,1993-03-23T00:13:27,2449069.50935,106.8579041667,25.2834055556,105.2194574941,,454,USNO W2J00 compatibility alias,USNO W2J00 Transit Circle Catalog (VizieR I/334 w2j00sol.dat)
1993-03-24,1993-03-24T07:29:27,2449070.81212,107.3254375000,25.2032416667,105.6493017737,,455,USNO W2J00 compatibility alias,USNO W2J00 Transit Circle Catalog (VizieR I/334 w2j00sol.dat)
1993-03-26,1993-03-26T00:06:01,2449072.50418,107.9503083333,25.0953833333,106.2244471138,,456,USNO W2J00 compatibility alias,USNO W2J00 Transit Circle Catalog (VizieR I/334 w2j00sol.dat)
1993-03-26,1993-03-26T07:24:31,2449072.80870,108.0637083333,25.0758777778,106.3288829888,,457,USNO W2J00 compatibility alias,USNO W2J00 Transit Circle Catalog (VizieR I/334 w2j00sol.dat)
1993-03-27,1993-03-27T00:03:35,2449073.50249,108.3263125000,25.0299527778,106.5709027779,,458,USNO W2J00 compatibility alias,USNO W2J00 Transit Circle Catalog (VizieR I/334 w2j00sol.dat)
1993-03-27,1993-03-27T07:22:06,2449073.80702,108.4413750000,25.0098722222,106.6769763823,,459,USNO W2J00 compatibility alias,USNO W2J00 Transit Circle Catalog (VizieR I/334 w2j00sol.dat)
1993-03-29,1993-03-29T07:17:19,2449075.80370,109.2140291667,24.8741694444,107.3899366869,,460,USNO W2J00 compatibility alias,USNO W2J00 Transit Circle Catalog (VizieR I/334 w2j00sol.dat)
1993-04-02,1993-04-02T07:08:00,2449079.79723,110.8220500000,24.5857305556,108.8776241971,,461,USNO W2J00 compatibility alias,USNO W2J00 Transit Circle Catalog (VizieR I/334 w2j00sol.dat)
1993-04-03,1993-04-03T23:44:54,2449081.48952,111.5273291667,24.4556555556,109.5319445891,,462,USNO W2J00 compatibility alias,USNO W2J00 Transit Circle Catalog (VizieR I/334 w2j00sol.dat)
1993-04-04,1993-04-04T23:42:39,2449082.48796,111.9488250000,24.3772805556,109.9234640142,,463,USNO W2J00 compatibility alias,USNO W2J00 Transit Circle Catalog (VizieR I/334 w2j00sol.dat)
1993-04-05,1993-04-05T07:01:14,2449082.79253,112.0776333333,24.3534361111,110.0431527503,,464,USNO W2J00 compatibility alias,USNO W2J00 Transit Circle Catalog (VizieR I/334 w2j00sol.dat)
1993-04-06,1993-04-06T06:58:59,2449083.79097,112.5047458333,24.2727833333,110.4404561868,,465,USNO W2J00 compatibility alias,USNO W2J00 Transit Circle Catalog (VizieR I/334 w2j00sol.dat)
1993-04-07,1993-04-07T23:35:59,2449085.48333,113.2393125000,24.1324777778,111.1246947290,,466,USNO W2J00 compatibility alias,USNO W2J00 Transit Circle Catalog (VizieR I/334 w2j00sol.dat)
1993-04-08,1993-04-08T06:54:35,2449085.78791,113.3715500000,24.1072583333,111.2479588104,,467,USNO W2J00 compatibility alias,USNO W2J00 Transit Circle Catalog (VizieR I/334 w2j00sol.dat)
1993-04-09,1993-04-09T06:52:25,2449086.78641,113.8110125000,24.0217083333,111.6580800606,,468,USNO W2J00 compatibility alias,USNO W2J00 Transit Circle Catalog (VizieR I/334 w2j00sol.dat)
1993-04-12,1993-04-12T06:45:57,2449089.78192,115.1513208333,23.7561944444,112.9116034634,,469,USNO W2J00 compatibility alias,USNO W2J00 Transit Circle Catalog (VizieR I/334 w2j00sol.dat)
1993-04-12,1993-04-12T23:25:14,2449090.47586,115.4673083333,23.6923166667,113.2077746733,,470,USNO W2J00 compatibility alias,USNO W2J00 Transit Circle Catalog (VizieR I/334 w2j00sol.dat)
1993-04-16,1993-04-16T06:37:34,2449093.77609,116.9871333333,23.3786277778,114.6357150010,,471,USNO W2J00 compatibility alias,USNO W2J00 Transit Circle Catalog (VizieR I/334 w2j00sol.dat)
1993-04-17,1993-04-17T06:35:29,2449094.77465,117.4542250000,23.2797527778,115.0757795124,,472,USNO W2J00 compatibility alias,USNO W2J00 Transit Circle Catalog (VizieR I/334 w2j00sol.dat)
1993-04-18,1993-04-18T06:33:26,2449095.77322,117.9242083333,23.1791527778,115.5191413392,,473,USNO W2J00 compatibility alias,USNO W2J00 Transit Circle Catalog (VizieR I/334 w2j00sol.dat)
1993-04-20,1993-04-20T06:29:22,2449097.77040,118.8732083333,22.9729694444,116.4160886031,,474,USNO W2J00 compatibility alias,USNO W2J00 Transit Circle Catalog (VizieR I/334 w2j00sol.dat)
1993-04-20,1993-04-20T23:08:42,2449098.46438,119.2064333333,22.8991277778,116.7316727860,,475,USNO W2J00 compatibility alias,USNO W2J00 Transit Circle Catalog (VizieR I/334 w2j00sol.dat)
1993-04-23,1993-04-23T06:23:19,2449100.76620,120.3172333333,22.6497333333,117.7856656059,,476,USNO W2J00 compatibility alias,USNO W2J00 Transit Circle Catalog (VizieR I/334 w2j00sol.dat)
1993-04-24,1993-04-24T06:21:20,2449101.76482,120.8039166667,22.5384722222,118.2485190755,,477,USNO W2J00 compatibility alias,USNO W2J00 Transit Circle Catalog (VizieR I/334 w2j00sol.dat)
1993-04-25,1993-04-25T06:19:21,2449102.76344,121.2931000000,22.4252750000,118.7144366635,,478,USNO W2J00 compatibility alias,USNO W2J00 Transit Circle Catalog (VizieR I/334 w2j00sol.dat)
1993-05-08,1993-05-08T05:54:21,2449115.74608,127.8360250000,20.7884694444,125.0129632869,,479,USNO W2J00 compatibility alias,USNO W2J00 Transit Circle Catalog (VizieR I/334 w2j00sol.dat)
1993-05-09,1993-05-09T05:52:27,2449116.74476,128.3509500000,20.6496833333,125.5141722986,,480,USNO W2J00 compatibility alias,USNO W2J00 Transit Circle Catalog (VizieR I/334 w2j00sol.dat)
1993-05-12,1993-05-12T05:46:52,2449119.74088,129.9040833333,20.2224694444,127.0309312421,,481,USNO W2J00 compatibility alias,USNO W2J00 Transit Circle Catalog (VizieR I/334 w2j00sol.dat)
1993-05-13,1993-05-13T05:45:00,2449120.73959,130.4243333333,20.0761750000,127.5407677536,,482,USNO W2J00 compatibility alias,USNO W2J00 Transit Circle Catalog (VizieR I/334 w2j00sol.dat)
1993-05-19,1993-05-19T05:33:57,2449126.73192,133.5706708333,19.1611250000,130.6423977694,,483,USNO W2J00 compatibility alias,USNO W2J00 Transit Circle Catalog (VizieR I/334 w2j00sol.dat)
1993-05-21,1993-05-21T05:30:19,2449128.72939,134.6281000000,18.8414416667,131.6920638137,,484,USNO W2J00 compatibility alias,USNO W2J00 Transit Circle Catalog (VizieR I/334 w2j00sol.dat)
1993-05-22,1993-05-22T05:28:30,2449129.72813,135.1579166667,18.6789805556,132.2193788246,,485,USNO W2J00 compatibility alias,USNO W2J00 Transit Circle Catalog (VizieR I/334 w2j00sol.dat)
1993-05-23,1993-05-23T05:26:40,2449130.72686,135.6889750000,18.5146083333,132.7488639051,,486,USNO W2J00 compatibility alias,USNO W2J00 Transit Circle Catalog (VizieR I/334 w2j00sol.dat)
1993-05-24,1993-05-24T05:24:52,2449131.72561,136.2208916667,18.3485611111,133.2801094418,,487,USNO W2J00 compatibility alias,USNO W2J00 Transit Circle Catalog (VizieR I/334 w2j00sol.dat)
1993-05-28,1993-05-28T05:17:39,2449135.72060,138.3561541667,17.6665333333,135.4222134925,,488,USNO W2J00 compatibility alias,USNO W2J00 Transit Circle Catalog (VizieR I/334 w2j00sol.dat)
1993-05-29,1993-05-29T05:15:52,2449136.71936,138.8917875000,17.4914833333,135.9619964192,,489,USNO W2J00 compatibility alias,USNO W2J00 Transit Circle Catalog (VizieR I/334 w2j00sol.dat)
1993-05-30,1993-05-30T05:14:05,2449137.71812,139.4279625000,17.3149305556,136.5032282309,,490,USNO W2J00 compatibility alias,USNO W2J00 Transit Circle Catalog (VizieR I/334 w2j00sol.dat)
1993-06-03,1993-06-03T05:06:56,2449141.71315,141.5781708333,16.5919611111,138.6833116578,,491,USNO W2J00 compatibility alias,USNO W2J00 Transit Circle Catalog (VizieR I/334 w2j00sol.dat)
1993-06-17,1993-06-17T04:42:08,2449155.69593,149.1618666667,13.8566944444,146.4940466382,,492,USNO W2J00 compatibility alias,USNO W2J00 Transit Circle Catalog (VizieR I/334 w2j00sol.dat)
1994-10-29,1994-10-29T11:42:08,2449654.98760,136.1054625000,18.3157583333,133.1845332937,,493,USNO W2J00 compatibility alias,USNO W2J00 Transit Circle Catalog (VizieR I/334 w2j00sol.dat)
1994-11-03,1994-11-03T11:32:17,2449659.98076,138.5628541667,17.7223722222,135.5936337150,,494,USNO W2J00 compatibility alias,USNO W2J00 Transit Circle Catalog (VizieR I/334 w2j00sol.dat)
1994-11-04,1994-11-04T11:30:15,2449660.97935,139.0406625000,17.6045055556,136.0635133049,,495,USNO W2J00 compatibility alias,USNO W2J00 Transit Circle Catalog (VizieR I/334 w2j00sol.dat)
1994-11-05,1994-11-05T11:28:13,2449661.97793,139.5136541667,17.4871722222,136.5290845238,,496,USNO W2J00 compatibility alias,USNO W2J00 Transit Circle Catalog (VizieR I/334 w2j00sol.dat)
1994-11-07,1994-11-07T11:24:04,2449663.97505,140.4462333333,17.2536055556,137.4483806438,,497,USNO W2J00 compatibility alias,USNO W2J00 Transit Circle Catalog (VizieR I/334 w2j00sol.dat)
1994-11-08,1994-11-08T11:21:58,2449664.97359,140.9052291667,17.1375944444,137.9014884561,,498,USNO W2J00 compatibility alias,USNO W2J00 Transit Circle Catalog (VizieR I/334 w2j00sol.dat)
1994-11-12,1994-11-12T11:13:22,2449668.96762,142.6911208333,16.6814666667,139.6679744009,,499,USNO W2J00 compatibility alias,USNO W2J00 Transit Circle Catalog (VizieR I/334 w2j00sol.dat)
1994-11-14,1994-11-14T11:08:57,2449670.96455,143.5537625000,16.4584527778,140.5232319361,,500,USNO W2J00 compatibility alias,USNO W2J00 Transit Circle Catalog (VizieR I/334 w2j00sol.dat)
1994-11-15,1994-11-15T11:06:43,2449671.96300,143.9771291667,16.3483972222,140.9434364449,,501,USNO W2J00 compatibility alias,USNO W2J00 Transit Circle Catalog (VizieR I/334 w2j00sol.dat)
1994-11-19,1994-11-19T10:57:31,2449675.95661,145.6171083333,15.9202111111,142.5734090301,,502,USNO W2J00 compatibility alias,USNO W2J00 Transit Circle Catalog (VizieR I/334 w2j00sol.dat)
1994-11-20,1994-11-20T10:55:10,2449676.95498,146.0134791667,15.8164250000,142.9678416380,,503,USNO W2J00 compatibility alias,USNO W2J00 Transit Circle Catalog (VizieR I/334 w2j00sol.dat)
1994-11-22,1994-11-22T10:50:23,2449678.95166,146.7885541667,15.6134805556,143.7395465144,,504,USNO W2J00 compatibility alias,USNO W2J00 Transit Circle Catalog (VizieR I/334 w2j00sol.dat)
1994-11-23,1994-11-23T10:47:58,2449679.94998,147.1671791667,15.5142333333,144.1167608192,,505,USNO W2J00 compatibility alias,USNO W2J00 Transit Circle Catalog (VizieR I/334 w2j00sol.dat)
1994-11-24,1994-11-24T10:45:32,2449680.94829,147.5398208333,15.4169694444,144.4880007215,,506,USNO W2J00 compatibility alias,USNO W2J00 Transit Circle Catalog (VizieR I/334 w2j00sol.dat)
1994-11-29,1994-11-29T10:32:55,2449685.93953,149.3081208333,14.9582916667,146.2503155895,,507,USNO W2J00 compatibility alias,USNO W2J00 Transit Circle Catalog (VizieR I/334 w2j00sol.dat)
1994-11-30,1994-11-30T10:30:19,2449686.93773,149.6417916667,14.8729666667,146.5827304001,,508,USNO W2J00 compatibility alias,USNO W2J00 Transit Circle Catalog (VizieR I/334 w2j00sol.dat)
1994-12-01,1994-12-01T10:27:41,2449687.93590,149.9686333333,14.7900333333,146.9082051067,,509,USNO W2J00 compatibility alias,USNO W2J00 Transit Circle Catalog (VizieR I/334 w2j00sol.dat)
1994-12-02,1994-12-02T10:25:02,2449688.93406,150.2884833333,14.7091111111,147.2267156356,,510,USNO W2J00 compatibility alias,USNO W2J00 Transit Circle Catalog (VizieR I/334 w2j00sol.dat)
1994-12-03,1994-12-03T10:22:21,2449689.93219,150.6011416667,14.6307388889,147.5378866486,,511,USNO W2J00 compatibility alias,USNO W2J00 Transit Circle Catalog (VizieR I/334 w2j00sol.dat)
1994-12-07,1994-12-07T10:11:20,2449693.92454,151.7770916667,14.3434000000,148.7062799418,,512,USNO W2J00 compatibility alias,USNO W2J00 Transit Circle Catalog (VizieR I/334 w2j00sol.dat)
1994-12-08,1994-12-08T10:08:29,2449694.92256,152.0519166667,14.2782611111,148.9787668981,,513,USNO W2J00 compatibility alias,USNO W2J00 Transit Circle Catalog (VizieR I/334 w2j00sol.dat)
1994-12-12,1994-12-12T09:56:49,2449698.91446,153.0697458333,14.0482416667,149.9843602661,,514,USNO W2J00 compatibility alias,USNO W2J00 Transit Circle Catalog (VizieR I/334 w2j00sol.dat)
1994-12-20,1994-12-20T09:31:49,2449706.89710,154.6882041667,13.7470027778,151.5612740349,,515,USNO W2J00 compatibility alias,USNO W2J00 Transit Circle Catalog (VizieR I/334 w2j00sol.dat)
1994-12-21,1994-12-21T09:28:32,2449707.89482,154.8480875000,13.7259416667,151.7139555865,,516,USNO W2J00 compatibility alias,USNO W2J00 Transit Circle Catalog (VizieR I/334 w2j00sol.dat)
1994-12-22,1994-12-22T09:25:12,2449708.89250,154.9980208333,13.7086333333,151.8562516972,,517,USNO W2J00 compatibility alias,USNO W2J00 Transit Circle Catalog (VizieR I/334 w2j00sol.dat)
1994-12-23,1994-12-23T09:21:48,2449709.89015,155.1376000000,13.6954944444,151.9876418770,,518,USNO W2J00 compatibility alias,USNO W2J00 Transit Circle Catalog (VizieR I/334 w2j00sol.dat)
1994-12-23,1994-12-23T16:40:03,2449710.19448,155.1779875000,13.6921944444,152.0254772525,,519,USNO W2J00 compatibility alias,USNO W2J00 Transit Circle Catalog (VizieR I/334 w2j00sol.dat)
1994-12-26,1994-12-26T09:11:26,2449712.88294,155.4931916667,13.6808916667,152.3154974501,,520,USNO W2J00 compatibility alias,USNO W2J00 Transit Circle Catalog (VizieR I/334 w2j00sol.dat)
1994-12-26,1994-12-26T16:29:38,2449713.18725,155.5237250000,13.6816277778,152.3429230237,,521,USNO W2J00 compatibility alias,USNO W2J00 Transit Circle Catalog (VizieR I/334 w2j00sol.dat)
1994-12-27,1994-12-27T09:07:54,2449713.88049,155.5898958333,13.6843444444,152.4019481721,,522,USNO W2J00 compatibility alias,USNO W2J00 Transit Circle Catalog (VizieR I/334 w2j00sol.dat)
1994-12-28,1994-12-28T09:04:18,2449714.87799,155.6754291667,13.6927638889,152.4764529573,,523,USNO W2J00 compatibility alias,USNO W2J00 Transit Circle Catalog (VizieR I/334 w2j00sol.dat)
1995-01-01,1995-01-01T16:07:35,2449719.17194,155.9115750000,13.7786388889,152.6592692097,,524,USNO W2J00 compatibility alias,USNO W2J00 Transit Circle Catalog (VizieR I/334 w2j00sol.dat)
1995-01-03,1995-01-03T15:59:51,2449721.16657,155.9454250000,13.8474361111,152.6648632199,,525,USNO W2J00 compatibility alias,USNO W2J00 Transit Circle Catalog (VizieR I/334 w2j00sol.dat)
1995-01-04,1995-01-04T15:55:55,2449722.16384,155.9441916667,13.8886805556,152.6487053888,,526,USNO W2J00 compatibility alias,USNO W2J00 Transit Circle Catalog (VizieR I/334 w2j00sol.dat)
1995-01-05,1995-01-05T08:33:53,2449722.85687,155.9357333333,13.9203388889,152.6294976987,,527,USNO W2J00 compatibility alias,USNO W2J00 Transit Circle Catalog (VizieR I/334 w2j00sol.dat)
1995-01-05,1995-01-05T15:51:55,2449723.16106,155.9301458333,13.9347444444,152.6191828986,,528,USNO W2J00 compatibility alias,USNO W2J00 Transit Circle Catalog (VizieR I/334 w2j00sol.dat)
1995-01-06,1995-01-06T08:29:51,2449723.85407,155.9129625000,13.9694888889,152.5909486254,,529,USNO W2J00 compatibility alias,USNO W2J00 Transit Circle Catalog (VizieR I/334 w2j00sol.dat)
1995-01-06,1995-01-06T15:47:53,2449724.15826,155.9036708333,13.9852416667,152.5767889627,,530,USNO W2J00 compatibility alias,USNO W2J00 Transit Circle Catalog (VizieR I/334 w2j00sol.dat)
1995-01-10,1995-01-10T15:31:14,2449728.14669,155.6700791667,14.2338833333,152.2747013871,,531,USNO W2J00 compatibility alias,USNO W2J00 Transit Circle Catalog (VizieR I/334 w2j00sol.dat)
1995-01-11,1995-01-11T15:26:56,2449729.14371,155.5795708333,14.3075611111,152.1659735713,,532,USNO W2J00 compatibility alias,USNO W2J00 Transit Circle Catalog (VizieR I/334 w2j00sol.dat)
1995-01-12,1995-01-12T15:22:35,2449730.14069,155.4758875000,14.3854722222,152.0438180193,,533,USNO W2J00 compatibility alias,USNO W2J00 Transit Circle Catalog (VizieR I/334 w2j00sol.dat)
1995-01-13,1995-01-13T08:00:16,2449730.83353,155.3960416667,14.4423861111,151.9508940753,,534,USNO W2J00 compatibility alias,USNO W2J00 Transit Circle Catalog (VizieR I/334 w2j00sol.dat)
1995-01-13,1995-01-13T15:18:12,2449731.13764,155.3594208333,14.4679055556,151.9084943463,,535,USNO W2J00 compatibility alias,USNO W2J00 Transit Circle Catalog (VizieR I/334 w2j00sol.dat)
1995-01-14,1995-01-14T15:13:45,2449732.13455,155.2295375000,14.5545527778,151.7595527545,,536,USNO W2J00 compatibility alias,USNO W2J00 Transit Circle Catalog (VizieR I/334 w2j00sol.dat)
1995-01-15,1995-01-15T15:09:14,2449733.13142,155.0871791667,14.6458194444,151.5977096004,,537,USNO W2J00 compatibility alias,USNO W2J00 Transit Circle Catalog (VizieR I/334 w2j00sol.dat)
1995-01-16,1995-01-16T15:04:42,2449734.12827,154.9316000000,14.7407083333,151.4226644095,,538,USNO W2J00 compatibility alias,USNO W2J00 Transit Circle Catalog (VizieR I/334 w2j00sol.dat)
1995-01-17,1995-01-17T07:42:14,2449734.82100,154.8155375000,14.8095250000,151.2928388822,,539,USNO W2J00 compatibility alias,USNO W2J00 Transit Circle Catalog (VizieR I/334 w2j00sol.dat)
1995-01-17,1995-01-17T15:00:05,2449735.12506,154.7632166667,14.8402500000,151.2344336816,,540,USNO W2J00 compatibility alias,USNO W2J00 Transit Circle Catalog (VizieR I/334 w2j00sol.dat)
1995-01-20,1995-01-20T14:45:58,2449738.11526,154.1802333333,15.1612777778,150.5918532947,,541,USNO W2J00 compatibility alias,USNO W2J00 Transit Circle Catalog (VizieR I/334 w2j00sol.dat)
1995-01-25,1995-01-25T07:03:42,2449742.79424,153.0418208333,15.7266888889,149.3615987824,,542,USNO W2J00 compatibility alias,USNO W2J00 Transit Circle Catalog (VizieR I/334 w2j00sol.dat)
1995-01-26,1995-01-26T06:58:40,2449743.79075,152.7657958333,15.8555388889,149.0667076700,,543,USNO W2J00 compatibility alias,USNO W2J00 Transit Circle Catalog (VizieR I/334 w2j00sol.dat)
1995-01-27,1995-01-27T06:53:35,2449744.78722,152.4782000000,15.9865194444,148.7607997012,,544,USNO W2J00 compatibility alias,USNO W2J00 Transit Circle Catalog (VizieR I/334 w2j00sol.dat)
1995-01-29,1995-01-29T14:00:59,2449747.08402,151.7755750000,16.2965305556,148.0177352173,,545,USNO W2J00 compatibility alias,USNO W2J00 Transit Circle Catalog (VizieR I/334 w2j00sol.dat)
1995-01-31,1995-01-31T06:32:52,2449748.77283,151.2236583333,16.5303583333,147.4382066928,,546,USNO W2J00 compatibility alias,USNO W2J00 Transit Circle Catalog (VizieR I/334 w2j00sol.dat)
1995-02-01,1995-02-01T06:27:35,2449749.76916,150.8862333333,16.6696361111,147.0855020846,,547,USNO W2J00 compatibility alias,USNO W2J00 Transit Circle Catalog (VizieR I/334 w2j00sol.dat)
1995-02-06,1995-02-06T13:18:21,2449755.05441,148.9707875000,17.4142111111,145.1036315488,,548,USNO W2J00 compatibility alias,USNO W2J00 Transit Circle Catalog (VizieR I/334 w2j00sol.dat)
1995-02-08,1995-02-08T13:07:26,2449757.04684,148.2066500000,17.6911305556,144.3218716599,,549,USNO W2J00 compatibility alias,USNO W2J00 Transit Circle Catalog (VizieR I/334 w2j00sol.dat)
1995-02-09,1995-02-09T13:01:56,2449758.04302,147.8187166667,17.8274472222,143.9268517762,,550,USNO W2J00 compatibility alias,USNO W2J00 Transit Circle Catalog (VizieR I/334 w2j00sol.dat)
1995-02-10,1995-02-10T12:56:28,2449759.03922,147.4282041667,17.9624777778,143.5302182347,,551,USNO W2J00 compatibility alias,USNO W2J00 Transit Circle Catalog (VizieR I/334 w2j00sol.dat)
1995-02-12,1995-02-12T12:45:28,2449761.03158,146.6413250000,18.2260638889,142.7346712753,,552,USNO W2J00 compatibility alias,USNO W2J00 Transit Circle Catalog (VizieR I/334 w2j00sol.dat)
1995-02-13,1995-02-13T12:39:57,2449762.02775,146.2469625000,18.3541111111,142.3377152755,,553,USNO W2J00 compatibility alias,USNO W2J00 Transit Circle Catalog (VizieR I/334 w2j00sol.dat)
1995-02-14,1995-02-14T12:34:27,2449763.02393,145.8525041667,18.4796083333,141.9417769599,,554,USNO W2J00 compatibility alias,USNO W2J00 Transit Circle Catalog (VizieR I/334 w2j00sol.dat)
1995-02-15,1995-02-15T12:28:57,2449764.02011,145.4588375000,18.6021111111,141.5477905348,,555,USNO W2J00 compatibility alias,USNO W2J00 Transit Circle Catalog (VizieR I/334 w2j00sol.dat)
1995-02-16,1995-02-16T12:23:27,2449765.01629,145.0668000000,18.7214277778,141.1565588962,,556,USNO W2J00 compatibility alias,USNO W2J00 Transit Circle Catalog (VizieR I/334 w2j00sol.dat)
1995-02-23,1995-02-23T04:27:46,2449771.68595,142.5345291667,19.4262250000,138.6562790049,,557,USNO W2J00 compatibility alias,USNO W2J00 Transit Circle Catalog (VizieR I/334 w2j00sol.dat)
1995-02-24,1995-02-24T11:40:03,2449772.98615,142.0717375000,19.5417083333,138.2045119060,,558,USNO W2J00 compatibility alias,USNO W2J00 Transit Circle Catalog (VizieR I/334 w2j00sol.dat)
1995-02-25,1995-02-25T11:34:44,2449773.98246,141.7249666667,19.6250527778,137.8671703323,,559,USNO W2J00 compatibility alias,USNO W2J00 Transit Circle Catalog (VizieR I/334 w2j00sol.dat)
1995-02-26,1995-02-26T11:29:27,2449774.97879,141.3867583333,19.7039583333,137.5390327355,,560,USNO W2J00 compatibility alias,USNO W2J00 Transit Circle Catalog (VizieR I/334 w2j00sol.dat)
1995-03-02,1995-03-02T03:51:00,2449778.66042,140.2179625000,19.9540138889,136.4129433915,,561,USNO W2J00 compatibility alias,USNO W2J00 Transit Circle Catalog (VizieR I/334 w2j00sol.dat)
1995-03-02,1995-03-02T11:08:43,2449778.96439,140.1281708333,19.9715500000,136.3269981833,,562,USNO W2J00 compatibility alias,USNO W2J00 Transit Circle Catalog (VizieR I/334 w2j00sol.dat)
1995-03-05,1995-03-05T10:53:36,2449781.95389,139.2961500000,20.1219500000,135.5345754641,,563,USNO W2J00 compatibility alias,USNO W2J00 Transit Circle Catalog (VizieR I/334 w2j00sol.dat)
1995-03-07,1995-03-07T03:25:58,2449783.64304,138.8727541667,20.1880305556,135.1346464497,,564,USNO W2J00 compatibility alias,USNO W2J00 Transit Circle Catalog (VizieR I/334 w2j00sol.dat)
1995-03-07,1995-03-07T10:43:45,2449783.94705,138.8008583333,20.1983777778,135.0670055449,,565,USNO W2J00 compatibility alias,USNO W2J00 Transit Circle Catalog (VizieR I/334 w2j00sol.dat)
1995-03-08,1995-03-08T10:38:54,2449784.94369,138.5715416667,20.2294527778,134.8518483798,,566,USNO W2J00 compatibility alias,USNO W2J00 Transit Circle Catalog (VizieR I/334 w2j00sol.dat)
1995-03-10,1995-03-10T03:11:32,2449786.63302,138.2117666667,20.2715277778,134.5163015597,,567,USNO W2J00 compatibility alias,USNO W2J00 Transit Circle Catalog (VizieR I/334 w2j00sol.dat)
1995-03-11,1995-03-11T03:06:50,2449787.62975,138.0169916667,20.2904388889,134.3357944058,,568,USNO W2J00 compatibility alias,USNO W2J00 Transit Circle Catalog (VizieR I/334 w2j00sol.dat)
1995-03-11,1995-03-11T10:24:41,2449787.93381,137.9604916667,20.2952611111,134.2836290727,,569,USNO W2J00 compatibility alias,USNO W2J00 Transit Circle Catalog (VizieR I/334 w2j00sol.dat)
1995-03-12,1995-03-12T03:02:10,2449788.62651,137.8352958333,20.3046138889,134.1684299757,,570,USNO W2J00 compatibility alias,USNO W2J00 Transit Circle Catalog (VizieR I/334 w2j00sol.dat)
1995-03-14,1995-03-14T02:53:01,2449790.62016,137.5112250000,20.3198888889,133.8728417138,,571,USNO W2J00 compatibility alias,USNO W2J00 Transit Circle Catalog (VizieR I/334 w2j00sol.dat)
1995-03-14,1995-03-14T10:10:55,2449790.92425,137.4667666667,20.3209500000,133.8325901732,,572,USNO W2J00 compatibility alias,USNO W2J00 Transit Circle Catalog (VizieR I/334 w2j00sol.dat)
1995-03-15,1995-03-15T02:48:32,2449791.61704,137.3690166667,20.3212111111,133.7446926230,,573,USNO W2J00 compatibility alias,USNO W2J00 Transit Circle Catalog (VizieR I/334 w2j00sol.dat)
1995-03-16,1995-03-16T02:44:05,2449792.61395,137.2398041667,20.3182972222,133.6294439031,,574,USNO W2J00 compatibility alias,USNO W2J00 Transit Circle Catalog (VizieR I/334 w2j00sol.dat)
1995-03-17,1995-03-17T02:39:41,2449793.61090,137.1233250000,20.3114416667,133.5267713880,,575,USNO W2J00 compatibility alias,USNO W2J00 Transit Circle Catalog (VizieR I/334 w2j00sol.dat)
1995-03-17,1995-03-17T09:57:37,2449793.91502,137.0909708333,20.3087083333,133.4984907657,,576,USNO W2J00 compatibility alias,USNO W2J00 Transit Circle Catalog (VizieR I/334 w2j00sol.dat)
1995-03-18,1995-03-18T02:35:20,2449794.60788,137.0205458333,20.3005194444,133.4375799244,,577,USNO W2J00 compatibility alias,USNO W2J00 Transit Circle Catalog (VizieR I/334 w2j00sol.dat)
1995-03-18,1995-03-18T09:53:17,2449794.91201,136.9919625000,20.2966055556,133.4130272934,,578,USNO W2J00 compatibility alias,USNO W2J00 Transit Circle Catalog (VizieR I/334 w2j00sol.dat)
1995-03-19,1995-03-19T02:31:02,2449795.60489,136.9306666667,20.2856444444,133.3611175603,,579,USNO W2J00 compatibility alias,USNO W2J00 Transit Circle Catalog (VizieR I/334 w2j00sol.dat)
1995-03-19,1995-03-19T09:49:01,2449795.90904,136.9059458333,20.2805138889,133.3403861298,,580,USNO W2J00 compatibility alias,USNO W2J00 Transit Circle Catalog (VizieR I/334 w2j00sol.dat)
1995-03-22,1995-03-22T02:18:29,2449798.59617,136.7380500000,20.2183666667,133.2074723127,,581,USNO W2J00 compatibility alias,USNO W2J00 Transit Circle Catalog (VizieR I/334 w2j00sol.dat)
1995-03-22,1995-03-22T09:36:30,2449798.90035,136.7247583333,20.2096916667,133.1980357816,,582,USNO W2J00 compatibility alias,USNO W2J00 Transit Circle Catalog (VizieR I/334 w2j00sol.dat)
1995-03-23,1995-03-23T02:14:24,2449799.59334,136.6991041667,20.1882500000,133.1811835672,,583,USNO W2J00 compatibility alias,USNO W2J00 Transit Circle Catalog (VizieR I/334 w2j00sol.dat)
1995-03-25,1995-03-25T02:06:22,2449801.58776,136.6594500000,20.1179972222,133.1658963629,,584,USNO W2J00 compatibility alias,USNO W2J00 Transit Circle Catalog (VizieR I/334 w2j00sol.dat)
1995-03-26,1995-03-26T02:02:26,2449802.58503,136.6580750000,20.0776583333,133.1763690920,,585,USNO W2J00 compatibility alias,USNO W2J00 Transit Circle Catalog (VizieR I/334 w2j00sol.dat)
1995-03-27,1995-03-27T09:16:38,2449803.88656,136.6744875000,20.0200138889,133.2078854416,,586,USNO W2J00 compatibility alias,USNO W2J00 Transit Circle Catalog (VizieR I/334 w2j00sol.dat)
1995-03-30,1995-03-30T09:05:17,2449806.87868,136.7892833333,19.8660694444,133.3560557484,,587,USNO W2J00 compatibility alias,USNO W2J00 Transit Circle Catalog (VizieR I/334 w2j00sol.dat)
1995-03-31,1995-03-31T09:01:36,2449807.87612,136.8510625000,19.8083027778,133.4285555858,,588,USNO W2J00 compatibility alias,USNO W2J00 Transit Circle Catalog (VizieR I/334 w2j00sol.dat)
1995-04-01,1995-04-01T01:39:49,2449808.56932,136.9009208333,19.7662388889,133.4857597350,,589,USNO W2J00 compatibility alias,USNO W2J00 Transit Circle Catalog (VizieR I/334 w2j00sol.dat)
1995-04-02,1995-04-02T01:36:13,2449809.56682,136.9817791667,19.7033805556,133.5770037417,,590,USNO W2J00 compatibility alias,USNO W2J00 Transit Circle Catalog (VizieR I/334 w2j00sol.dat)
1995-04-03,1995-04-03T01:32:38,2449810.56434,137.0733791667,19.6375444444,133.6788483609,,591,USNO W2J00 compatibility alias,USNO W2J00 Transit Circle Catalog (VizieR I/334 w2j00sol.dat)
1995-04-04,1995-04-04T01:29:07,2449811.56189,137.1761083333,19.5688777778,133.7916107619,,592,USNO W2J00 compatibility alias,USNO W2J00 Transit Circle Catalog (VizieR I/334 w2j00sol.dat)
1995-04-06,1995-04-06T01:22:12,2449813.55709,137.4133958333,19.4226583333,134.0486424548,,593,USNO W2J00 compatibility alias,USNO W2J00 Transit Circle Catalog (VizieR I/334 w2j00sol.dat)
1995-04-06,1995-04-06T08:40:25,2449813.86141,137.4527875000,19.3996083333,134.0909775861,,594,USNO W2J00 compatibility alias,USNO W2J00 Transit Circle Catalog (VizieR I/334 w2j00sol.dat)
1995-04-07,1995-04-07T01:18:47,2449814.55472,137.5472833333,19.3455416667,134.1922007173,,595,USNO W2J00 compatibility alias,USNO W2J00 Transit Circle Catalog (VizieR I/334 w2j00sol.dat)
1995-04-08,1995-04-08T01:15:27,2449815.55240,137.6912666667,19.2655694444,134.3457962950,,596,USNO W2J00 compatibility alias,USNO W2J00 Transit Circle Catalog (VizieR I/334 w2j00sol.dat)
1995-04-08,1995-04-08T08:33:42,2449815.85674,137.7367291667,19.2409944444,134.3941117602,,597,USNO W2J00 compatibility alias,USNO W2J00 Transit Circle Catalog (VizieR I/334 w2j00sol.dat)
1995-04-12,1995-04-12T08:20:42,2449819.84771,138.4191875000,18.8919388889,135.1144417780,,598,USNO W2J00 compatibility alias,USNO W2J00 Transit Circle Catalog (VizieR I/334 w2j00sol.dat)
1995-04-15,1995-04-15T08:11:18,2449822.84119,139.0238125000,18.6039944444,135.7475986405,,599,USNO W2J00 compatibility alias,USNO W2J00 Transit Circle Catalog (VizieR I/334 w2j00sol.dat)
1995-04-16,1995-04-16T00:49:54,2449823.53466,139.1751791667,18.5338916667,135.9056934457,,600,USNO W2J00 compatibility alias,USNO W2J00 Transit Circle Catalog (VizieR I/334 w2j00sol.dat)
1995-04-17,1995-04-17T00:46:53,2449824.53256,139.3990500000,18.4315666667,136.1392330893,,601,USNO W2J00 compatibility alias,USNO W2J00 Transit Circle Catalog (VizieR I/334 w2j00sol.dat)
1995-04-19,1995-04-19T00:40:53,2449826.52840,139.8699458333,18.2196083333,136.6299561613,,602,USNO W2J00 compatibility alias,USNO W2J00 Transit Circle Catalog (VizieR I/334 w2j00sol.dat)
1995-04-20,1995-04-20T00:37:56,2449827.52635,140.1168500000,18.1103027778,136.8869527576,,603,USNO W2J00 compatibility alias,USNO W2J00 Transit Circle Catalog (VizieR I/334 w2j00sol.dat)
1995-04-22,1995-04-22T00:32:08,2449829.52232,140.6321583333,17.8847388889,137.4230823297,,604,USNO W2J00 compatibility alias,USNO W2J00 Transit Circle Catalog (VizieR I/334 w2j00sol.dat)
1995-04-23,1995-04-23T00:29:16,2449830.52033,140.9003666667,17.7687083333,137.7019891824,,605,USNO W2J00 compatibility alias,USNO W2J00 Transit Circle Catalog (VizieR I/334 w2j00sol.dat)
1995-04-28,1995-04-28T07:33:48,2449835.81514,142.4331708333,17.1162250000,139.2961795380,,606,USNO W2J00 compatibility alias,USNO W2J00 Transit Circle Catalog (VizieR I/334 w2j00sol.dat)
1995-04-29,1995-04-29T07:31:05,2449836.81326,142.7419875000,16.9864166667,139.6175499352,,607,USNO W2J00 compatibility alias,USNO W2J00 Transit Circle Catalog (VizieR I/334 w2j00sol.dat)
1995-05-03,1995-05-03T07:20:31,2449840.80592,144.0350208333,16.4462583333,140.9645144433,,608,USNO W2J00 compatibility alias,USNO W2J00 Transit Circle Catalog (VizieR I/334 w2j00sol.dat)
1995-05-08,1995-05-08T07:07:47,2449845.79708,145.7697625000,15.7254694444,142.7762634164,,609,USNO W2J00 compatibility alias,USNO W2J00 Transit Circle Catalog (VizieR I/334 w2j00sol.dat)
1995-05-10,1995-05-10T07:02:48,2449847.79362,146.4968791667,15.4234638889,143.5375426218,,610,USNO W2J00 compatibility alias,USNO W2J00 Transit Circle Catalog (VizieR I/334 w2j00sol.dat)
1995-05-12,1995-05-12T06:57:55,2449849.79023,147.2416375000,15.1139527778,144.3184854827,,611,USNO W2J00 compatibility alias,USNO W2J00 Transit Circle Catalog (VizieR I/334 w2j00sol.dat)
1995-05-13,1995-05-13T06:55:30,2449850.78855,147.6202125000,14.9565972222,144.7158927802,,612,USNO W2J00 compatibility alias,USNO W2J00 Transit Circle Catalog (VizieR I/334 w2j00sol.dat)
1995-05-16,1995-05-16T06:48:20,2449853.78357,148.7795875000,14.4726666667,145.9353904277,,613,USNO W2J00 compatibility alias,USNO W2J00 Transit Circle Catalog (VizieR I/334 w2j00sol.dat)
1995-05-18,1995-05-18T06:43:37,2449855.78030,149.5710375000,14.1413305556,146.7697077935,,614,USNO W2J00 compatibility alias,USNO W2J00 Transit Circle Catalog (VizieR I/334 w2j00sol.dat)
1995-05-19,1995-05-19T06:41:17,2449856.77868,149.9723916667,13.9728666667,147.1934020730,,615,USNO W2J00 compatibility alias,USNO W2J00 Transit Circle Catalog (VizieR I/334 w2j00sol.dat)
1995-05-20,1995-05-20T06:38:58,2449857.77707,150.3767750000,13.8026666667,147.6207563914,,616,USNO W2J00 compatibility alias,USNO W2J00 Transit Circle Catalog (VizieR I/334 w2j00sol.dat)
1995-05-22,1995-05-22T06:34:23,2449859.77388,151.1958791667,13.4569027778,148.4876551036,,617,USNO W2J00 compatibility alias,USNO W2J00 Transit Circle Catalog (VizieR I/334 w2j00sol.dat)
1995-05-25,1995-05-25T06:27:35,2449862.76916,152.4491416667,12.9254388889,149.8172022192,,618,USNO W2J00 compatibility alias,USNO W2J00 Transit Circle Catalog (VizieR I/334 w2j00sol.dat)
1995-05-30,1995-05-30T06:16:31,2449867.76147,154.5984291667,12.0054277778,152.1065590756,,619,USNO W2J00 compatibility alias,USNO W2J00 Transit Circle Catalog (VizieR I/334 w2j00sol.dat)
1995-05-31,1995-05-31T06:14:19,2449868.75995,155.0364000000,11.8165083333,152.5745120860,,620,USNO W2J00 compatibility alias,USNO W2J00 Transit Circle Catalog (VizieR I/334 w2j00sol.dat)
1995-06-01,1995-06-01T06:12:09,2449869.75844,155.4777000000,11.6260027778,153.0463812883,,621,USNO W2J00 compatibility alias,USNO W2J00 Transit Circle Catalog (VizieR I/334 w2j00sol.dat)
1995-06-08,1995-06-08T05:57:12,2449876.74806,158.6343583333,10.2485500000,156.4355828359,,622,USNO W2J00 compatibility alias,USNO W2J00 Transit Circle Catalog (VizieR I/334 w2j00sol.dat)
1995-06-13,1995-06-13T05:46:48,2449881.74084,160.9562375000,9.2202055556,158.9429436579,,623,USNO W2J00 compatibility alias,USNO W2J00 Transit Circle Catalog (VizieR I/334 w2j00sol.dat)
